publish_date,headline_category,headline_text,commodity,sentiment_positive,sentiment_neutral,sentiment_negative,sentiment_label,price_direction_override_applied
2013-07-03,tv.news.hindi,Shah Rukh Khan wins onion cutting competition,Onion,0.26284074783325195,0.6986299157142639,0.03852933645248413,neutral,False
2013-07-05,city.nashik,Onion prices shoot up by 52% in a month,Onion,0.01952258124947548,0.0595843642950058,0.920893132686615,negative,True
2013-07-10,city.nashik,Wholesale onion prices up by 15% in five days; cross Rs 2;000 a quintal mark,Onion,0.016516199335455894,0.03299503028392792,0.9504887461662292,negative,True
2013-07-14,city.pune,Onion prices likely to go up to 30 per kg,Onion,0.024278674274683,0.3736145794391632,0.6021067500114441,negative,True
2013-07-15,business.india-business,Inflation rises to 4.86% in June; onion prices shoot up by 114%,Onion,0.02565140649676323,0.035683147609233856,0.9386654496192932,negative,True
2013-07-17,city.ludhiana,Rising onion prices bring tears to residents eyes,Onion,0.04379018768668175,0.06511516124010086,0.8910946249961853,negative,False
2013-07-18,city.goa,Now; onion prices can also make you cry,Onion,0.04408985376358032,0.612353503704071,0.343556672334671,neutral,False
2013-07-19,city.nashik,Lasalgaon onion market to be shut for four days,Onion,0.018778866156935692,0.221220925450325,0.7600002288818359,negative,False
2013-07-19,city.delhi,Onion getting costlier by the day,Onion,0.5560392141342163,0.3377304673194885,0.10623028129339218,positive,False
2013-07-23,city.pune,Tomato; onion prices stay on the higher side,Onion,0.22515042126178741,0.7480558156967163,0.026793772354722023,neutral,False
2013-07-24,city.nashik,Onion prices decline marginally,Onion,0.4687725901603699,0.03350143879652023,0.4977259933948517,negative,False
2013-07-24,business.india-business,Sharad Pawar not in favour of onion export ban,Onion,0.11644570529460907,0.8310542106628418,0.05250011757016182,neutral,False
2013-07-24,city.ahmedabad,Onion prices rise once more,Onion,0.3388192653656006,0.37840014696121216,0.28278061747550964,neutral,False
2013-07-27,city.hyderabad,Onion prices likely to shoot further,Onion,0.3627612888813019,0.24303212761878967,0.39420655369758606,negative,True
2013-07-27,city.visakhapatnam,Onion prices bring tears to people of Visakhapatnam,Onion,0.02284691110253334,0.13061141967773438,0.8465416431427002,negative,False
2013-08-06,city.nashik,Onion prices rise by over 32% in a week,Onion,0.02509656548500061,0.14401252567768097,0.8308908939361572,negative,True
2013-08-07,city.nashik,Dry spell may lead to increase in onion supply,Onion,0.018062936142086983,0.03321246802806854,0.948724627494812,negative,False
2013-08-07,city.patna,At Rs 38/kg; onion brings tears; literally,Onion,0.1382870227098465,0.8046694397926331,0.05704360455274582,neutral,False
2013-08-08,city.nashik,Wholesale prices of onion fall marginally at Agriculture Produce Market Committees,Onion,0.04464234784245491,0.1695975810289383,0.7857601046562195,negative,False
2013-08-08,city.bhubaneswar,Onion price soars in Bhubaneswar,Onion,0.1808975785970688,0.23388135433197021,0.585220992565155,negative,True
2013-08-09,city.nashik,Onion prices soar; touch new high,Onion,0.02194877713918686,0.14521995186805725,0.8328312635421753,negative,True
2013-08-11,city.goa,Onion prices make buyers cry again,Onion,0.06410442292690277,0.5351928472518921,0.40070274472236633,neutral,False
2013-08-11,city.mumbai,Onion prices hit record high of 50 per kg,Onion,0.8242638111114502,0.14964573085308075,0.02609049156308174,positive,False
2013-08-11,city.delhi,Onion prices soars to Rs 60 per kg in Delhi's retail market,Onion,0.019852811470627785,0.21721722185611725,0.7629299759864807,negative,True
2013-08-12,city.delhi,Onion touches Rs 60/kg,Onion,0.13957031071186066,0.8179831504821777,0.042446501553058624,neutral,False
2013-08-13,city.ahmedabad,Onion consumption in city drops by 30-40%,Onion,0.008681018836796284,0.026570366695523262,0.9647485017776489,negative,False
2013-08-13,city.ahmedabad,Onion prices become pungent,Onion,0.02527197264134884,0.4712716042995453,0.5034564733505249,negative,False
2013-08-13,city.bhubaneswar,Onion price skyrockets,Onion,0.06885500252246857,0.41060036420822144,0.5205446481704712,negative,False
2013-08-13,city.lucknow,Short supply from Maharashtra; onion at Rs 60 per kg,Onion,0.04330986738204956,0.49056223034858704,0.46612784266471863,neutral,False
2013-08-13,city.pune,At Rs 70/kg; onion prices soar to 3-year high in Pune,Onion,0.026442697271704674,0.04498719424009323,0.928570032119751,negative,True
2013-08-13,city.mangaluru,Onion; green chilly prices head north,Onion,0.25551560521125793,0.6547774076461792,0.08970697224140167,neutral,False
2013-08-13,city.delhi,Onion prices soar; selling at up to Rs 80/kg,Onion,0.021621963009238243,0.15905213356018066,0.8193259239196777,negative,True
2013-08-13,city.nashik,Wholesale onion prices soar to all-time high in Lasalgaon,Onion,0.018924696370959282,0.052407242357730865,0.9286680221557617,negative,True
2013-08-13,city.mumbai,Onion prices shoot up to Rs 60 per kg,Onion,0.017238887026906013,0.28523626923561096,0.6975248456001282,negative,True
2013-08-14,city.mumbai,Maharashtra blames farmers for onion tears,Onion,0.023351266980171204,0.18637771904468536,0.7902710437774658,negative,False
2013-08-14,city.patna,Skyrocketing onion prices bring tears; literally!,Onion,0.03228221461176872,0.3823757469654083,0.5853420495986938,negative,False
2013-08-14,city.delhi,CM seeks cut in onion export,Onion,0.09325231611728668,0.18581892549991608,0.7209286689758301,negative,False
2013-08-14,city.kolkata,Onion may touch Rs 100/kg by Durga Puja in Kolkata,Onion,0.2210342288017273,0.7289925217628479,0.0499732680618763,neutral,False
2013-08-14,city.bhubaneswar,Teary eyes over onion price,Onion,0.12592454254627228,0.49113941192626953,0.3829360902309418,neutral,False
2013-08-14,city.chandigarh,Weep away as onion prices hit Rs 60 mark,Onion,0.150493323802948,0.15756100416183472,0.6919457316398621,negative,False
2013-08-14,city.jaipur,Vegetable prices too soar after onion,Onion,0.06122198328375816,0.4555845558643341,0.4831934869289398,negative,False
2013-08-14,city.ranchi,Radish replaces expensive onion on hotel platters,Onion,0.07091221958398819,0.7541105151176453,0.17497724294662476,neutral,False
2013-08-15,city.nashik,Onion prices stabilise at Lasalgaon,Onion,0.8696995377540588,0.10217759758234024,0.0281227994710207,positive,False
2013-08-15,city.mumbai,Onion rates stabilize for first time in a week,Onion,0.5372878313064575,0.10667221993207932,0.35603994131088257,positive,False
2013-08-15,city.bhubaneswar,Suspend export of onion: CM,Onion,0.027947908267378807,0.8627973794937134,0.10925465077161789,neutral,False
2013-08-15,city.allahabad,BJP protests against onion prices,Onion,0.05399547517299652,0.2700772285461426,0.6759272813796997,negative,False
2013-08-15,city.pune,Onion price hovers around 80/kg; brace to pay more,Onion,0.08584684878587723,0.8789782524108887,0.03517487272620201,neutral,False
2013-08-15,city.varanasi,Encourage Vindhya farmers to grow kharif onion: Scientist,Onion,0.15971525013446808,0.8311402797698975,0.009144478477537632,neutral,False
2013-08-16,city.delhi,Pricey onion cut down to size,Onion,0.09996949881315231,0.17457929253578186,0.7254512310028076,negative,False
2013-08-17,city.pune,Onion supply dips further; price to go up,Onion,0.04629296436905861,0.023854941129684448,0.9298521280288696,negative,False
2013-08-17,city.mumbai,Onion defies pricing logic; scales Rs 80 in slum pockets but stays at Rs 60 elsewhere,Onion,0.02783946692943573,0.24698138236999512,0.725179135799408,negative,False
2013-08-17,india,Hoarding pushing onion prices up; govt finds,Onion,0.07709654420614243,0.04407273977994919,0.8788307309150696,negative,False
2013-08-17,city.delhi,Onion price chopped to Rs 50 in Delhi,Onion,0.213886097073555,0.7320350408554077,0.054078880697488785,neutral,False
2013-08-18,city.nashik,Onion auction on in Lasalgaon during weekend; prices drop marginally,Onion,0.015348556451499462,0.01678602397441864,0.9678653478622437,negative,False
2013-08-19,city.kolkata,Our onion sells cheap in Bangla,Onion,0.20920459926128387,0.7724495530128479,0.01834588497877121,neutral,False
2013-08-19,india,Can't predict when onion prices will ease; Sharad Pawar says,Onion,0.21089984476566315,0.6606273651123047,0.12847281992435455,neutral,False
2013-08-20,city.hyderabad,Onion prices to drop with supply boost,Onion,0.033365070819854736,0.03420661389827728,0.9324284195899963,negative,False
2013-08-20,india,Sheila hits back; slams rivals for onion 'gimmick',Onion,0.04458798095583916,0.17517025768756866,0.7802417874336243,negative,False
2013-08-20,city.mysuru,Rising onion price makes hoteliers cry in Mysore,Onion,0.0676189735531807,0.08988121151924133,0.8424997925758362,negative,False
2013-08-20,city.nashik,Onion prices fall 20 at Lasalgaon,Onion,0.023323677480220795,0.026429757475852966,0.9502466320991516,negative,False
2013-08-20,city.pune,Small eateries charge for extra onion in Pune,Onion,0.07140027731657028,0.9074652791023254,0.021134477108716965,neutral,False
2013-08-20,city.jaipur,Robbers escape with truck carrying onion; recovered after 2 hours,Onion,0.08624988794326782,0.3198680579662323,0.5938820838928223,negative,False
2013-08-20,city.jaipur,Onion to be sold for Rs 35 from cooperative stores,Onion,0.04570024088025093,0.9369007349014282,0.01739901676774025,neutral,False
2013-08-20,business.india-business,Onion prices show signs of cooling,Onion,0.5226399898529053,0.09007366001605988,0.38728630542755127,positive,False
2013-08-20,india,Lok Sabha adjourned thrice on onion price; Telangana; coalgate,Onion,0.013975453563034534,0.18139617145061493,0.8046284317970276,negative,False
2013-08-21,city.ludhiana,Netizens' take on 'exotic' onion,Onion,0.05290699005126953,0.5549711585044861,0.392121821641922,neutral,False
2013-08-21,city.chandigarh,Onion story not that much of a tearjerker,Onion,0.03707078844308853,0.892105758190155,0.07082340866327286,neutral,False
2013-08-22,city.hyderabad,Onion touches Rs 80 in Vizag,Onion,0.3398732841014862,0.5285232067108154,0.13160355389118195,neutral,False
2013-08-22,city.jaipur,Soaring onion prices bring tears to cultivators,Onion,0.03675944358110428,0.04974142089486122,0.9134991765022278,negative,False
2013-08-22,city.jaipur,As onion prices soar; kachoris become bitter,Onion,0.06578737497329712,0.8671085834503174,0.06710397452116013,neutral,False
2013-08-22,city.ludhiana,Onion story not that much of a tearjerker,Onion,0.03707078844308853,0.892105758190155,0.07082340866327286,neutral,False
2013-08-22,city.visakhapatnam,Onion price touches Rs 80 in parts of Visakhapatnam,Onion,0.1657751500606537,0.7807426452636719,0.05348219349980354,neutral,False
2013-08-23,city.goa,Tears of joy as onion prices drop,Onion,0.1808030754327774,0.7190223336219788,0.10017459839582443,neutral,False
2013-08-23,city.delhi,Government to sell onion at Rs 40 onions,Onion,0.06611676514148712,0.9210211634635925,0.012862065806984901,neutral,False
2013-08-23,city.nashik,Marginal decline in onion prices at Lasalgaon Agriculture Produce Market Committee,Onion,0.02463442273437977,0.015890609472990036,0.9594749808311462,negative,False
2013-08-23,city.nashik,Onion import decision wrong: Experts,Onion,0.03306436538696289,0.14542466402053833,0.8215109705924988,negative,False
2013-08-23,city.nashik,Fire destroys 300 quintals of onion gutted,Onion,0.019880594685673714,0.31333038210868835,0.6667889952659607,negative,False
2013-08-24,india,Onion traders made Rs 150 crore in four days,Onion,0.10229001194238663,0.8564817905426025,0.041228167712688446,neutral,False
2013-08-25,india,States ignored Nafed's June offer to book onion stocks,Onion,0.06594390422105789,0.2568972706794739,0.677158772945404,negative,False
2013-08-25,city.jaipur,Robbers escape with truck carrying onion in Nagaur,Onion,0.059071753174066544,0.3300947844982147,0.610833466053009,negative,False
2013-08-26,city.nagpur,Arrivals from Andhra ease onion rates,Onion,0.2543524503707886,0.21660467982292175,0.5290428996086121,negative,False
2013-08-26,city.aurangabad,As onion prices rise hotels switch to cucumber carrot for complimentary items,Onion,0.04932533949613571,0.9090093970298767,0.041665297001600266,neutral,False
2013-08-28,city.patna,Stopped eating onion? Doctors advise otherwise,Onion,0.08522781729698181,0.8268318772315979,0.08794032782316208,neutral,False
2013-08-28,city.delhi,BJP's onion attack in House fails to rattle govt,Onion,0.1157626062631607,0.19271905720233917,0.6915183663368225,negative,False
2013-08-28,city.mumbai,Onion festoons at dahi handi to focus on inflation,Onion,0.04754290357232094,0.8634014129638672,0.0890556052327156,neutral,False
2013-08-29,city.nashik,Largest onion market halts auction,Onion,0.01613633893430233,0.2186659276485443,0.76519775390625,negative,False
2013-08-30,business.india-business,Onion auction resumes in Lasalgaon,Onion,0.029053958132863045,0.9283879399299622,0.04255805164575577,neutral,False
2013-08-30,city.delhi,HC directs govt to check onion price,Onion,0.05648486688733101,0.8860301375389099,0.05748497322201729,neutral,False
2013-09-01,city.kanpur,District magistrates ordered to to check onion price hike,Onion,0.045429777354002,0.21658176183700562,0.7379884123802185,negative,False
2013-09-03,city.pune,Onion prices likely to drop in two weeks,Onion,0.014798098243772984,0.04209079593420029,0.9431111812591553,negative,False
2013-09-06,city.nagpur,Onion selling at Rs 60 per kg in retail markets,Onion,0.06527642905712128,0.9061340689659119,0.028589460998773575,neutral,False
2013-09-08,city.mumbai,Onion prices to stay high till Sept end,Onion,0.6447269916534424,0.3403383791446686,0.014934615232050419,positive,False
2013-09-08,city.nashik,Govt's stand on onion's status helps hoarding,Onion,0.5896000266075134,0.34507495164871216,0.06532500684261322,positive,False
2013-09-11,city.nashik,Onion prices stay at Rs 4;300 per quintal,Onion,0.029430914670228958,0.9323678612709045,0.03820125013589859,neutral,False
2013-09-12,city.nashik,Onion prices continue to rise at Lasalgaon,Onion,0.03060208074748516,0.036065489053726196,0.9333325028419495,negative,True
2013-09-14,city.nashik,Onion prices hit all-time high at Lasalgaon,Onion,0.9260251522064209,0.051828645169734955,0.022146115079522133,positive,False
2013-09-17,business.india-business,Onion prices soar to Rs 5;300 a quintal in Lasalgaon,Onion,0.02279701642692089,0.09366988390684128,0.8835331201553345,negative,True
2013-09-17,city.pune,Onion prices hover around Rs 70 per kg,Onion,0.08042927086353302,0.8837317228317261,0.0358390137553215,neutral,False
2013-09-18,city.delhi,Crop shortage pulls onion to Rs 80/kg,Onion,0.4992768466472626,0.07616567611694336,0.42455753684043884,positive,False
2013-09-18,india,Onion price rise may be due to hoarding: Centre,Onion,0.031568266451358795,0.43067362904548645,0.5377581119537354,negative,False
2013-09-18,city.mumbai,Sharad Pawar's speculation leads to onion price increase yet again,Onion,0.9345930218696594,0.043926920741796494,0.021480023860931396,positive,False
2013-09-18,city.madurai,Spiralling onion prices take the fizz off in eateries,Onion,0.03548640012741089,0.09891941398382187,0.8655941486358643,negative,False
2013-09-18,city.ludhiana,Onion price story again a tearjerker,Onion,0.0630049780011177,0.5855907201766968,0.3514042794704437,neutral,False
2013-09-19,business.india-business,90% of onion stocks over; hoarders could look to make a killing,Onion,0.13445442914962769,0.8415409326553345,0.024004599079489708,neutral,False
2013-09-20,city.indore,Onion prices leave households teary-eyed,Onion,0.0128828976303339,0.07196400314569473,0.9151530861854553,negative,False
2013-09-20,city.ahmedabad,High prices cut onion use by 40%,Onion,0.015008551068603992,0.020426632836461067,0.9645648002624512,negative,False
2013-09-20,business.india-business,Centre's advisory to states on onion prices falling on deaf ears,Onion,0.07113555073738098,0.28841128945350647,0.6404531598091125,negative,False
2013-09-20,city.kolhapur,Delay in arrival of fresh stocks to market likely to keep onion prices high,Onion,0.023549577221274376,0.04998518526554108,0.9264652132987976,negative,False
2013-09-20,city.bhopal,Madhya Pradesh govt refuses to take blame for spiralling onion prices,Onion,0.04281364753842354,0.11796029657125473,0.8392260074615479,negative,False
2013-09-20,business.india-business,Onion price stays high despite wholesale dip,Onion,0.8251461386680603,0.14526939392089844,0.029584525153040886,positive,False
2013-09-21,city.delhi,Maharashtra to bail Delhi out of onion chaos,Onion,0.22720561921596527,0.5687783360481262,0.20401601493358612,neutral,False
2013-09-21,business.india-business,Wholesale onion prices drop in Lasalgaon,Onion,0.012624378316104412,0.02498818188905716,0.9623874425888062,negative,False
2013-09-21,city.mumbai,Maharashtra denies onion hoarding by farmers; sniffs retail cartel,Onion,0.05239291489124298,0.8161329030990601,0.13147416710853577,neutral,False
2013-09-21,city.mumbai,Pricier oil; eggs; milk add to common man's onion tears,Onion,0.03212437778711319,0.9290493726730347,0.03882620856165886,neutral,False
2013-09-21,city.ludhiana,Expect onion back on palette in Oct,Onion,0.06442613154649734,0.9094021320343018,0.02617175318300724,neutral,False
2013-09-21,city.hubballi,Angry onion growers block highway over price crash,Onion,0.014081427827477455,0.08234445750713348,0.9035741686820984,negative,False
2013-09-21,city.indore,Lack of storage encourages onion black-marketing: Minister,Onion,0.021364528685808182,0.43369919061660767,0.5449362993240356,negative,False
2013-09-22,india,Pakistani traders profit from India's onion crisis as Maharashtra blames retailers,Onion,0.612312376499176,0.11083325743675232,0.2768543064594269,positive,False
2013-09-22,city.hyderabad,Rains to send onion prices soaring,Onion,0.10311560332775116,0.3488750457763672,0.5480093359947205,negative,False
2013-09-22,business.india-business,Competition Commission of India seeks information from state governments as onion prices soar,Onion,0.054362017661333084,0.9299048185348511,0.01573316566646099,neutral,False
2013-09-23,city.jaipur,Onion price set to skyrocket; wholesalers expect dip only in November,Onion,0.5985983610153198,0.15210074186325073,0.24930089712142944,positive,False
2013-09-23,india,Do prices of onion and tomato have nothing to do with government?,Onion,0.02671237289905548,0.8495989441871643,0.12368866056203842,neutral,False
2013-09-24,city.madurai,History-sheeter done to death in onion market,Onion,0.053358469158411026,0.5438812375068665,0.40276026725769043,neutral,False
2013-09-25,city.pune,Onion supply up; prices set to fall,Onion,0.03895131126046181,0.10564464330673218,0.8554040789604187,negative,True
2013-09-27,city.nashik,Average onion rates up 11% at Lasalgaon,Onion,0.9512709975242615,0.03141511604189873,0.017313919961452484,positive,False
2013-09-28,business.india-business,Onion prices decline 7.69% in Lasalgaon APMC,Onion,0.010010101832449436,0.029460899531841278,0.960529088973999,negative,False
2013-09-29,city.ahmedabad,Rains hit onion crop; hold up new arrivals,Onion,0.06439031660556793,0.07549702376127243,0.860112726688385,negative,False
2013-09-29,city.jaipur,Onion price set to skyrocket; wholesalers expect dip only in November,Onion,0.5985983610153198,0.15210074186325073,0.24930089712142944,positive,False
2013-10-01,city.nashik,Kharif crop fails to rein in onion prices,Onion,0.062438204884529114,0.07379786670207977,0.8637639880180359,negative,False
2013-10-01,unknown,ET: Why onion prices will singe consumers again,Onion,0.0470767542719841,0.6998422741889954,0.2530810236930847,neutral,False
2013-10-02,city.nashik,Onion prices decline by 12.94%,Onion,0.024374021217226982,0.04813224449753761,0.9274937510490417,negative,False
2013-10-04,city.nashik,Onion prices up by 7.5%,Onion,0.046109091490507126,0.05828627571463585,0.8956046104431152,negative,True
2013-10-05,city.nashik,Nabard starts pilot project for better onion crop; storage; sale,Onion,0.7569977045059204,0.23363041877746582,0.009371889755129814,positive,False
2013-10-09,city.nashik,Onion prices see sharp jump of 12% at Lasalgaon,Onion,0.02750825136899948,0.03947532922029495,0.9330164194107056,negative,True
2013-10-10,city.nashik,Onion prices up with decline in arrival of crop,Onion,0.1768254190683365,0.045148592442274094,0.7780259847640991,negative,False
2013-10-10,city.rajkot,Onion prices to remain high,Onion,0.6337001323699951,0.3120155334472656,0.054284319281578064,positive,False
2013-10-11,city.nashik,Onion prices dip over 4%,Onion,0.0613134391605854,0.07007443904876709,0.8686120510101318,negative,False
2013-10-15,city.mumbai,Wholesale onion prices up 19 over 1 working day,Onion,0.05594105273485184,0.04731672257184982,0.8967421650886536,negative,True
2013-10-15,india,After minor dip; onion prices on the rise again,Onion,0.11428119987249374,0.06587335467338562,0.8198454976081848,negative,True
2013-10-15,city.nashik,Onion prices soar again at Lasalgaon,Onion,0.17931470274925232,0.15251733362674713,0.6681679487228394,negative,True
2013-10-15,blogs,Pyaralal Raghavan: How the lowly onion humbled the mighty UPA,Onion,0.17900031805038452,0.7665205597877502,0.05447915196418762,neutral,False
2013-10-16,city.ahmedabad,I-T searches offices of builders; onion trader,Onion,0.023371202871203423,0.9364038109779358,0.04022492095828056,neutral,False
2013-10-16,city.ahmedabad,Thali cost up; onion rates bring tears to eyes,Onion,0.05572650581598282,0.07319502532482147,0.8710784912109375,negative,False
2013-10-16,city.mumbai,Onion; potato prices on an upward spiral again,Onion,0.11080800741910934,0.6841225028038025,0.20506951212882996,neutral,False
2013-10-18,city.nashik,Onion price rises in Lasalgaon,Onion,0.2691270112991333,0.11797580868005753,0.6128971576690674,negative,False
2013-10-19,city.lucknow,Onion leads green surge in Lucknow; yet again,Onion,0.8539366126060486,0.12657737731933594,0.019486023113131523,positive,False
2013-10-19,city.nashik,Onion prices hit all-time high at Lasalgaon,Onion,0.9260251522064209,0.051828645169734955,0.022146115079522133,positive,False
2013-10-19,business.india-business,Onion prices hit all-time high at Lasalgaon,Onion,0.9260251522064209,0.051828645169734955,0.022146115079522133,positive,False
2013-10-21,city.bhopal,Political parties are silent over over rising onion prices,Onion,0.04947098344564438,0.15301871299743652,0.7975102663040161,negative,False
2013-10-22,city.nashik,Fresh crop in; onion prices drop at Lasalgaon,Onion,0.01656157337129116,0.025680897757411003,0.9577574729919434,negative,False
2013-10-22,city.guwahati,Onion prices continue to bring tears to people's eyes,Onion,0.017519520595669746,0.0688285231590271,0.9136518836021423,negative,False
2013-10-22,city.delhi,Delhi: Onion prices touch Rs 90 per kg; may hit Rs 100 soon,Onion,0.35037001967430115,0.6052039265632629,0.0444260910153389,neutral,False
2013-10-22,business.india-business,Delhi: Onion prices touch Rs 90 per kg; may hit Rs 100 soon,Onion,0.35037001967430115,0.6052039265632629,0.0444260910153389,neutral,False
2013-10-23,city.delhi,Onion prices to dip next week: CM,Onion,0.01741946116089821,0.046468235552310944,0.9361122846603394,negative,False
2013-10-23,city.jaipur,Onion prices bring tears ahead of festive season,Onion,0.053968120366334915,0.26635950803756714,0.679672360420227,negative,False
2013-10-23,city.patna,Onion costlier than petrol; sells at Rs100/kg,Onion,0.3650737702846527,0.6219608783721924,0.012965373694896698,neutral,False
2013-10-23,city.nashik,Onion mapping to enter 4th year,Onion,0.0949336364865303,0.8355138301849365,0.06955255568027496,neutral,False
2013-10-23,india,Panic grips Union govt as onion price hits Rs 100 a kg,Onion,0.05716009810566902,0.21650876104831696,0.7263311743736267,negative,False
2013-10-23,city.pune,Onion prices likely to fall after Diwali,Onion,0.0367329977452755,0.06917234510183334,0.8940946459770203,negative,False
2013-10-23,city.chandigarh,Onion prices skyrocket to Rs 90 per kg,Onion,0.1690322607755661,0.0925164744257927,0.7384513020515442,negative,False
2013-10-24,india,Onion crisis to last 2-3 weeks: Pawar,Onion,0.03624631091952324,0.5343168377876282,0.4294368624687195,neutral,False
2013-10-24,city.lucknow,Govt to blame for high onion prices: BJP,Onion,0.021560363471508026,0.15715254843235016,0.8212870359420776,negative,False
2013-10-24,city.lucknow,Onion consumption drops 60% in Lucknow,Onion,0.008021224290132523,0.021329430863261223,0.970649242401123,negative,False
2013-10-24,india,Rush for onion cultivation in Kullu,Onion,0.18517231941223145,0.8013875484466553,0.013440195471048355,neutral,False
2013-10-24,city.mumbai,Onion at Rs 80; Pawar says no pre-Diwali relief,Onion,0.05296890065073967,0.8636065721511841,0.08342456817626953,neutral,False
2013-10-24,india,Monopoly of wholesale traders behind onion price rise; govt officials say,Onion,0.034230176359415054,0.08075451105833054,0.8850153088569641,negative,False
2013-10-24,city.delhi,Sheila Dikshit promises drop in onion price today,Onion,0.011011835187673569,0.03534603491425514,0.9536422491073608,negative,False
2013-10-24,city.delhi,Crop loss or hoarding Peeling onion crisis not easy,Onion,0.03109431080520153,0.8976585268974304,0.0712471455335617,neutral,False
2013-10-24,city.chennai,Onion prices drop in Tamil Nadu but northern states weep,Onion,0.013327307067811489,0.038063760846853256,0.9486089944839478,negative,False
2013-10-24,city.ranchi,Vegetable prices compete with onion,Onion,0.16662225127220154,0.8191376328468323,0.014240140095353127,neutral,False
2013-10-24,city.goa,Onion prices again touch Rs 70/kg in Goa,Onion,0.47302696108818054,0.3045092523097992,0.22246377170085907,positive,False
2013-10-24,city.nashik,Wholesale onion prices stabilise at Lasalgaon,Onion,0.8139727711677551,0.16639958322048187,0.019627666100859642,positive,False
2013-10-24,india,Centre gives Maharashtra Rs 921.98 crore to compensate loss of onion farmers,Onion,0.38524651527404785,0.5639693140983582,0.0507841631770134,neutral,False
2013-10-24,india,Onion shortage temporary; government says,Onion,0.10540218651294708,0.05773482471704483,0.8368629813194275,negative,False
2013-10-25,city.bengaluru,Cold storages for onion; chillies in the offing,Onion,0.058764588087797165,0.7763950228691101,0.16484034061431885,neutral,False
2013-10-25,india,Jharkhand BJP leaders apply for 'Onion Loan',Onion,0.18640808761119843,0.7733182311058044,0.04027371481060982,neutral,False
2013-10-25,city.ahmedabad,Now; CCTVs work as 24x7 onion guards!,Onion,0.04564454406499863,0.935940682888031,0.018414760008454323,neutral,False
2013-10-25,city.nashik,Delhi team in Nashik to assess onion prices,Onion,0.16627731919288635,0.7556249499320984,0.07809772342443466,neutral,False
2013-10-25,city.mumbai,New onion supplies arrive in Mumbai; but price still at Rs 60-65,Onion,0.22833697497844696,0.7368564009666443,0.03480667620897293,neutral,False
2013-10-25,city.nashik,Onion prices continue to decline at Lasalgaon,Onion,0.008836010470986366,0.02208680287003517,0.9690771698951721,negative,False
2013-10-25,unknown,Onion Crisis: Best Substitutes for Onions,Onion,0.06561771780252457,0.8900527358055115,0.044329527765512466,neutral,False
2013-10-25,city.kanpur,27 trucks of onion arrive from Maharashtra,Onion,0.19776645302772522,0.7854795455932617,0.01675402745604515,neutral,False
2013-10-25,india,Onion prices to come down in next 10 days; food minister says,Onion,0.009199990890920162,0.043946731835603714,0.9468532800674438,negative,False
2013-10-26,city.kolkata,Potato goes the onion way; govt freezes price,Onion,0.05633864179253578,0.6793130040168762,0.2643483877182007,neutral,False
2013-10-26,india,Onion crisis will be over in 10 days: Tariq Anwar,Onion,0.03670410439372063,0.9180989861488342,0.04519694298505783,neutral,False
2013-10-26,city.mumbai,Maharashtra CM charts onion solution for Delhi; forgets Mumbai,Onion,0.042855266481637955,0.6499459743499756,0.30719876289367676,neutral,False
2013-10-26,city.thiruvananthapuram,No tears: Onion now their pet hate,Onion,0.056843046098947525,0.871843695640564,0.07131321728229523,neutral,False
2013-10-27,city.delhi,Onion prices tamed but meat turns dear,Onion,0.2837195098400116,0.6318504214286804,0.08443009853363037,neutral,False
2013-10-27,city.delhi,CM speaks out on onion issue to take edge off the pinch,Onion,0.1736014187335968,0.7191827297210693,0.10721588879823685,neutral,False
2013-10-27,city.mumbai,Price of tomato rises in tandem with onion,Onion,0.02944994531571865,0.3603009581565857,0.6102491021156311,negative,True
2013-10-27,city.nashik,Jittery over onion crisis; Delhi govt turns to Nashik in election run-up,Onion,0.03486703336238861,0.13551251590251923,0.8296204209327698,negative,False
2013-10-27,city.kochi,Eateries return to 'nadan' style as onion prices soar,Onion,0.4043406546115875,0.5629106163978577,0.03274871036410332,neutral,False
2013-10-28,city.ahmedabad,Tomato joins onion in price race; gravy in trouble,Onion,0.06827114522457123,0.8064089417457581,0.12531991302967072,neutral,False
2013-10-29,city.ahmedabad,Wholesale onion prices fall by Rs 15 to touch Rs 50 per kg,Onion,0.010569041594862938,0.045416418462991714,0.9440144896507263,negative,False
2013-10-30,city.nashik,Onion markets heading for a glut,Onion,0.05096163600683212,0.12668241560459137,0.8223559260368347,negative,False
2013-11-01,city.nashik,Lasalgaon onion rates dip further,Onion,0.0928603857755661,0.125484898686409,0.7816547155380249,negative,False
2013-11-01,city.noida,Onion costs less; potato and tomato prices go up,Onion,0.078876793384552,0.2187844216823578,0.7023387551307678,negative,True
2013-11-01,city.nagpur,After onion; now potato turns pricey,Onion,0.0724058449268341,0.876814603805542,0.05077958479523659,neutral,False
2013-11-01,city.varanasi,Cops bust inter-state gang of onion looters,Onion,0.024622837081551552,0.17008906602859497,0.8052880167961121,negative,False
2013-11-02,city.ranchi,After onion; potato prices on festive rally,Onion,0.10627038031816483,0.8609791994094849,0.03275037929415703,neutral,False
2013-11-02,india,Gang loots onion truck; kills driver and cleaner in UP,Onion,0.01068115234375,0.05982289835810661,0.9294959306716919,negative,False
2013-11-02,city.lucknow,Gang loots onion truck; kills driver; cleaner,Onion,0.010027761571109295,0.05967775359749794,0.930294394493103,negative,False
2013-11-02,city.nashik,Absence of labourers and supply halts onion auction at Lasalgaon,Onion,0.012069012969732285,0.11846587806940079,0.8694651126861572,negative,False
2013-11-02,india,Congress blames Modi for rise in onion prices,Onion,0.0577179379761219,0.11815167963504791,0.8241303563117981,negative,False
2013-11-02,city.bhubaneswar,Onion stir: 8 BJP men held,Onion,0.03492479398846626,0.7915241122245789,0.17355108261108398,neutral,False
2013-11-03,city.jaipur,After onion; tomato prices hit the roof,Onion,0.42603638768196106,0.29886847734451294,0.275095134973526,positive,False
2013-11-04,city.hubballi,Onion growers block roads over low prices,Onion,0.019924189895391464,0.1321851909160614,0.8478905558586121,negative,False
2013-11-06,city.delhi,Diwali pushes onion; tomato up to Rs 80/kg again in Delhi,Onion,0.8675209879875183,0.10584315657615662,0.026635821908712387,positive,False
2013-11-08,home.science,This onion won't make you cry,Onion,0.07671713829040527,0.8796645402908325,0.043618280440568924,neutral,False
2013-11-09,india,Onion prices up 21.95% at Lasalgaon; supply still low,Onion,0.0282147116959095,0.026196692138910294,0.9455886483192444,negative,True
2013-11-09,city.kolhapur,After onion; potato prices skyrocket with falling supplies,Onion,0.010062705725431442,0.02478046528995037,0.9651569128036499,negative,False
2013-11-10,city.nashik,Onion prices rise by Rs 15/kg within a week,Onion,0.427022248506546,0.5446702837944031,0.028307398781180382,neutral,False
2013-11-10,city.kolkata,Bengal-bound fish; onion cargoes blocked in Odisha,Onion,0.01515368465334177,0.024920759722590446,0.9599255323410034,negative,False
2013-11-12,city.nashik,Fresh arrival sees onion prices drop to Rs 50 per kg,Onion,0.008223258890211582,0.02669176645576954,0.9650850296020508,negative,False
2013-11-13,india,No let-up in prices of onion; potato; tomato,Onion,0.09978483617305756,0.8785886168479919,0.021626535803079605,neutral,False
2013-11-14,city.pune,Onion prices continue to drop,Onion,0.03982863575220108,0.05376870930194855,0.906402587890625,negative,False
2013-11-15,business.india-business,Onion prices up 278%; tomato 122% in one year,Onion,0.012677516788244247,0.09656547009944916,0.8907570242881775,negative,True
2013-11-21,city.nashik,Onion trader duped of Rs 10 lakh,Onion,0.0702734887599945,0.22521035373210907,0.7045161724090576,negative,False
2013-11-21,city.nashik,Onion prices go up 10.7% at Lasalgaon,Onion,0.018929066136479378,0.0352243147790432,0.9458465576171875,negative,True
2013-11-23,city.nashik,Onion prices fall 19.35% at Lasalgaon,Onion,0.008668724447488785,0.02270658127963543,0.9686247706413269,negative,False
2013-11-23,business.india-business,Onion price-rise: Food programmes on TV dish out recipes for inflation-stung middle class viewers,Onion,0.05865006521344185,0.9070979952812195,0.03425199165940285,neutral,False
2013-11-23,city.guwahati,Onion still costs 60 per kg in city markets,Onion,0.09708340466022491,0.822274923324585,0.08064161986112595,neutral,False
2013-11-25,city.aurangabad,Price stable; now it's onion quality that's troubling,Onion,0.03331971541047096,0.05308154970407486,0.9135986566543579,negative,False
2013-11-26,city.nashik,Onion price falls to season's lowest at Lasalgaon,Onion,0.014368096366524696,0.023571385070681572,0.9620605707168579,negative,False
2013-11-29,city.nashik,Wholesale onion prices steady at Lasalgaon,Onion,0.12962555885314941,0.8288668990135193,0.04150751978158951,neutral,False
2013-12-03,india,Massive fall in onion prices expected in January,Onion,0.014164292253553867,0.02265050634741783,0.96318519115448,negative,False
2013-12-03,city.delhi,Onion; potato prices in Delhi go down,Onion,0.024611802771687508,0.0749555230140686,0.9004327654838562,negative,False
2013-12-03,assembly-elections-2013.delhi-assembly-elections,Onion; potato prices in Delhi go down,Onion,0.024611802771687508,0.0749555230140686,0.9004327654838562,negative,False
2013-12-04,city.nashik,Onion prices fall 68% in a month to 1;600/quintal,Onion,0.009345797821879387,0.017842687666416168,0.9728115797042847,negative,False
2013-12-06,city.nashik,Onion prices may fall to Rs 1;000 per quintal: Expert,Onion,0.018906965851783752,0.2527572214603424,0.7283358573913574,negative,False
2013-12-06,city.thane,Onion prices down to Rs 20 per kg; tomatoes Rs 22,Onion,0.020995818078517914,0.15885674953460693,0.8201473951339722,negative,False
2013-12-11,city.nashik,Marginal decline in average wholesale onion price at Lasalgaon,Onion,0.02869263105094433,0.013050014153122902,0.9582573771476746,negative,False
2013-12-13,city.nashik,Kharif crop brings down onion prices,Onion,0.011488022282719612,0.039598267525434494,0.9489137530326843,negative,False
2013-12-15,business.india-business,Wholesale onion prices drop to season's lowest at Rs 12 per kg,Onion,0.00782649777829647,0.022598540410399437,0.9695749282836914,negative,False
2013-12-15,city.navimumbai,Wholesale onion prices slump; but retail remains high,Onion,0.046225037425756454,0.011187578551471233,0.9425874352455139,negative,False
2013-12-18,city.nashik,Farmers protest over falling onion prices,Onion,0.019635526463389397,0.0559694766998291,0.924394965171814,negative,False
2013-12-18,city.nagpur,Govt now rushes to push up onion prices,Onion,0.0877738893032074,0.3956044018268585,0.5166217088699341,negative,True
2013-12-18,india,Now; onion over-supply leads to crisis,Onion,0.02829553186893463,0.2885380685329437,0.6831664443016052,negative,False
2013-12-19,city.nashik,Onion prices hit a new six-month low,Onion,0.5151347517967224,0.11319244652986526,0.37167277932167053,positive,False
2013-12-20,city.ahmedabad,Wholesale onion prices fall to Rs 9/kg,Onion,0.010560690425336361,0.035317081958055496,0.9541223049163818,negative,False
2013-12-20,business.india-business,Minimum export price for onion fixed at $350 per tonne to boost export,Onion,0.49189072847366333,0.4866567552089691,0.02145245485007763,positive,False
2013-12-21,city.mumbai,Farmers cry foul as onion prices crash,Onion,0.037402041256427765,0.13875021040439606,0.8238477110862732,negative,False
2013-12-21,city.nashik,Onion prices up 34% after minimum export prices slash,Onion,0.024439170956611633,0.03139510750770569,0.9441657662391663,negative,True
2013-12-21,business.india-business,Onion exports decline by 32.4% in current fiscal,Onion,0.012336967512965202,0.01608538255095482,0.9715777635574341,negative,False
2013-12-22,city.nashik,Onion markets head for glut despite drop in MEP,Onion,0.2979443073272705,0.057359371334314346,0.6446962952613831,negative,False
2013-12-24,city.nashik,Onion at seven-month low of Rs 950/Q,Onion,0.020811913534998894,0.07695640623569489,0.902231752872467,negative,False
2013-12-25,city.nashik,Scrap MEP for onion; says Pawar,Onion,0.283506840467453,0.4849545359611511,0.23153865337371826,neutral,False
2013-12-27,city.nashik,Respite to farmers as onion price rises by Rs 10,Onion,0.20191186666488647,0.11914929002523422,0.6789388656616211,negative,True
2013-12-27,business.india-business,Minimum export price for onion likely to be scrapped,Onion,0.05157657712697983,0.9328386187553406,0.015584845095872879,neutral,False
2013-12-28,city.nashik,Minimum export price reduced again; but onion market yet to pick up,Onion,0.8936091065406799,0.05006334185600281,0.056327562779188156,positive,False
2013-12-31,city.nashik,Farmers rejoice as onion prices rise by 20%,Onion,0.040951527655124664,0.03850763291120529,0.9205408692359924,negative,True
2014-01-07,city.nashik,Average wholesale onion prices fall to Rs 1;125/q sees slight drop at Lasalgaon,Onion,0.012692471966147423,0.014642071910202503,0.972665548324585,negative,False
2014-01-14,city.ahmedabad,Onion; mustard; cumin are flavour of rabi season,Onion,0.03572261333465576,0.9390935301780701,0.025183843448758125,neutral,False
2014-01-21,city.nashik,Onion price drops to 12/kg in retail markets,Onion,0.009447273798286915,0.02933502197265625,0.9612176418304443,negative,False
2014-01-31,city.nashik,FDA to launch drive to register onion traders,Onion,0.11024775356054306,0.877973735332489,0.011778521351516247,neutral,False
2014-02-04,city.rajkot,Turning tide of onion prices sinks farmers,Onion,0.1441163718700409,0.23415414988994598,0.6217294931411743,negative,False
2014-02-05,city.ahmedabad,Bumper crop signs reduce onion farmers to tears,Onion,0.062322843819856644,0.24167929589748383,0.6959977746009827,negative,False
2014-02-09,business.india-business,Wholesale onion price dips to 5 per kg in Mumbai,Onion,0.021289989352226257,0.04592905566096306,0.9327810406684875,negative,False
2014-03-06,city.nashik,Removal of MEP will boost onion exports,Onion,0.6670224070549011,0.2832789421081543,0.04969864711165428,positive,False
2014-03-12,city.nashik,Onion costlier by 18% at Rs 890 per quintal,Onion,0.4587094783782959,0.0435442216694355,0.4977463483810425,negative,False
2014-03-13,city.nashik,Onion exports decline 26.82% by Feb end,Onion,0.01131405122578144,0.020996863022446632,0.967689037322998,negative,False
2014-03-21,business.india-business,Rabi onion production may fall by 20% due to rain; hail,Onion,0.006835710722953081,0.02171214111149311,0.9714521765708923,negative,False
2014-03-26,city.nashik,Onion prices rise 24% in a week,Onion,0.047825392335653305,0.27409666776657104,0.6780779361724854,negative,True
2014-03-27,city.pune,Half of onion crop in Nashik district lost,Onion,0.05521668121218681,0.9179360270500183,0.026847301051020622,neutral,False
2014-04-02,india,Onion farmers shed old techniques for high yield,Onion,0.09411507099866867,0.8546722531318665,0.051212720572948456,neutral,False
2014-04-04,city.nashik,Onion auction restarts after a week,Onion,0.02407017908990383,0.8179076313972473,0.15802216529846191,neutral,False
2014-04-18,city.nashik,Onion prices rise by 40% in a week,Onion,0.025009330362081528,0.1664939969778061,0.8084966540336609,negative,True
2014-04-18,india,Onion prices rise about 40% in a week,Onion,0.45965442061424255,0.49527525901794434,0.04507037624716759,neutral,False
2014-04-20,city.trichy,Onion farmers shift to tapioca farming to evade water scarcity,Onion,0.06493271887302399,0.887709379196167,0.047357842326164246,neutral,False
2014-04-20,city.bhubaneswar,Onion and potato get dearer due to short supply,Onion,0.01680399291217327,0.08629148453474045,0.8969045281410217,negative,False
2014-04-27,city.nashik,Marginal dip in Lasalgaon onion price,Onion,0.19551275670528412,0.21823175251483917,0.5862554311752319,negative,False
2014-04-29,city.navimumbai,Onion truck topples off Turbhe flyover,Onion,0.10605768114328384,0.6139463186264038,0.27999600768089294,neutral,False
2014-05-07,city.nashik,Now; helpline launched for onion growers,Onion,0.13983118534088135,0.8497639298439026,0.010404814034700394,neutral,False
2014-05-08,city.nashik,Onion prices decline on poor quality of arrival,Onion,0.011527065187692642,0.023107726126909256,0.9653652310371399,negative,False
2014-05-09,city.nashik,Hailstorms and rain leave onion growers jittery,Onion,0.013026433065533638,0.05610639601945877,0.9308671355247498,negative,False
2014-05-13,city.nashik,Onion touches Rs 1;000/quintal mark in Nashik,Onion,0.4018421769142151,0.4966619312763214,0.10149593651294708,neutral,False
2014-05-22,city.pune,Onion prices go up in wholesale market,Onion,0.05729632452130318,0.129054993391037,0.8136487007141113,negative,True
2014-05-28,india,Rising potato; onion and milk prices worry for Modi govt,Onion,0.022724460810422897,0.052394408732652664,0.924881100654602,negative,False
2014-06-11,business.india-business,Govt may check onion export to curb price rise,Onion,0.11809375882148743,0.3180341124534607,0.5638721585273743,negative,False
2014-06-12,city.mumbai,Rise in onion prices adds to summer inflation in Mumbai,Onion,0.08271454274654388,0.036225270479917526,0.8810602426528931,negative,False
2014-06-12,city.goa,Onion rates bring tears to eyes again,Onion,0.08274192363023758,0.18651321530342102,0.7307448983192444,negative,False
2014-06-17,business.india-business,Centre asks Maharashtra govt to resolve Nasik onion labourers' issues,Onion,0.07423343509435654,0.8109559416770935,0.11481054127216339,neutral,False
2014-06-17,business.india-business,Govt imposes US$ 300/tonne MEP on onion exports to check price,Onion,0.06380815804004669,0.34697744250297546,0.5892143249511719,negative,False
2014-06-19,city.trichy,Poor supply pushes up onion prices,Onion,0.034393809735774994,0.039306532591581345,0.9262995719909668,negative,False
2014-06-19,city.nashik,Onion auction resumes in APMCs,Onion,0.021546339616179466,0.936668872833252,0.04178474843502045,neutral,False
2014-06-19,business.india-business,Onion prices may hit Rs 100 per kg by October,Onion,0.13373126089572906,0.8108993768692017,0.05536941438913345,neutral,False
2014-06-20,business.india-business,Despite record onion yield; prices shoot up,Onion,0.17594990134239197,0.03536500781774521,0.788685142993927,negative,True
2014-06-21,city.delhi,Nafed to procure 300 tonnes of Onion to check prices in Delhi,Onion,0.1760396957397461,0.8006806373596191,0.023279622197151184,neutral,False
2014-06-22,city.chandigarh,Onion prices rise; but stability may return,Onion,0.028582777827978134,0.16112558543682098,0.8102915287017822,negative,True
2014-06-25,city.mumbai,Don't panic over onion prices yet; says Vashi APMC,Onion,0.07113247364759445,0.8566163182258606,0.07225117087364197,neutral,False
2014-06-30,india,Retail onion prices soar to double of wholesale rates,Onion,0.020444592460989952,0.21856532990932465,0.7609900832176208,negative,True
2014-07-01,city.chandigarh,Here's how you can beat onion prices,Onion,0.06891296058893204,0.9117434024810791,0.019343610852956772,neutral,False
2014-07-01,india,Rein in onion retailers; states told,Onion,0.0788387581706047,0.8989165425300598,0.022244760766625404,neutral,False
2014-07-02,city.delhi,Onion prices stable; may rise in August,Onion,0.029097674414515495,0.04114372283220291,0.9297586679458618,negative,True
2014-07-02,blogs,Sanjiv Shankaran: A bogeyman called onion hoarder,Onion,0.03538143262267113,0.909223198890686,0.055395375937223434,neutral,False
2014-07-03,business.india-business,Food inflation: Of onion tears and potato fears,Onion,0.02316337078809738,0.5721386075019836,0.404697984457016,neutral,False
2014-07-03,india,Farmers stocking onion expecting delayed harvest,Onion,0.09597037732601166,0.2820689082145691,0.6219606995582581,negative,False
2014-07-03,india,Onion; potato now essential items; stocks to be capped,Onion,0.05239655449986458,0.924728512763977,0.022874968126416206,neutral,False
2014-07-04,city.patna,Onion; potato should be sold at milk outlets,Onion,0.034914832562208176,0.9413996338844299,0.023685533553361893,neutral,False
2014-07-04,city.bengaluru,Govt set to act against hoarders as onion prices touch Rs 40 per kg,Onion,0.11393462866544724,0.7822073698043823,0.10385794192552567,neutral,False
2014-07-04,city.chandigarh,Prices of onion; potato surge in Amritsar as buyers panic,Onion,0.0701783299446106,0.40846651792526245,0.5213550925254822,negative,True
2014-07-04,city.nashik,Onion price drops 7% at Lasalgaon,Onion,0.013234411366283894,0.02462725155055523,0.9621383547782898,negative,False
2014-07-04,blogs,Pyaralal Raghavan: Imposing Essential Commodities Act is menacing talk that won't reduce onion tears,Onion,0.3204777240753174,0.5698573589324951,0.1096649318933487,neutral,False
2014-07-06,city.nagpur,Onion prices upset eateries this Ramzan,Onion,0.014586818404495716,0.04490980878472328,0.9405033588409424,negative,False
2014-07-06,city.bhubaneswar,Onion; potato become essential commodities,Onion,0.12488003820180893,0.8572592735290527,0.01786063238978386,neutral,False
2014-07-07,city.delhi,Govt plea 'misread'; onion costs Rs 40,Onion,0.010688108392059803,0.051205672323703766,0.9381062388420105,negative,False
2014-07-07,budget-2015.politics-budget-2015,Maharashtra onion politics may bring tears to Modi govt's eyes,Onion,0.045288294553756714,0.2459510862827301,0.7087606191635132,negative,False
2014-07-07,india,Maharashtra onion politics may bring tears to Modi govt's eyes,Onion,0.045288294553756714,0.2459510862827301,0.7087606191635132,negative,False
2014-07-08,city.ahmedabad,State govt seeks onion stock details from APMCs,Onion,0.02614266611635685,0.9472230076789856,0.026634320616722107,neutral,False
2014-07-08,city.indore,In Indore onion prices double in a week,Onion,0.6869122982025146,0.1611797958612442,0.15190789103507996,positive,False
2014-07-09,business.india-business,Onion shortage despite the best-ever harvest,Onion,0.32677027583122253,0.17159946262836456,0.5016303062438965,negative,False
2014-07-10,city.chennai,Onion price drives Chennai mad; worse may be yet to come,Onion,0.0355491004884243,0.14921312034130096,0.815237820148468,negative,False
2014-07-11,city.ahmedabad,Onion; potato under EC Act,Onion,0.027215147390961647,0.9265446066856384,0.04624021798372269,neutral,False
2014-07-13,india,Govt to check onion prices with imports,Onion,0.03734710440039635,0.8959670662879944,0.06668581813573837,neutral,False
2014-07-17,city.chennai,Onion prices drop to Rs 30/kg; but tomato hits high at Rs 50,Onion,0.028494831174612045,0.024421462789177895,0.9470837712287903,negative,False
2014-07-18,city.bengaluru,Onion prices double; tomato prices triple,Onion,0.13106763362884521,0.6524892449378967,0.21644312143325806,neutral,False
2014-07-19,india,Food ministry's plan to ban onion export shot down,Onion,0.07901232689619064,0.037116605788469315,0.8838710784912109,negative,False
2014-07-20,city.nashik,Pawar opposes onion export ban,Onion,0.06922968477010727,0.7895905375480652,0.14117984473705292,neutral,False
2014-07-23,city.lucknow,After onion; retail prices of tomatoes soar,Onion,0.15902434289455414,0.7886444926261902,0.05233118310570717,neutral,False
2014-07-24,city.bengaluru,No check on hoarders as onion; potato prices rise,Onion,0.09161508828401566,0.7898160815238953,0.1185687929391861,neutral,False
2014-07-26,city.nashik,Avg onion price settles at 1;800 a quintal at Lasalgaon,Onion,0.0724334716796875,0.8478937745094299,0.07967282086610794,neutral,False
2014-07-29,city.nashik,Onion prices drop at Lasalgaon,Onion,0.02142993174493313,0.04080699011683464,0.9377630949020386,negative,False
2014-08-12,city.nashik,15% drop in onion prices due to poor demand,Onion,0.010793285444378853,0.01760292612016201,0.9716037511825562,negative,False
2014-08-26,city.ludhiana,Expected onion price rise worries homemakers,Onion,0.06541681289672852,0.04213975369930267,0.8924433588981628,negative,False
2014-09-07,city.nashik,Demand dip brings onion rates down 11%,Onion,0.010635295882821083,0.018822984769940376,0.970541775226593,negative,False
2014-09-08,city.ahmedabad,State tops in onion; potato output,Onion,0.5538921356201172,0.40293240547180176,0.04317541792988777,positive,False
2014-09-19,city.nashik,Congress readies agri ammo in onion belt,Onion,0.0688246414065361,0.9123733639717102,0.018801970407366753,neutral,False
2014-09-30,city.nashik,Kharif onion crop to arrive next month,Onion,0.12590983510017395,0.8558559417724609,0.018234189599752426,neutral,False
2014-10-04,city.nashik,Kharif onion start reaching Umrane APMC,Onion,0.3937603235244751,0.5877196788787842,0.01851997710764408,neutral,False
2014-10-11,home.specials.assembly-elections-2014.maharashtra-news,Sharad Pawar breathes fire at PM over onion prices,Onion,0.0798586830496788,0.6772469282150269,0.24289442598819733,neutral,False
2014-10-11,india,Sharad Pawar breathes fire at PM over onion prices,Onion,0.0798586830496788,0.6772469282150269,0.24289442598819733,neutral,False
2014-10-17,city.nashik,Average wholesale onion prices drop 10% at Lasalgaon,Onion,0.007974027656018734,0.021127665415406227,0.9708983302116394,negative,False
2014-10-31,city.nashik,Market opens to 14% rise in onion rates; tomatoes stabilise,Onion,0.9425464868545532,0.03551451861858368,0.021939018741250038,positive,False
2014-11-09,city.hubballi,Farmers block road after onion price drops to Rs 200,Onion,0.015031461603939533,0.06906633079051971,0.9159021973609924,negative,False
2014-11-12,city.hubballi,Onion prices fall; farmers block road,Onion,0.009136942215263844,0.02734893187880516,0.9635140895843506,negative,False
2014-11-16,city.nashik,Poor supply raises onion prices by 9% in a week,Onion,0.19508005678653717,0.022780397906899452,0.7821395397186279,negative,False
2014-11-20,city.nashik,Traders served notices for halting onion auction,Onion,0.021685246378183365,0.0733332708477974,0.9049814343452454,negative,False
2014-11-25,city.nashik,Onion auction resumes at Lasalgaon,Onion,0.028751375153660774,0.9399310350418091,0.03131762519478798,neutral,False
2014-11-27,city.nashik,Onion irradiation trial likely from next summer,Onion,0.04308892413973808,0.9372068643569946,0.019704142585396767,neutral,False
2014-12-13,city.guwahati,Assam plans steps to push up onion yield,Onion,0.7477951049804688,0.23965469002723694,0.012550147250294685,positive,False
2014-12-14,city.nashik,Decline in supply: Average wholesale onion price up 10%,Onion,0.03765478730201721,0.021478477865457535,0.9408667683601379,negative,True
2014-12-25,city.nashik,Onion prices fall 13% after kharif crop arrival,Onion,0.010423596948385239,0.022874021902680397,0.9667024612426758,negative,False
2014-12-26,city.nashik,Onion export falls 19.2% in 1st half of fiscal,Onion,0.009698017500340939,0.018342385068535805,0.9719595909118652,negative,False
2014-12-30,city.nashik,Onion prices drop 4% as supply rises,Onion,0.01249889750033617,0.018250659108161926,0.9692503809928894,negative,False
2015-01-02,city.nashik,Onion prices fall 8.77% at Lasalgaon,Onion,0.008920910768210888,0.021469756960868835,0.9696093201637268,negative,False
2015-02-05,life-style.food.recipes,Onion soup for the winters,Onion,0.11304507404565811,0.8111079931259155,0.07584694027900696,neutral,False
2015-02-05,city.nashik,Avg onion price up 15% in a week at Lasalgaon,Onion,0.018673446029424667,0.027960676699876785,0.9533658623695374,negative,True
2015-02-15,city.nashik,Onion export down in first half of fiscal,Onion,0.014731431379914284,0.021959658712148666,0.9633089303970337,negative,False
2015-02-17,life-style.health-fitness.diet,How to get rid of bad breath after having onion,Onion,0.044316187500953674,0.904178261756897,0.05150548368692398,neutral,False
2015-02-17,unknown,DIET: How to get rid of bad breath after having onion,Onion,0.03706984221935272,0.9199967980384827,0.04293331876397133,neutral,False
2015-02-17,city.nashik,Utilise price stability fund to control onion prices,Onion,0.06208083778619766,0.9189915060997009,0.018927665427327156,neutral,False
2015-02-17,city.thiruvananthapuram,Recreating Virgin Mary and Jesus in onion peel collage,Onion,0.02929176762700081,0.9312172532081604,0.03949101269245148,neutral,False
2015-02-26,city.nashik,Supply rises; onion prices drop by 18%,Onion,0.05957911163568497,0.015176943503320217,0.9252438545227051,negative,False
2015-02-26,city.nashik,Onion traders lobby for wagon freight as per actual weight,Onion,0.06810127198696136,0.9145321249961853,0.017366556450724602,neutral,False
2015-03-09,life-style.health-fitness.health-news,Onion extract lowers high blood sugar; cholesterol,Onion,0.829578161239624,0.15119852125644684,0.019223304465413094,positive,False
2015-03-12,city.madurai,Falling small onion prices leave farmers teary-eyed,Onion,0.009425759315490723,0.021436655893921852,0.9691376090049744,negative,False
2015-03-13,city.nashik,Avg wholesale onion prices at Lasalgaon increase marginally,Onion,0.9513342976570129,0.022797737270593643,0.025868048891425133,positive,False
2015-03-14,city.nashik,Rain damages crops on 2;414 ha; onion and wheat worst affected,Onion,0.009517885744571686,0.024366725236177444,0.966115415096283,negative,False
2015-03-16,india,Govt to stock up on onion; potato to tame price rise,Onion,0.01339670643210411,0.35434624552726746,0.6322570443153381,negative,True
2015-03-24,city.nashik,Onion prices at Lasalgaon APMC decline 37% in 7 days,Onion,0.014125757850706577,0.012262925505638123,0.9736113548278809,negative,False
2015-03-29,business.india-business,Onion export declines by 11.44 per cent in first three quarters of 2014-15,Onion,0.010742170736193657,0.016069399192929268,0.9731884598731995,negative,False
2015-04-10,city.nashik,MEP cut to $250/tonne to boost onion exports,Onion,0.7686995267868042,0.09752877056598663,0.13377168774604797,positive,False
2015-04-14,city.nashik,Wholesale onion prices decline,Onion,0.024302324280142784,0.9042811989784241,0.07141652703285217,neutral,False
2015-04-23,city.nashik,Onion export declined by 19.20% due to policy decisions; crop delay,Onion,0.011092052794992924,0.019303517416119576,0.9696043729782104,negative,False
2015-05-07,india,Red onion crop loss reduces Karnataka farmers to tears,Onion,0.031916543841362,0.05064588785171509,0.9174374938011169,negative,False
2015-05-07,home.science,Now; muscles created from onion cells,Onion,0.03635621443390846,0.9364657998085022,0.027177974581718445,neutral,False
2015-05-09,city.allahabad,An onion a day; keeps the doctor away,Onion,0.03400946035981178,0.8125221133232117,0.15346843004226685,neutral,False
2015-05-16,india,Average wholesale onion prices up 10%,Onion,0.02629823051393032,0.03751105070114136,0.936190664768219,negative,True
2015-05-26,city.nashik,Onion exports drop due to MEP hike; crop delay,Onion,0.009972120635211468,0.020170513540506363,0.969857394695282,negative,False
2015-06-05,city.nashik,Onion price jump 24% in a week at Lasalgaon,Onion,0.10615316033363342,0.13357114791870117,0.760275661945343,negative,True
2015-06-11,city.nashik,Marginal decline in average wholesale onion prices at Lasalgaon,Onion,0.02990530990064144,0.012667438946664333,0.9574272632598877,negative,False
2015-06-13,city.nashik,Onion export declines by 20% in 2014-15,Onion,0.010552083142101765,0.01689644530415535,0.9725514054298401,negative,False
2015-06-14,sports.football.copa-america-2015,Uruguay down Jamaica as 'Onion' strikes in Copa America,Onion,0.02651248872280121,0.08267676085233688,0.8908107280731201,negative,False
2015-06-27,business.india-business,Govt raises minimum export price of onion by $175,Onion,0.5091888308525085,0.4385973811149597,0.05221380293369293,positive,False
2015-06-28,city.nashik,Hike in MEP to affect country's onion export,Onion,0.3342714309692383,0.3192085921764374,0.34651997685432434,negative,False
2015-07-02,india,Cabinet extends onion stock limits for one year to curb prices,Onion,0.11088190972805023,0.4498746395111084,0.43924346566200256,neutral,False
2015-07-06,life-style.food.quick-food,Sunday Special Recipe: Onion paratha,Onion,0.03513440117239952,0.9323448538780212,0.032520685344934464,neutral,False
2015-07-09,city.navimumbai,10 years on; APMC onion-potato market remains 'dangerous',Onion,0.01236358005553484,0.025379931554198265,0.9622565507888794,negative,False
2015-07-13,city.nashik,Onion auction at Lasalgaon up 32 per cent,Onion,0.7005470395088196,0.2554545998573303,0.043998293578624725,positive,False
2015-07-15,city.ahmedabad,Onion prices may rise by 10-15%: Assocham,Onion,0.23722200095653534,0.752061128616333,0.010716860182583332,neutral,False
2015-07-19,city.nashik,Drought-hit farmers hoard onion; prices up 20%,Onion,0.07110569626092911,0.026052750647068024,0.9028415679931641,negative,True
2015-07-23,business.india-business,Wholesale onion prices up 30% in three days at Nashik,Onion,0.017840832471847534,0.03608456626534462,0.9460746049880981,negative,True
2015-07-23,city.nashik,Wholesale onion prices up 30% in three days at Nashik,Onion,0.017840832471847534,0.03608456626534462,0.9460746049880981,negative,True
2015-07-23,city.nashik,Onion prices shoot up 30% in just three days,Onion,0.017950041219592094,0.05245622247457504,0.9295938014984131,negative,True
2015-07-24,city.goa,State feels the onion pinch,Onion,0.0710567757487297,0.9002447724342346,0.028698373585939407,neutral,False
2015-07-28,city.nashik,2;500 tonnes of onion heads for Delhi market,Onion,0.059794846922159195,0.915325939655304,0.024879243224859238,neutral,False
2015-07-29,city.nagpur,Onion rates bring tears; potatoes some cheer,Onion,0.07218430936336517,0.8984103202819824,0.029405362904071808,neutral,False
2015-08-01,city.pune,Onion prices rise over short supply,Onion,0.13333570957183838,0.37918370962142944,0.48748064041137695,negative,True
2015-08-01,city.nashik,NAFED to supply onion to 8 cities to meet shortage,Onion,0.509174108505249,0.47773855924606323,0.013087261468172073,positive,False
2015-08-02,city.mumbai,Onion prices continue to sting; despite govt efforts,Onion,0.5150314569473267,0.026771750301122665,0.4581967890262604,positive,False
2015-08-03,india,Onion prices up; govt to import 10;000 tonne,Onion,0.029179519042372704,0.0511355958878994,0.9196848273277283,negative,True
2015-08-03,city.nagpur,Onion prices on the rise again,Onion,0.2615896463394165,0.36331042647361755,0.37509989738464355,negative,True
2015-08-03,city.visakhapatnam,Onion prices touch 50 per kg in city,Onion,0.10334634780883789,0.856609582901001,0.04004409909248352,neutral,False
2015-08-03,city.ahmedabad,Supply crunch raises onion prices over Rs 60,Onion,0.036171212792396545,0.040294941514730453,0.9235339164733887,negative,False
2015-08-04,city.chandigarh,Onion prices shoot up,Onion,0.12735392153263092,0.5142095685005188,0.3584364950656891,neutral,False
2015-08-04,city.goa,Onion prices up by 30%,Onion,0.03312176838517189,0.050260573625564575,0.9166176319122314,negative,True
2015-08-05,delhi,Onion prices Rs 60 per kg; Delhi govt to sell cheaper,Onion,0.06923876702785492,0.9113258719444275,0.019435333088040352,neutral,False
2015-08-07,city.lucknow,Rains; poor supply make onion prices spiral,Onion,0.010436790063977242,0.03940808027982712,0.9501551389694214,negative,False
2015-08-08,city.nagpur,Onion at Rs 60/kg but traders hope for a dip next week,Onion,0.3948025107383728,0.28433889150619507,0.32085859775543213,positive,False
2015-08-08,city.goa,High onion rates turn Panaji vendors innovative,Onion,0.057590555399656296,0.06250116974115372,0.8799082636833191,negative,False
2015-08-08,city.delhi,BJP playing onion politics: AAP,Onion,0.05663473159074783,0.9139682650566101,0.02939704805612564,neutral,False
2015-08-12,city.delhi,Safal corrects onion prices,Onion,0.0718168318271637,0.8584810495376587,0.06970217078924179,neutral,False
2015-08-13,city.delhi,As onion price pinches; govt to cut it down to Rs 30,Onion,0.02050313912332058,0.0701865553855896,0.9093103408813477,negative,False
2015-08-14,city.nashik,Onion prices hit 22-month high at Lasalgaon,Onion,0.9183319807052612,0.058921489864587784,0.02274656482040882,positive,False
2015-08-16,entertainment.english.hollywood,Actress eats frogs; worms; but not onion,Onion,0.021133020520210266,0.8928924202919006,0.0859745517373085,neutral,False
2015-08-19,unknown,Why do I smell like onion? Dr Jamuna Pai explains,Onion,0.035693250596523285,0.9136625528335571,0.05064423382282257,neutral,False
2015-08-19,city.nashik,Onion prices triple in a month-and-a-half in Lasalgaon,Onion,0.7753635048866272,0.19443178176879883,0.030204763635993004,positive,False
2015-08-19,city.nagpur,Onion prices touch Rs 70 mark; set to go higher,Onion,0.8876048922538757,0.09215907007455826,0.020236138254404068,positive,False
2015-08-19,india,Centre orders onion imports; mulls increase in export price to bring prices under control,Onion,0.8088321685791016,0.042713284492492676,0.148454487323761,positive,False
2015-08-21,city.delhi,Onion prices may rise due to supply crunch,Onion,0.4050426483154297,0.10812437534332275,0.48683294653892517,negative,False
2015-08-21,city.ahmedabad,Rising onion prices in the Ahmedabad leave consumers teary-eyed,Onion,0.019571082666516304,0.03307868540287018,0.9473502039909363,negative,False
2015-08-21,city.nashik,Onion exports dip 8% at start of fiscal,Onion,0.035592760890722275,0.01732797734439373,0.9470793008804321,negative,False
2015-08-22,city.mumbai,Feeling the pinch: Onion prices hit Rs 70/kg,Onion,0.8385651111602783,0.1015150174498558,0.059919871389865875,positive,False
2015-08-22,city.ahmedabad,Onion tale: Supply drops; price soars,Onion,0.02988634817302227,0.041284628212451935,0.9288290143013,negative,False
2015-08-22,city.pune,Onion commands Rs 70/kg in city,Onion,0.27265089750289917,0.6837748289108276,0.043574266135692596,neutral,False
2015-08-22,city.ludhiana,Onion prices leave bitter taste for consumers,Onion,0.01600302755832672,0.08844105899333954,0.8955559134483337,negative,False
2015-08-22,business.india-business,Onion prices threaten to cross Rs 100 a kg in Delhi as stockists make a killing,Onion,0.03006899170577526,0.05110740661621094,0.9188235402107239,negative,False
2015-08-23,india,Two-pronged assault to control onion prices,Onion,0.16613496840000153,0.7817126512527466,0.0521523579955101,neutral,False
2015-08-23,city.delhi,Onion prices at nationwide high in Delhi despite no shortage in supply,Onion,0.8495041728019714,0.10184691846370697,0.0486488938331604,positive,False
2015-08-23,business.india-business,Two-pronged assault to control onion prices,Onion,0.16613496840000153,0.7817126512527466,0.0521523579955101,neutral,False
2015-08-23,city.nashik,Govt raid across dist to check onion hoarding,Onion,0.07463467866182327,0.3271634876728058,0.5982018113136292,negative,False
2015-08-23,city.bhubaneswar,Onion price touches 60 a kg in retail market,Onion,0.12816500663757324,0.8345312476158142,0.037303756922483444,neutral,False
2015-08-23,mocktale,Mocktale: Onion prices leaving people teary eyed,Onion,0.020135872066020966,0.13170906901359558,0.8481550812721252,negative,False
2015-08-24,city.nagpur,Onion prices may go further up this week,Onion,0.17165948450565338,0.16175615787506104,0.6665843725204468,negative,True
2015-08-24,city.hyderabad,Govt to continue onion sale at subsidized rate: Harish Rao,Onion,0.06428586691617966,0.9238414764404297,0.011872646398842335,neutral,False
2015-08-24,city.chandigarh,Rising high; onion prices go up again,Onion,0.022103484719991684,0.13078346848487854,0.8471130132675171,negative,True
2015-08-24,city.indore,Soaring onion prices bring tears to eyes of common man,Onion,0.10724525153636932,0.26157283782958984,0.6311819553375244,negative,False
2015-08-25,city.chennai,Onion prices up on supply cut; traders for Pak imports,Onion,0.3303971290588379,0.06512579321861267,0.604477047920227,negative,True
2015-08-25,city.kolhapur,Wholesale onion prices slide to 65 a kg,Onion,0.013425834476947784,0.027241308242082596,0.9593328833580017,negative,False
2015-08-25,city.pune,Spiralling onion prices await correction,Onion,0.16381970047950745,0.35612621903419495,0.4800540804862976,negative,False
2015-08-25,city.coimbatore,Onion prices soar to Rs 70 per kilo in 2 weeks; supply drops,Onion,0.1064479798078537,0.07615235447883606,0.8173996210098267,negative,True
2015-08-25,india,As onion prices soar; potato and tomato prices crash,Onion,0.11548899859189987,0.8302449584007263,0.0542660653591156,neutral,False
2015-08-25,india,Hoarders may be using storage facilities of farmers to create artificial onion scarcity,Onion,0.019197983667254448,0.39094042778015137,0.5898615717887878,negative,False
2015-08-26,city.delhi,Fresh onion stock to reach market; prices likely to fall,Onion,0.1786343902349472,0.13460855185985565,0.6867570281028748,negative,False
2015-08-26,city.goa,Now; onion price touches 70 per kg,Onion,0.10305406153202057,0.8744733929634094,0.02247261255979538,neutral,False
2015-08-26,city.kolhapur,Wholesale prices of onion decline to 58/kg in Kolhapur,Onion,0.017497705295681953,0.023978499695658684,0.9585237503051758,negative,False
2015-08-26,city.visakhapatnam,Onion prices touch 80 per kg in city,Onion,0.1299629956483841,0.836459219455719,0.033577729016542435,neutral,False
2015-08-26,city.madurai,Shallots; cabbages take onion's place as prices skyrocket,Onion,0.03806234896183014,0.3952248990535736,0.5667127370834351,negative,False
2015-08-27,city.nashik,Lasalgaon onion prices dip; stabilize at Rs 4;850 a quintal,Onion,0.043904151767492294,0.031427931040525436,0.9246679544448853,negative,False
2015-08-27,city.nashik,Onion stabilizes at Rs 4;850 a quintal,Onion,0.31153222918510437,0.514156699180603,0.174311101436615,neutral,False
2015-08-28,india,Bangladesh export adds to onion crisis,Onion,0.046295322477817535,0.08129289001226425,0.872411847114563,negative,False
2015-08-28,city.nashik,Lasalgaon onion prices dip Rs 100/quintal,Onion,0.02424992248415947,0.09778209775686264,0.8779679536819458,negative,False
2015-08-28,india,Centre okays import of 1;000 tonnes of onion; will reach India by Sep 10,Onion,0.5311534404754639,0.4564670920372009,0.012379450723528862,positive,False
2015-08-28,centre,Govt okays bids for 1k tonnes of onion import to check prices,Onion,0.1778479665517807,0.6661855578422546,0.15596647560596466,neutral,False
2015-08-31,city.nagpur,Onion from Nashik-Dhule is Rs70 a kg,Onion,0.053400129079818726,0.9291331171989441,0.017466727644205093,neutral,False
2015-08-31,city.chennai,Sales fall by 50% as onion prices continue to rise,Onion,0.008210557512938976,0.01666661538183689,0.9751228094100952,negative,False
2015-09-01,city.ahmedabad,Onion breaches 3-figure mark,Onion,0.014979694038629532,0.07978609949350357,0.9052342176437378,negative,False
2015-09-01,city.visakhapatnam,CPM stages protest over rising onion prices,Onion,0.023616131395101547,0.05435975641012192,0.922024130821228,negative,False
2015-09-01,city.jammu,Shiv Sena; Dogra Front protest hike in onion prices,Onion,0.23729872703552246,0.1003461629152298,0.6623550653457642,negative,False
2015-09-01,city.jaipur,Fall in demand stabilises onion prices,Onion,0.042588990181684494,0.05481968820095062,0.9025912284851074,negative,False
2015-09-02,city.jaipur,Guard; woman arrested for facilitating onion theft in Jaipur,Onion,0.015717744827270508,0.10500238835811615,0.8792799115180969,negative,False
2015-09-03,city.nashik,Onion prices up marginally; arrival of fresh crop begins,Onion,0.024535860866308212,0.024948878213763237,0.9505152702331543,negative,True
2015-09-05,city.visakhapatnam,Pricey onion the icing on mantri's b'day cake!,Onion,0.10625548660755157,0.8353623747825623,0.05838213115930557,neutral,False
2015-09-05,city.nashik,Poor monsoon to dry up kharif onion supply,Onion,0.12758603692054749,0.03926971182227135,0.8331442475318909,negative,False
2015-09-08,city.pune,Pune vegetable market shut as traders protest 400kg onion theft,Onion,0.023387987166643143,0.08895091712474823,0.8876610994338989,negative,False
2015-09-08,city.pune,Egyptian; Pune local onion bring little cheer,Onion,0.12447772175073624,0.8543714880943298,0.021150827407836914,neutral,False
2015-09-14,city.nagpur,Onion selling at Rs70 a kg; tur Rs150,Onion,0.054141830652952194,0.9251241087913513,0.020734090358018875,neutral,False
2015-09-14,city.navimumbai,Onion prices drop as new; cheaper produce hits market,Onion,0.01760225184261799,0.02988559566438198,0.9525121450424194,negative,False
2015-09-14,city.jaipur,Cong says govt insensitive to onion price hike,Onion,0.2120216339826584,0.15103454887866974,0.6369438171386719,negative,False
2015-09-16,city.visakhapatnam,CPM protests against high onion prices,Onion,0.06573870033025742,0.16163747012615204,0.7726238369941711,negative,False
2015-09-19,india,After onion; red gram brings tears to the eyes in Telangana,Onion,0.0516190268099308,0.8302820920944214,0.11809887737035751,neutral,False
2015-09-22,city.delhi,Capital runs low on onion stocks; eyes Afghan pie,Onion,0.011111251078546047,0.05398210510611534,0.934906542301178,negative,False
2015-09-23,city.madurai,Onion prices begin to fall in Madurai region,Onion,0.009886116720736027,0.021008124575018883,0.9691057205200195,negative,False
2015-09-24,city.delhi,ACB launches probe into onion scam,Onion,0.045418981462717056,0.5122871398925781,0.44229382276535034,neutral,False
2015-10-02,life-style.food.food-features,Onion prices make eateries weep,Onion,0.03127827122807503,0.8485936522483826,0.12012812495231628,neutral,False
2015-10-05,life-style.food.food-features,Mumbai is still crying over onion prices,Onion,0.06744317710399628,0.15142102539539337,0.7811357975006104,negative,False
2015-10-06,city.mumbai,New crop brings onion prices down in Mumbai,Onion,0.014039655216038227,0.02549642138183117,0.9604640007019043,negative,False
2015-10-06,city.nagpur,Transport strike ends with governmant assurance; onion prices steady due to good arrivals,Onion,0.8932005167007446,0.0542139932513237,0.05258544906973839,positive,False
2015-10-06,city.hubballi,Lorry strike hits onion trading,Onion,0.02577485330402851,0.14769437909126282,0.8265307545661926,negative,False
2015-10-08,city.nashik,Onion prices up 11% in a day as supply goes down,Onion,0.03203592449426651,0.03331105038523674,0.9346529841423035,negative,True
2015-10-09,life-style.food.food-features,Missing onion in your meals Try these tricks,Onion,0.029491432011127472,0.924347996711731,0.04616054147481918,neutral,False
2015-10-14,city.bhubaneswar,Odisha to increase onion production in kharif,Onion,0.8990094661712646,0.09254463762044907,0.00844590738415718,positive,False
2015-10-17,india,Volatility in onion prices can be managed through appropriate measures; says Niti Aayog member,Onion,0.4394378066062927,0.5494859218597412,0.0110763069242239,neutral,False
2015-10-20,city.nashik,Onion prices drop to 2;500/quintal at Lasalgaon,Onion,0.009914587251842022,0.021918343380093575,0.9681670665740967,negative,False
2015-10-28,city.aurangabad,Fresh onion crop in; but prices shoot,Onion,0.07623393088579178,0.09355910867452621,0.8302069902420044,negative,True
2015-11-06,city.nashik,At 2;100/quintal; onion prices hit season's low,Onion,0.881714940071106,0.027609990909695625,0.09067501872777939,positive,False
2015-11-29,city.nashik,Lasalgaon onion prices at record 4-month low,Onion,0.20299172401428223,0.44579067826271057,0.3512175679206848,neutral,False
2015-12-03,city.bengaluru,Rain brings down onion price; tomato remains expensive,Onion,0.014980781823396683,0.0779903456568718,0.9070287942886353,negative,False
2015-12-10,city.navimumbai,Onion prices plunge with fresh supply; further drop likely,Onion,0.01873987354338169,0.022424373775720596,0.958835780620575,negative,False
2015-12-11,city.nashik,Less export price hope stabilises onion prices,Onion,0.5809491872787476,0.31522801518440247,0.10382278263568878,positive,False
2015-12-15,city.nashik,Onion prices rise by 8.69% as MEP finally drops to US $400,Onion,0.06705345213413239,0.026283524930477142,0.9066629409790039,negative,False
2015-12-17,city.nashik,MEP cut fails to rein in falling onion prices,Onion,0.11122747510671616,0.0347907654941082,0.8539818525314331,negative,False
2015-12-22,city.nashik,Lasalgaon onion prices decline to six-month low,Onion,0.01646118424832821,0.01748514734208584,0.9660536646842957,negative,False
2015-12-25,business.india-business,Govt abolishes MEP on onion to boost exports,Onion,0.2870541512966156,0.6491951942443848,0.06375060230493546,neutral,False
2015-12-30,city.goa,Good tidings we bring! Onion prices may drop to 20/kg,Onion,0.008752582594752312,0.03132594749331474,0.9599214792251587,negative,False
2016-01-02,city.nashik,Onion export fell by almost 18% in first half of fiscal,Onion,0.0075763436034321785,0.01760789193212986,0.9748157262802124,negative,False
2016-01-12,world.us,Fox News claims Barack Obama used 'raw onion' to make him cry during gun control speech,Onion,0.03900301083922386,0.5069788098335266,0.45401814579963684,neutral,False
2016-01-31,city.nashik,Average wholesale onion prices record nine-month low @ Rs 950 per quintal at Lasalgaon,Onion,0.014775263145565987,0.040548838675022125,0.9446758031845093,negative,False
2016-02-08,life-style.food.food-features,Using spring onion in winter,Onion,0.04239950329065323,0.9308974146842957,0.02670310065150261,neutral,False
2016-02-09,city.nashik,Onion prices drop to 22-month low of 850 per quintal,Onion,0.007355879060924053,0.02354186214506626,0.9691022038459778,negative,False
2016-02-11,business.india-business,Onion prices crash to 2-year low; now at Rs 700 a quintal,Onion,0.032324060797691345,0.05101916939020157,0.9166568517684937,negative,False
2016-02-11,city.coimbatore,Bumper harvest halves small onion prices,Onion,0.07799573242664337,0.5537267923355103,0.36827749013900757,neutral,False
2016-02-12,city.nashik,Onion prices stabilise at 2-yr low,Onion,0.7118503451347351,0.135249063372612,0.15290065109729767,positive,False
2016-02-13,city.nashik,Central team reviews Lasalgaon onion price crash,Onion,0.036431457847356796,0.7035375833511353,0.26003098487854004,neutral,False
2016-02-14,city.nashik,Onion prices dip 33% in 12 days,Onion,0.05685913562774658,0.03734266757965088,0.9057981967926025,negative,False
2016-02-18,city.nashik,Onion buffer stock to curb scarcity,Onion,0.14308281242847443,0.8357646465301514,0.02115250937640667,neutral,False
2016-02-23,city.nashik,Summer onion crop trickles in at 900/quintal,Onion,0.3628900647163391,0.5996554493904114,0.03745440021157265,neutral,False
2016-02-26,city.nashik,Onion prices fall to two-year low of Rs 675/Q,Onion,0.009352180175483227,0.034552037715911865,0.956095814704895,negative,False
2016-03-08,city.nashik,Onion arrival at Lasalgaon set to go up,Onion,0.20129933953285217,0.7621917128562927,0.0365089550614357,neutral,False
2016-03-17,city.nashik,NAFED expands its onion storage capacity,Onion,0.9297003149986267,0.061093538999557495,0.009206073358654976,positive,False
2016-03-24,city.nashik,No onion auction for 12 days at Lasalgaon; mkt to reopen on April 4,Onion,0.04480024054646492,0.927000880241394,0.02819887548685074,neutral,False
2016-03-27,city.delhi,Onion exports fall 10% to 6.95 lakh tonnes in Apr-Dec,Onion,0.009894072078168392,0.016220977529883385,0.9738849997520447,negative,False
2016-04-05,city.nashik,Mathadi workers' day-long strike hits onion auction,Onion,0.018474938347935677,0.05029512941837311,0.9312299489974976,negative,False
2016-04-15,city.ahmedabad,Good yield in state to keep onion prices low,Onion,0.6957991719245911,0.26811525225639343,0.036085572093725204,positive,False
2016-04-16,city.bhopal,Bumper onion crop has farmers in tears,Onion,0.16771435737609863,0.11382471024990082,0.7184609174728394,negative,False
2016-04-21,city.nagpur,Bulk rate of onion down to 5-7/kg; potato rising,Onion,0.011192632839083672,0.022235888987779617,0.9665714502334595,negative,False
2016-05-03,city.nashik,NAFED procures 625 tonnes of onion so far as buffer,Onion,0.5451143383979797,0.44296562671661377,0.01192006841301918,positive,False
2016-05-03,city.nashik,Onion farmer fails to break even; dumps crop on road,Onion,0.010078700259327888,0.04187624529004097,0.9480449557304382,negative,False
2016-05-06,city.pune,Farmers to boycott onion auction to protest price fall,Onion,0.017420515418052673,0.11060530692338943,0.8719741106033325,negative,False
2016-05-13,city.nashik,Onion prices dip slightly at Lasalgaon,Onion,0.0473506785929203,0.02076186239719391,0.9318875074386597,negative,False
2016-05-15,city.hubballi,Debt-ridden onion grower ends life in Vijayapura,Onion,0.023136934265494347,0.33650583028793335,0.640357255935669,negative,False
2016-05-17,city.nashik,Onion prices touch 2-year low,Onion,0.08076611161231995,0.17112380266189575,0.7481100559234619,negative,False
2016-05-17,city.nashik,Farmers demand better onion price,Onion,0.31880757212638855,0.6701998114585876,0.010992595925927162,neutral,False
2016-05-19,city.nashik,Onion prices up 25% in two days at Lasalgaon,Onion,0.01874491386115551,0.04118391498923302,0.9400711059570312,negative,True
2016-05-20,city.nashik,Farmers stay away from market; onion arrivals fall by 30%,Onion,0.007263919338583946,0.023376792669296265,0.9693593382835388,negative,False
2016-05-23,city.nashik,Fadnavis steps in to help state's onion farmers,Onion,0.6843398809432983,0.30543702840805054,0.01022305991500616,positive,False
2016-05-23,city.nashik,Chief Minister steps in to help Maha onion farmers,Onion,0.2722935378551483,0.7049493193626404,0.022757120430469513,neutral,False
2016-05-24,city.pune,Farmers in tears as onion prices dive,Onion,0.031959015876054764,0.10663164407014847,0.8614094257354736,negative,False
2016-05-26,city.nashik,Wholesale onion prices up by 12%,Onion,0.029366087168455124,0.03160575404763222,0.9390281438827515,negative,True
2016-05-30,city.nashik,Farmers body to stage agitation on Thursday to protest fall in onion prices,Onion,0.040919650346040726,0.0639970451593399,0.8950833082199097,negative,False
2016-06-01,city.bhopal,Yield glut; poor storage make onion farmers cry,Onion,0.008744895458221436,0.034888070076704025,0.956367015838623,negative,False
2016-06-02,city.bhopal,CM steps in to bail out stressed onion farmers,Onion,0.8078345656394958,0.17496199905872345,0.01720350608229637,positive,False
2016-06-05,city.bhopal,Private traders pip govt's onion move,Onion,0.20593766868114471,0.18688668310642242,0.6071756482124329,negative,False
2016-06-07,city.nashik,Onion arrivals up but prices remain steady,Onion,0.17272447049617767,0.06754833459854126,0.7597271800041199,negative,True
2016-06-07,city.indore,Onion crisis plotted by wholesalers?,Onion,0.021943572908639908,0.311240017414093,0.6668164134025574,negative,False
2016-06-11,city.coimbatore,Onion and tomato cultivation begins after 10-day delay,Onion,0.02560984529554844,0.9487313032150269,0.025658898055553436,neutral,False
2016-06-13,city.nashik,Onion farmers seek Minimum Support Price of Rs2;000 per quintal,Onion,0.06252896040678024,0.9189905524253845,0.018480569124221802,neutral,False
2016-06-16,city.nashik,Onion buffer stock of 4;500T to keep inflation under control,Onion,0.20504692196846008,0.7751777768135071,0.019775262102484703,neutral,False
2016-06-19,city.nashik,Onion buffer stock of 17;000 tonnes created,Onion,0.04691118001937866,0.937038004398346,0.016050847247242928,neutral,False
2016-06-21,city.nashik,Onion traders call off strike; auction to resume today,Onion,0.028420068323612213,0.5795289278030396,0.39205098152160645,neutral,False
2016-06-23,city.bhopal,Madhya Pradesh CM's onion plan turns Rs 100-crore tear-jerker,Onion,0.09894848614931107,0.40970927476882935,0.4913422167301178,negative,False
2016-06-23,city.nashik,6% hike in onion prices at Lasalgaon,Onion,0.029528221115469933,0.031188955530524254,0.9392828345298767,negative,True
2016-06-24,city.coimbatore,Small onion price may touch Rs50 per kg during monsoon,Onion,0.07062505185604095,0.8800612092018127,0.049313727766275406,neutral,False
2016-06-28,city.nashik,After glut; onion shortage scare looms large,Onion,0.014609044417738914,0.06898719817399979,0.9164037704467773,negative,False
2016-07-05,city.nashik,Onion prices may shoot up after Ramzan,Onion,0.2623143792152405,0.1514958292245865,0.5861898064613342,negative,True
2016-07-13,city.aurangabad,6-year-old dead as dad shoves onion in throat as punishment,Onion,0.07074704766273499,0.4695843458175659,0.4596686363220215,neutral,False
2016-07-20,india,Amendments to Child Labour Bill: Minister recalls days as onion seller,Onion,0.02203867770731449,0.4778500497341156,0.5001112818717957,negative,False
2016-07-20,city.hyderabad,Bandaru Dattatreya recalls days as onion seller,Onion,0.08145289123058319,0.8437615633010864,0.074785515666008,neutral,False
2016-07-26,city.nashik,Onion auction in gunny bags now,Onion,0.06006445735692978,0.9187441468238831,0.021191425621509552,neutral,False
2016-07-27,city.nashik,After 17 days of stir; onion auction starts at Lasalgaon,Onion,0.03981428220868111,0.9391216039657593,0.021064110100269318,neutral,False
2016-07-27,city.nashik,After stir of 17 days; onion auction starts at Lasalgaon,Onion,0.033309534192085266,0.940895676612854,0.025794794782996178,neutral,False
2016-07-29,city.nashik,Onion auction in gunny bags a damp squib,Onion,0.06890382617712021,0.8244507312774658,0.10664545744657516,neutral,False
2016-08-06,city.nashik,Onion scarcity looms; cultivation yet to begin,Onion,0.05564913526177406,0.8904578685760498,0.05389299988746643,neutral,False
2016-08-08,city.nashik,Onion supply down 75% over gunny bag row,Onion,0.008930156007409096,0.023583488538861275,0.9674863815307617,negative,False
2016-08-20,city.nashik,Onion prices tumble to Rs 650 per quintal,Onion,0.0100364089012146,0.030488643795251846,0.9594749808311462,negative,False
2016-08-24,city.nashik,Onion plantation on at snail's pace,Onion,0.14882691204547882,0.8043341636657715,0.046838898211717606,neutral,False
2016-08-25,city.nashik,NCP stir to push for onion MSP,Onion,0.2044508457183838,0.7765533924102783,0.018995773047208786,neutral,False
2016-08-28,city.mumbai,Maharashtra govt's onion grant unlikely to be helpful for farmers,Onion,0.8938412666320801,0.08422821015119553,0.021930543705821037,positive,False
2016-08-29,city.nashik,NCP blames BJP govts for onion farmers' crisis,Onion,0.019458690658211708,0.07470399886369705,0.9058372974395752,negative,False
2016-08-30,city.nashik,Onion plantation dips 68% in Nashik,Onion,0.06388605386018753,0.05166830122470856,0.8844456672668457,negative,False
2016-08-30,city.nashik,Kharif onion plantation dips 68% this season,Onion,0.026803771033883095,0.04110736772418022,0.9320889115333557,negative,False
2016-08-31,city.mumbai,Wholesale onion price hits 10-year record low of 2/kg,Onion,0.025678467005491257,0.028848951682448387,0.9454725980758667,negative,False
2016-09-02,city.nashik,Tomato; onion retail prices crash,Onion,0.04492815211415291,0.9210277199745178,0.03404412418603897,neutral,False
2016-09-04,city.nashik,Govt seeks onion auction details from APMCs,Onion,0.03153938800096512,0.947974443435669,0.020486202090978622,neutral,False
2016-09-07,city.nashik,APMCs fail to give onion auction details even after deadline,Onion,0.016164956614375114,0.7353309392929077,0.24850408732891083,neutral,False
2016-09-07,city.hubballi,Wholesale price of onion down; but consumers do not benefit,Onion,0.03735934570431709,0.7133359909057617,0.2493046522140503,neutral,False
2016-09-08,city.nashik,Half of buffer onion stock rots in storage,Onion,0.00965578481554985,0.08517088741064072,0.9051733613014221,negative,False
2016-09-08,city.nashik,50% of 17;000 tonnes onion buffer stock rots in storage,Onion,0.008533835411071777,0.059702809900045395,0.9317632913589478,negative,False
2016-09-10,city.nashik,Farmers protest crash in onion prices,Onion,0.047382209450006485,0.12159866094589233,0.8310191631317139,negative,False
2016-09-13,city.nashik,Wholesale onion prices drop by 34% in a week,Onion,0.010398710146546364,0.016628479585051537,0.9729727506637573,negative,False
2016-09-13,city.indore,Govt to build 300 onion storage units in Indore,Onion,0.3206607401371002,0.6655795574188232,0.013759744353592396,neutral,False
2016-09-14,business.india-business,In last 4 months; onion farmers lost Rs 800 crore,Onion,0.018518973141908646,0.030709944665431976,0.950771152973175,negative,False
2016-09-14,city.nagpur,At Rs5 to 8kg; onion rates lowest in years,Onion,0.00957453902810812,0.03863060474395752,0.9517948627471924,negative,False
2016-09-15,city.nashik,Lasalgaon onion prices stabilise at Rs 425 per quintal,Onion,0.5069767832756042,0.45982763171195984,0.03319564089179039,positive,False
2016-09-21,city.nashik,Onion prices plunge to 350 a quintal,Onion,0.0227911826223135,0.07057227939367294,0.9066365957260132,negative,False
2016-09-26,city.nashik,Onion exports up over 73% in first quarter,Onion,0.9440693259239197,0.04108260199427605,0.014848067425191402,positive,False
2016-09-27,city.nashik,Fall in supply stabilises onion prices at 350 per quintal,Onion,0.02545786090195179,0.02362942323088646,0.9509127736091614,negative,False
2016-09-28,city.nashik,Onion farmers launch indefinite hunger stir,Onion,0.04061197116971016,0.31104031205177307,0.6483477354049683,negative,False
2016-09-29,city.nashik,Onion farmers to intensify agitation,Onion,0.22347010672092438,0.7367239594459534,0.03980591893196106,neutral,False
2016-10-01,city.bengaluru,Onion; potato growers shed tears as prices plunge,Onion,0.030852820724248886,0.08478278666734695,0.8843644261360168,negative,False
2016-10-05,city.nashik,NCP conference to focus on onion crisis; farmers' issues,Onion,0.04564554989337921,0.892977774143219,0.06137667968869209,neutral,False
2016-10-07,city.nashik,Wholesale onion prices rise 71% in a week at Lasalgaon,Onion,0.02158237248659134,0.08890268206596375,0.8895149230957031,negative,True
2016-10-07,city.hubballi,Fall in onion price drives farmer to attempt suicide,Onion,0.015926161780953407,0.05447179079055786,0.9296020269393921,negative,False
2016-10-08,city.hubballi,Onion farmers to get relief for loss,Onion,0.21811068058013916,0.7186494469642639,0.06323985755443573,neutral,False
2016-10-08,city.nashik,Low supply pushes onion prices up by 25% at Lasalgaon,Onion,0.06956180930137634,0.02327500283718109,0.9071632027626038,negative,True
2016-10-09,city.mysuru,She has a special taste for onion peels-not culinary; but artistic,Onion,0.05658411234617233,0.9194271564483643,0.02398873120546341,neutral,False
2016-10-17,city.mysuru,Raitha Sangha demands minimum support price for onion,Onion,0.046786822378635406,0.9343449473381042,0.018868204206228256,neutral,False
2016-10-21,city.nashik,Stocks and supply peter out; onion prices may soar in Nov,Onion,0.08737226575613022,0.03304275870323181,0.8795849680900574,negative,False
2016-10-21,city.nashik,Stocks and supply peter out onion prices may soar in November,Onion,0.07164090871810913,0.028436463326215744,0.8999226093292236,negative,False
2016-10-21,city.nashik,Onion supply a trickle; prices to soar in November,Onion,0.43463149666786194,0.1272980272769928,0.43807050585746765,negative,False
2016-10-21,city.mumbai,Onion supply a trickle; prices to soar in November,Onion,0.43463149666786194,0.1272980272769928,0.43807050585746765,negative,False
2016-10-22,city.nashik,Stocks and supply peter out; onion prices may soar in November,Onion,0.08396405726671219,0.026321927085518837,0.8897141218185425,negative,False
2016-10-23,city.hubballi,JD(S) threatens statewide protest over onion farmers' problems,Onion,0.01669013686478138,0.0767015591263771,0.9066084027290344,negative,False
2016-10-24,city.nashik,Increase in demand stabilises onion price,Onion,0.8323156237602234,0.14313317835330963,0.02455125004053116,positive,False
2016-10-24,city.bengaluru,Infant dies after accidentally swallowing onion in Karnataka,Onion,0.025839313864707947,0.2488236129283905,0.725337028503418,negative,False
2016-10-24,life-style.health-fitness.health-news,Onion compound may treat ovarian cancer,Onion,0.18966367840766907,0.7897595763206482,0.02057676762342453,neutral,False
2016-10-24,spirituality,Health secrets of Onion as mentioned in Charaka Samhita,Onion,0.05712701380252838,0.91986483335495,0.023008141666650772,neutral,False
2016-10-25,city.bengaluru,1 year old girl swallows onion; chokes to death,Onion,0.025401262566447258,0.4330776035785675,0.5415211915969849,negative,False
2016-10-27,city.hubballi,Prices crash - Onion farmer in Bagalkot ends life,Onion,0.020262842997908592,0.2131226509809494,0.766614556312561,negative,False
2016-10-27,city.nashik,No onion auction at Lasalgaon for nine days,Onion,0.026075223460793495,0.8663917779922485,0.10753298550844193,neutral,False
2016-10-28,city.nashik,Few farmers opt for onion grants,Onion,0.06702880561351776,0.9151144623756409,0.017856763675808907,neutral,False
2016-10-29,city.bengaluru,Govt to buy onion at Rs 6.24 per kg,Onion,0.07165151089429855,0.9139271378517151,0.01442133542150259,neutral,False
2016-11-05,city.nashik,Wholesale onion prices rise 12.5% at Lasalgaon,Onion,0.029174502938985825,0.1993533968925476,0.7714720964431763,negative,True
2016-11-05,city.hyderabad,Crashing onion price: Centre's help sought,Onion,0.1415538489818573,0.8332121968269348,0.025233978405594826,neutral,False
2016-11-08,city.navimumbai,Fresh crop delay ups onion rates by 2/kg,Onion,0.14723648130893707,0.11816654354333878,0.7345969676971436,negative,False
2016-11-08,city.hubballi,Onion purchase begins at APMC procurement centre,Onion,0.02372421696782112,0.9528464674949646,0.02342931367456913,neutral,False
2016-11-08,city.nashik,Retail onion prices set to increase,Onion,0.7039501667022705,0.2747722268104553,0.021277613937854767,positive,False
2016-11-11,city.nashik,Onion auction suspended at Lasalgaon for 5 days,Onion,0.021281758323311806,0.4966782033443451,0.48204001784324646,neutral,False
2016-11-17,city.hyderabad,Malakpet onion traders shutter-up,Onion,0.016396213322877884,0.12610703706741333,0.8574966788291931,negative,False
2016-11-23,city.nashik,Onion trade back to normal at Lasalgaon,Onion,0.22879937291145325,0.6048774719238281,0.16632318496704102,neutral,False
2016-11-24,city.nashik,Onion auction called off for a day,Onion,0.02919600158929825,0.2478906661272049,0.722913384437561,negative,False
2016-12-02,city.noida,Robbers try to sell looted onion in cash crunch-hit market; nabbed,Onion,0.011333840899169445,0.04159601405262947,0.9470701217651367,negative,False
2016-12-08,city.hubballi,On last day; heavy rush of farmers to sell onion at APMC,Onion,0.8182660341262817,0.13534554839134216,0.04638843983411789,positive,False
2016-12-22,city.nashik,Onion prices dip over 27% in a week at Lasalgaon market,Onion,0.04268869385123253,0.07060547918081284,0.8867058753967285,negative,False
2016-12-27,city.nashik,Marginal drop in wholesale onion prices,Onion,0.02667270414531231,0.01903962902724743,0.954287588596344,negative,False
2016-12-29,city.nashik,13% rise in onion prices,Onion,0.0423845611512661,0.23130199313163757,0.7263134717941284,negative,True
2017-01-02,city.nashik,Three-fold rise in onion export,Onion,0.9098747968673706,0.06886252760887146,0.02126266434788704,positive,False
2017-02-08,city.nashik,Lasalgaon onion prices down 33% on high supply,Onion,0.009096790105104446,0.02267448417842388,0.9682287573814392,negative,False
2017-02-16,city.mumbai,Farmers want to export onion after glut in market,Onion,0.19019795954227448,0.7017871141433716,0.10801494866609573,neutral,False
2017-02-27,city.mumbai,At Rs 450/quintal; onion prices dive to 5-year low,Onion,0.2214404195547104,0.0250875111669302,0.753472089767456,negative,False
2017-03-11,city.nashik,7 months on; govt grant eludes onion farmers,Onion,0.7748492360115051,0.19693569839000702,0.028214989230036736,positive,False
2017-03-12,city.indore,Farmer's will get 50% subsidy for onion storage,Onion,0.26751402020454407,0.7231513261795044,0.00933467410504818,neutral,False
2017-03-20,city.nashik,Onion export registers all-time high of 24 lakh tonne,Onion,0.7861860394477844,0.1855715960264206,0.028242360800504684,positive,False
2017-04-01,city.bengaluru,Not onion or garlic; politics and logistics deal-breaker: Iskcon,Onion,0.03109249845147133,0.946836531162262,0.02207096666097641,neutral,False
2017-04-19,city.hyderabad,Most carrot; onion samples in Hyderabad found to contain E-coli,Onion,0.06556261330842972,0.403941810131073,0.5304955840110779,negative,False
2017-05-09,city.indore,Onion farmers may turn to other crops,Onion,0.03298414126038551,0.9299114942550659,0.03710436075925827,neutral,False
2017-05-10,city.ahmedabad,Onion sowing shoots up,Onion,0.062216781079769135,0.9157080054283142,0.022075150161981583,neutral,False
2017-05-17,city.patna,Onion bizman shot in Fatuha,Onion,0.10020280629396439,0.4750829339027405,0.42471426725387573,neutral,False
2017-05-23,city.nashik,Onion prices rise 40% due to decline in supply,Onion,0.35285764932632446,0.03186522424221039,0.6152771711349487,negative,True
2017-05-23,city.bhubaneswar,BJP tells Centre about distress sale of onion,Onion,0.054358597844839096,0.896899402141571,0.04874198138713837,neutral,False
2017-06-13,city.bhopal,No limit on onion; dal purchase: Govt,Onion,0.03431650623679161,0.948549211025238,0.01713431254029274,neutral,False
2017-06-17,entertainment.english.music.news,Lorde admits reviewing 'onion rings' on Instagram secretly!,Onion,0.04025537520647049,0.9058839082717896,0.05386073887348175,neutral,False
2017-06-18,city.coimbatore,27-yr-old arrested for stealing 100kg onion from Pollachi market,Onion,0.020019710063934326,0.16424307227134705,0.815737247467041,negative,False
2017-06-21,city.ahmedabad,Rs 100 crore subsidy announced for potato; onion farmers,Onion,0.17241749167442322,0.804471492767334,0.0231110081076622,neutral,False
2017-06-21,city.nashik,22% rise in wholesale onion prices at Lasalgaon,Onion,0.019483158364892006,0.04010549560189247,0.9404113292694092,negative,True
2017-06-23,city.madurai,Farmers want support from govt for raising onion crops,Onion,0.3253772556781769,0.6623262166976929,0.01229654997587204,neutral,False
2017-06-27,city.indore,Government urges Indore traders to buy onion,Onion,0.2364722490310669,0.7316130995750427,0.03191465139389038,neutral,False
2017-07-09,city.bhopal,Farmers' strike; onion glut take away happiness from kids,Onion,0.02682093344628811,0.15190765261650085,0.8212713599205017,negative,False
2017-07-11,city.bhopal,Brace for onion tears in your market,Onion,0.08552682399749756,0.6927897334098816,0.22168342769145966,neutral,False
2017-07-28,india,Wholesale onion price surges 118% in two weeks,Onion,0.043586958199739456,0.04074351117014885,0.9156695604324341,negative,True
2017-07-29,city.bhopal,For Rs 109cr onion spend; farmers got Rs 62cr in 2016,Onion,0.20377495884895325,0.7825397849082947,0.013685270212590694,neutral,False
2017-07-29,city.bhopal,73 per cent onion procured last year rotted in Madhya Pradesh,Onion,0.020299339666962624,0.05956396460533142,0.9201366305351257,negative,False
2017-07-29,city.indore,73 per cent onion procured last year rotted in Madhya Pradesh,Onion,0.020299339666962624,0.05956396460533142,0.9201366305351257,negative,False
2017-07-31,city.lucknow,Rise in onion price disrupts veggie budget further,Onion,0.012971469201147556,0.040933504700660706,0.9460951089859009,negative,False
2017-08-01,city.visakhapatnam,Onion rate doubles in five days;other veggie prices also soar,Onion,0.16105055809020996,0.07137296348810196,0.7675765156745911,negative,True
2017-08-01,city.bhopal,After onion; pulse procurement raises a stink,Onion,0.2100980579853058,0.7718115448951721,0.01809045486152172,neutral,False
2017-08-04,india,Wholesale price of onion rises 80% in a day in Nashik,Onion,0.021725229918956757,0.13777098059654236,0.8405037522315979,negative,True
2017-08-04,city.goa,Onion prices set to sting in days to come,Onion,0.3754081428050995,0.3867167830467224,0.2378750890493393,neutral,False
2017-08-04,business.india-business,Wholesale price of onion rises 80% in a day in Nashik,Onion,0.021725229918956757,0.13777098059654236,0.8405037522315979,negative,True
2017-08-05,city.pune,Onion prices spiral after poor supply; tomato falls,Onion,0.009439072571694851,0.0268812645226717,0.9636796712875366,negative,False
2017-08-07,city.kolhapur,Despite supply onion prices not coming down,Onion,0.5664440393447876,0.29619893431663513,0.13735705614089966,positive,False
2017-08-08,city.kolkata,Price surge makes Kolkata shed onion tears,Onion,0.09612135589122772,0.3106023669242859,0.59327632188797,negative,False
2017-08-08,city.nashik,Onion auction to begin at Lasalgaon after 3-day break,Onion,0.03499651700258255,0.941483199596405,0.02352023310959339,neutral,False
2017-08-17,city.ahmedabad,Onion prices bring tears,Onion,0.2983040511608124,0.5890467166900635,0.11264927685260773,neutral,False
2017-08-19,city.delhi,Special raids to prevent onion hoarding,Onion,0.032895974814891815,0.7603565454483032,0.20674745738506317,neutral,False
2017-08-21,city.bhopal,After orange & onion; soya crisis stares Agar farmers,Onion,0.07546363770961761,0.7349902391433716,0.18954609334468842,neutral,False
2017-09-09,business.india-business,Onion importers worry over drop in prices,Onion,0.025777319446206093,0.03358546271920204,0.9406372904777527,negative,False
2017-09-15,city.nashik,Onion prices fall 35% after I-T raids on Nashik traders,Onion,0.010828047059476376,0.02563873864710331,0.9635332226753235,negative,False
2017-09-16,city.nashik,Traders boycott onion auction after I-T raids,Onion,0.014651394449174404,0.11713561415672302,0.8682129979133606,negative,False
2017-09-16,city.delhi,Maharashtra trader strike may increase Delhi onion prices,Onion,0.03319385647773743,0.07287789136171341,0.8939282298088074,negative,False
2017-09-17,india,I-T uncovers Nashik onion traders' hawala deals; Dubai links,Onion,0.09671345353126526,0.8797577619552612,0.02352876216173172,neutral,False
2017-09-17,city.nashik,Income Tax department uncovers Nashik onion traders' hawala deals; Dubai links,Onion,0.03751801326870918,0.6617172956466675,0.30076467990875244,neutral,False
2017-09-17,city.nashik,Onion traders asked to start auction or face action,Onion,0.020133385434746742,0.9066092371940613,0.07325733453035355,neutral,False
2017-10-10,india,Onion prices to soar further this Diwali,Onion,0.3633504807949066,0.1233275756239891,0.5133219957351685,negative,True
2017-10-10,city.nashik,Onion prices rise 80% in 10 days at Lasalgaon,Onion,0.018205545842647552,0.08564887940883636,0.8961455821990967,negative,True
2017-11-08,city.guwahati,Onion prices soar beyond fixed rates,Onion,0.40533265471458435,0.5119235515594482,0.0827438160777092,neutral,False
2017-11-12,business.india-business,Onion export jumps 56% in Apr-July; but India now importing,Onion,0.8593134880065918,0.10532575845718384,0.03536069393157959,positive,False
2017-11-13,city.chandigarh,Onion; peas join pricey group of radish; tomato,Onion,0.11891970038414001,0.8676043748855591,0.013475961983203888,neutral,False
2017-11-17,city.chennai,Koyambedu Market Registers Average Hike Of 40%; Onion Price Rises By 125%,Onion,0.024634452536702156,0.04523152858018875,0.9301339983940125,negative,True
2017-11-18,city.nashik,Wholesale onion prices up 25% in 5 days,Onion,0.016797153279185295,0.03244601935148239,0.9507567882537842,negative,True
2017-11-24,city.bengaluru,Onion prices double in Bengaluru; may cross Rs 80 per kg,Onion,0.6516483426094055,0.05414753034710884,0.29420408606529236,positive,False
2017-11-24,city.bhubaneswar,Menu suffers as onion prices head north,Onion,0.0106681939214468,0.020126529037952423,0.9692052602767944,negative,False
2017-11-30,city.jaipur,Limited supply sees tomato; onion prices soaring,Onion,0.03485259413719177,0.11665283888578415,0.8484945297241211,negative,False
2017-11-30,city.gurgaon,Winter sets in; yet onion prices on fire,Onion,0.18319742381572723,0.585005521774292,0.23179703950881958,neutral,False
2017-11-30,india,Controlling onion prices not in our hands: Paswan,Onion,0.04535997658967972,0.9378601908683777,0.016779767349362373,neutral,False
2017-12-01,city.mumbai,Wholesale onion prices dip by Rs 15; retailers yet to budge,Onion,0.025623971596360207,0.022966288030147552,0.9514098167419434,negative,False
2017-12-01,city.nashik,Onion prices drop further at Lasalgaon,Onion,0.018662096932530403,0.024265624582767487,0.9570722579956055,negative,False
2017-12-01,city.chandigarh,Onion prices reach Rs 80/kg; consumers cry,Onion,0.28890568017959595,0.689757227897644,0.021337084472179413,neutral,False
2017-12-01,city.navimumbai,Wholesale onion prices dip by Rs 15; retailers yet to budge,Onion,0.025623971596360207,0.022966288030147552,0.9514098167419434,negative,False
2017-12-03,city.hubballi,Onion prices may drop in Hubballi; thanks to Cyclone Ockhi,Onion,0.013345671817660332,0.018542993813753128,0.9681113362312317,negative,False
2017-12-05,city.nashik,Onion exports increase by 30%,Onion,0.9476999640464783,0.03759690746665001,0.014703045599162579,positive,False
2017-12-07,city.nashik,Ockhi effect: Onion prices increase by 48% in 2 days,Onion,0.9351391792297363,0.045343685895204544,0.019517123699188232,positive,False
2017-12-15,city.hyderabad,Onion prices bring tears; sharp spike since last year,Onion,0.03436325863003731,0.01814618520438671,0.9474905729293823,negative,False
2017-12-17,city.kolkata,IIT-Kgp turns onion skin into electricity,Onion,0.09118930995464325,0.8969339728355408,0.011876778677105904,neutral,False
2017-12-18,city.madurai,Dindigul farmers overjoyed as onion prices take upward curve,Onion,0.8279252052307129,0.09813966602087021,0.07393515110015869,positive,False
2017-12-21,city.ahmedabad,Onion farmers in Gujarat demand MSP,Onion,0.09554354846477509,0.8843931555747986,0.02006327360868454,neutral,False
2018-01-11,home.science,Now selling: A tear-free onion,Onion,0.17291203141212463,0.8132919073104858,0.013796101324260235,neutral,False
2018-01-17,city.bhubaneswar,Minister caution for those inflating onion prices,Onion,0.14916566014289856,0.6717795729637146,0.17905475199222565,neutral,False
2018-02-06,india,Onion prices up by 46% after MEP removal,Onion,0.02115246094763279,0.032696109265089035,0.9461514353752136,negative,True
2018-02-07,city.madurai,Onion market faces corporation's music for encroachment,Onion,0.08722466230392456,0.8869330286979675,0.02584235370159149,neutral,False
2018-02-12,city.mumbai,40% of teachers believed smelling onion or chappal a key first-aid for epilepsy: Study,Onion,0.06358394771814346,0.908555269241333,0.02786083333194256,neutral,False
2018-02-27,city.rajkot,Onion prices dive on heavy influx,Onion,0.04341285675764084,0.10174204409122467,0.8548451066017151,negative,False
2018-03-06,city.vijayawada,Relief for commoners as onion; vegetable prices plummet in markets of Vijayawada,Onion,0.032726045697927475,0.03717590123414993,0.9300979971885681,negative,False
2018-03-08,city.nashik,Average wholesale onion price drops to 8-month low at Lasalgaon,Onion,0.00991761777549982,0.021737586706876755,0.9683447480201721,negative,False
2018-03-16,city.bengaluru,He began onion; chilli business in Yeshwantpur market,Onion,0.03442768007516861,0.9333308935165405,0.03224145621061325,neutral,False
2018-03-17,city.rajkot,Farmers see red as white onion prices plummet,Onion,0.060200948268175125,0.10615891963243484,0.8336401581764221,negative,False
2018-03-27,city.jaipur,Vasundhara Raje seeks Centre's approval for scheme on onion; garlic,Onion,0.5664944052696228,0.4174772799015045,0.016028301790356636,positive,False
2018-03-28,city.rajkot,Onion trading resumes,Onion,0.03062857687473297,0.886900782585144,0.08247062563896179,neutral,False
2018-04-20,india,Wholesale onion price hits new low of Rs 3/kg,Onion,0.08942151069641113,0.08201523870229721,0.8285632729530334,negative,False
2018-04-26,city.nashik,Onion trader planned fake heist of Rs 9 lakh to pay off his debts,Onion,0.02228548377752304,0.1212194487452507,0.8564950227737427,negative,False
2018-05-14,city.chandigarh,27-year-old driving car falls onto onion field,Onion,0.011537070386111736,0.11447956413030624,0.8739833831787109,negative,False
2018-05-19,city.ahmedabad,Low onion prices bring tears to farmers' eyes,Onion,0.01875878870487213,0.05063949525356293,0.9306017756462097,negative,False
2018-05-22,city.nashik,Onion prices crash 65% in 3 months,Onion,0.025378799065947533,0.013699350878596306,0.9609218239784241,negative,False
2018-05-23,spirituality,This is what happens when you place onion in your ear,Onion,0.02223719097673893,0.9013710618019104,0.07639172673225403,neutral,False
2018-06-03,city.trichy,New onion market to open today amid worries about traffic safety,Onion,0.2718174457550049,0.17582018673419952,0.5523623824119568,negative,False
2018-06-03,city.trichy,Private onion market opened in Trichy,Onion,0.13292726874351501,0.8471903800964355,0.019882353022694588,neutral,False
2018-06-05,india,Onion supply drops 97% at Lasalgaon APMC,Onion,0.00814290065318346,0.03390521556138992,0.9579518437385559,negative,False
2018-06-06,city.trichy,Primary processing centre for banana; onion to open in October,Onion,0.06997980177402496,0.9158998727798462,0.014120352454483509,neutral,False
2018-06-08,city.trichy,IIFPT to hold training for onion farmers,Onion,0.07032766938209534,0.9170564413070679,0.012615913525223732,neutral,False
2018-06-09,city.trichy,Protest against employing cheap labour at onion market,Onion,0.04775017127394676,0.24377349019050598,0.7084763646125793,negative,False
2018-07-05,city.trichy,117 load men resort to road blockade at new onion market,Onion,0.02925996668636799,0.12861298024654388,0.8421270847320557,negative,False
2018-07-06,city.trichy,Onion workers protest denial of employment in new market,Onion,0.02315574139356613,0.05221214517951012,0.9246320724487305,negative,False
2018-07-14,city.ahmedabad,Gujarat woman forced to eat onion & garlic; files FIR,Onion,0.02002619206905365,0.24561455845832825,0.7343592047691345,negative,False
2018-07-20,city.trichy,Onion labourers kept off new market hold black flag protest,Onion,0.05468612164258957,0.480547696352005,0.4647662043571472,neutral,False
2018-09-16,city.nashik,Onion farmers seek Rs 500 per quintal grant as prices crash,Onion,0.16636443138122559,0.8110635280609131,0.022572048008441925,neutral,False
2018-09-25,city.trichy,Traders at onion market issue ultimatum to workers on protest,Onion,0.025898896157741547,0.20089218020439148,0.7732089161872864,negative,False
2018-09-25,city.coimbatore,Small onion farmers in tears as prices nosedive,Onion,0.03059447556734085,0.09909132868051529,0.8703141212463379,negative,False
2018-09-27,city.ahmedabad,Ahmedabad: Prices make onion; garlic hot potatoes,Onion,0.05621830001473427,0.9255449175834656,0.018236760050058365,neutral,False
2018-10-03,city.nashik,Centre's buffer onion stock rotting in godowns,Onion,0.04789210110902786,0.3201832175254822,0.6319246888160706,negative,False
2018-10-09,city.hubballi,Bumper crop; but onion growers still in trouble,Onion,0.4337317943572998,0.36189407110214233,0.20437414944171906,positive,False
2018-10-19,business.india-business,Nafed to boost onion supply in Delhi; Mother Dairy asked to cut price,Onion,0.2048252671957016,0.4065215587615967,0.3886531889438629,neutral,False
2018-10-20,city.delhi,Centre steps in as onion prices in NCR touch Rs 40/kg,Onion,0.4439210891723633,0.49973413348197937,0.056344762444496155,neutral,False
2018-10-20,city.noida,Centre steps in as onion prices in NCR touch Rs 40/kg,Onion,0.4439210891723633,0.49973413348197937,0.056344762444496155,neutral,False
2018-10-20,business.india-business,Why is it always onion that's on fire?,Onion,0.029918979853391647,0.762374997138977,0.2077060490846634,neutral,False
2018-10-21,business.india-business,Nafed to offload 200 tonnes of onion daily in Delhi to check prices,Onion,0.07503896951675415,0.8065595626831055,0.118401437997818,neutral,False
2018-10-24,city.rajkot,No end to woes for white onion growers in Bhavnagar,Onion,0.23679088056087494,0.1352013498544693,0.6280077695846558,negative,False
2018-10-24,city.pune,78% drop in Nashik onion yield; prices set to spiral,Onion,0.0333668477833271,0.03799435868859291,0.9286388158798218,negative,False
2018-10-24,city.nashik,78% drop in Nashik onion yield; prices set to spiral,Onion,0.0333668477833271,0.03799435868859291,0.9286388158798218,negative,False
2018-10-25,city.pune,Supply dips; onion prices double in retail market within a week,Onion,0.018665596842765808,0.016383448615670204,0.9649509191513062,negative,False
2018-10-31,city.agra,Uttar Pradesh wonder onion grows faster; can be stored longer,Onion,0.12102911621332169,0.8622880578041077,0.016682878136634827,neutral,False
2018-11-04,home.sunday-times,Iron Man? You could also call him the Onion Man of India,Onion,0.02992670238018036,0.9094288349151611,0.060644399374723434,neutral,False
2018-11-18,city.hubballi,Onion growers protest as prices drop sharply,Onion,0.01534425187855959,0.030503731220960617,0.9541520476341248,negative,False
2018-11-23,city.patna,Lack of buyers hits Nalanda onion farmers,Onion,0.02007949724793434,0.05631477013230324,0.9236057996749878,negative,False
2018-12-04,city.trichy,Onion farmers seek relief for pest-hit crop post Gaja,Onion,0.1875658929347992,0.13162343204021454,0.6808106899261475,negative,False
2018-12-04,city.bhopal,Onion at 50paisa/kg leaves Neemuch farmers in tears,Onion,0.44449347257614136,0.34796926379203796,0.20753726363182068,positive,False
2018-12-06,city.ahmedabad,Low onion acreage could mean tears for consumers,Onion,0.01436212845146656,0.028855429962277412,0.9567825198173523,negative,False
2018-12-10,city.nashik,In two days; two Nashik onion farmers kill selves,Onion,0.019301271066069603,0.10242143273353577,0.8782773613929749,negative,False
2018-12-14,city.nagpur,As onion brings tears; middlemen blame Maharashtra reforms for plight of farmers,Onion,0.03495510667562485,0.1909780353307724,0.7740667462348938,negative,False
2018-12-14,city.bengaluru,Akshaya Patra says no to garlic; onion in midday meals in Karnataka,Onion,0.03596226125955582,0.9298843741416931,0.03415330871939659,neutral,False
2018-12-16,city.pune,Centre orders more storage to check fall in onion prices,Onion,0.14342135190963745,0.0953558087348938,0.761222779750824,negative,False
2018-12-20,city.pune,Initiative gives fair price to onion farmers; sets right rate for buyers,Onion,0.13650532066822052,0.85201495885849,0.011479686945676804,neutral,False
2018-12-21,city.mumbai,Maharashtra government offers Rs 200 a quintal; onion farmers call it paltry,Onion,0.07774408906698227,0.9058387875556946,0.016417160630226135,neutral,False
2018-12-26,city.nashik,Onion farmers set to hold protest march,Onion,0.04871226102113724,0.47650763392448425,0.4747801423072815,neutral,False
2019-01-01,city.coimbatore,Small onion farmers in tears as prices nosedive,Onion,0.03059447556734085,0.09909132868051529,0.8703141212463379,negative,False
2019-01-12,city.ahmedabad,Onion; garlic; coriander sowing dips in Gujarat,Onion,0.05772100016474724,0.9250460267066956,0.017232945188879967,neutral,False
2019-01-17,city.pune,Now; onion farmers can apply for government grant till January 25,Onion,0.08485683053731918,0.9037461876869202,0.011397058144211769,neutral,False
2019-01-17,city.nashik,Now; onion farmers can apply for government grant till January 25,Onion,0.08485673367977142,0.9037461876869202,0.011397051624953747,neutral,False
2019-01-24,city.nashik,Nafed shortlists five sites in district for onion cold storage,Onion,0.07071162015199661,0.6639367938041687,0.26535162329673767,neutral,False
2019-02-01,city.pune,Drought dries up rabi onion cultivation to two-year low,Onion,0.022388732060790062,0.04940501227974892,0.928206205368042,negative,False
2019-02-01,city.nashik,Drought dries up rabi onion cultivation to two-year low,Onion,0.022388732060790062,0.04940501227974892,0.928206205368042,negative,False
2019-02-01,city.mumbai,Drought dries up rabi onion cultivation to two-year low,Onion,0.022388732060790062,0.04940501227974892,0.928206205368042,negative,False
2019-03-02,city.ahmedabad,Ahmedabad: Onion prices may shoot up in summer,Onion,0.4092513918876648,0.14815253019332886,0.44259604811668396,negative,False
2019-04-26,city.nashik,Fluctuating onion prices to set voting trend in Nashik,Onion,0.48260605335235596,0.25798606872558594,0.2594078481197357,positive,False
2019-05-02,city.ahmedabad,Gujarat tear-jerker: Onion sowing dips 80%,Onion,0.04528757557272911,0.08510108292102814,0.869611382484436,negative,False
2019-05-06,city.bengaluru,Bengaluru: Actvists want onion; garlic in midday meals,Onion,0.04269307479262352,0.936342179775238,0.020964808762073517,neutral,False
2019-05-16,life-style.food-news,Here's how onion helps in managing diabetes,Onion,0.03946748003363609,0.9393216371536255,0.021210910752415657,neutral,False
2019-06-08,city.ahmedabad,Smaller area sown with onion could mean higher prices in Gujarat,Onion,0.08245941251516342,0.11415564268827438,0.8033850193023682,negative,False
2019-06-11,city.nashik,Nashik: Rising onion prices make farmers cry tears of joy,Onion,0.09730574488639832,0.40650469064712524,0.49618953466415405,negative,False
2019-06-17,city.patna,Patnaites feel the pinch as potato and onion prices soar,Onion,0.08221670985221863,0.20876187086105347,0.7090213894844055,negative,False
2019-07-30,city.bhopal,Onion probe panel seeks 3 months extension in term,Onion,0.05452409386634827,0.770444929599762,0.17503099143505096,neutral,False
2019-08-13,city.nashik,Nashik: Demand boosts wholesale onion price at Lasalgaon,Onion,0.9512087106704712,0.02842484787106514,0.02036634273827076,positive,False
2019-08-15,city.nashik,Nashik: Average wholesale onion price reaches 10-month high,Onion,0.9175737500190735,0.060371626168489456,0.022054577246308327,positive,False
2019-08-21,city.nashik,Average wholesale onion price up by 25% in a day,Onion,0.019776087254285812,0.032236695289611816,0.9479871988296509,negative,True
2019-08-27,india,Use buffer stock; curb onion price rise; Centre tells states,Onion,0.014424020424485207,0.16760306060314178,0.8179728984832764,negative,True
2019-08-28,city.delhi,Action against onion hoarders in Delhi,Onion,0.10351673513650894,0.4544622600078583,0.442020982503891,neutral,False
2019-08-31,city.chennai,Chennai: Tomato prices go down; onion gets dearer,Onion,0.032511163502931595,0.08285727351903915,0.8846316337585449,negative,False
2019-08-31,city.salem,Chennai: Tomato prices go down; onion gets dearer,Onion,0.032511163502931595,0.08285727351903915,0.8846316337585449,negative,False
2019-09-10,city.nashik,Onion price records season's new high,Onion,0.7617745399475098,0.18346382677555084,0.05476159602403641,positive,False
2019-09-16,city.nashik,MP Bharti Pawar seeks withdrawal of onion MEP,Onion,0.02829829417169094,0.39381837844848633,0.5778833031654358,negative,False
2019-09-20,india,Onion prices at 4-yr high; jump Rs 1;000/quintal in single day,Onion,0.04233427345752716,0.0581529438495636,0.899512767791748,negative,True
2019-09-20,city.nashik,Onion prices at 4-year high; jump Rs 1;000 per quintal in a day,Onion,0.062048833817243576,0.23433369398117065,0.703617513179779,negative,True
2019-09-21,city.patna,Veggie prices head north Bihar; onion brings tears to eyes,Onion,0.14705395698547363,0.4867066442966461,0.36623939871788025,neutral,False
2019-09-21,city.visakhapatnam,Surprise check conducted at wholesale onion market in Visakhapatnam,Onion,0.030136961489915848,0.925923764705658,0.043939344584941864,neutral,False
2019-09-21,city.delhi,Delhi government irons out plan to check onion prices,Onion,0.057860568165779114,0.7481450438499451,0.19399437308311462,neutral,False
2019-09-21,city.mumbai,Mumbai: Onion prices rise to 60/kg and counting,Onion,0.028323518112301826,0.10404790937900543,0.8676285743713379,negative,True
2019-09-22,city.bhopal,Onion prices hit the roof as monsoon plays spoiler,Onion,0.044730108231306076,0.055908456444740295,0.8993613719940186,negative,False
2019-09-23,city.rajkot,Onion shortage likely in Gujarat after Diwali,Onion,0.08323189616203308,0.18455126881599426,0.7322168350219727,negative,False
2019-09-23,city.chennai,Chennai: Prices of onion double at retail stores; buyers baffled,Onion,0.05789828300476074,0.19022218883037567,0.7518794536590576,negative,False
2019-09-23,city.goa,Onion prices soar; 2 more months of pain; say vendors,Onion,0.10577692836523056,0.33038240671157837,0.5638406276702881,negative,False
2019-09-24,city.visakhapatnam,Onion prices shoot up to Rs 60 per kg in Visakhapatnam,Onion,0.020201031118631363,0.08640967309474945,0.8933892846107483,negative,True
2019-09-24,city.ranchi,Jharkhand Congress plans stir over onion prices,Onion,0.0650048702955246,0.3194245398044586,0.615570604801178,negative,False
2019-09-25,city.delhi,Govt taking steps to curb onion prices; says Delhi minister Imran Hussain,Onion,0.6564927101135254,0.24190232157707214,0.10160503536462784,positive,False
2019-09-25,india,Better supply to tame onion prices soon; say ministers,Onion,0.7029731273651123,0.27853548526763916,0.018491322174668312,positive,False
2019-09-28,city.kolkata,Soaring onion price likely to pinch pockets in Kolkata till November,Onion,0.15409520268440247,0.07957484573125839,0.7663298845291138,negative,False
2019-09-30,city.noida,As onion rates soar in NCR; small traders feel the pinch,Onion,0.4180772006511688,0.31931060552597046,0.26261216402053833,positive,False
2019-09-30,city.nashik,After imposition of MEP; Centre bans onion export,Onion,0.01702146790921688,0.17972257733345032,0.8032559156417847,negative,False
2019-09-30,city.ghaziabad,As onion rates soar in NCR; small traders feel the pinch,Onion,0.4180772006511688,0.31931060552597046,0.26261216402053833,positive,False
2019-10-01,india,Onion prices dip after export ban; farmers protest,Onion,0.03151528909802437,0.03755341097712517,0.9309313297271729,negative,False
2019-10-02,city.kolkata,Kolkata: Onion still pricey as retail & wholesale gap widens,Onion,0.16836778819561005,0.040159616619348526,0.7914726138114929,negative,False
2019-10-03,city.noida,Noida: Hoarders stock up as onion prices soar,Onion,0.0880754142999649,0.12949338555335999,0.7824312448501587,negative,True
2019-10-03,city.delhi,Delhi govt gears up to fight onion shortage,Onion,0.4628658592700958,0.4974448084831238,0.0396893173456192,neutral,False
2019-10-03,city.nashik,Nashik onion farmers threaten to boycott auctions at agricultural produce market committees,Onion,0.013701512478291988,0.10192636400461197,0.8843721747398376,negative,False
2019-10-05,city.nashik,Onion trucks halted at border finally allowed to enter Bangladesh,Onion,0.09259114414453506,0.554459273815155,0.3529496192932129,neutral,False
2019-10-07,city.nashik,Farmers set on boycotting onion auction from today,Onion,0.03880159929394722,0.4143800139427185,0.5468183755874634,negative,False
2019-10-07,city.delhi,Delhi: Mobile van in each ward for onion supply,Onion,0.03690672665834427,0.9453021287918091,0.017791157588362694,neutral,False
2019-10-08,india,At Lasalgaon; onion prices up 30% as farmers boycott auction,Onion,0.028659723699092865,0.03410319238901138,0.937237024307251,negative,True
2019-10-08,city.nashik,Nashik: Onion prices soar by Rs 800 as farmers boycott auction,Onion,0.23431892693042755,0.06687207520008087,0.6988089680671692,negative,False
2019-10-09,city.chandigarh,Tomato prices down; but onion continues to be a tearjerker,Onion,0.21978254616260529,0.5461222529411316,0.23409520089626312,neutral,False
2019-10-10,city.nashik,Average wholesale price of onion stays at Rs 3;550 per quintal at Lasalgaon,Onion,0.0289619117975235,0.9180790185928345,0.05295909196138382,neutral,False
2019-10-18,city.nashik,Sharad Pawar blames Centre for onion farmers' plight,Onion,0.0195979755371809,0.1003875732421875,0.8800144195556641,negative,False
2019-10-19,city.delhi,Onion trucks rejected by Delhi: Centre,Onion,0.03900273144245148,0.3348033130168915,0.6261939406394958,negative,False
2019-10-20,city.goa,Tears of joy as onion prices drop to Rs 50 in Goa,Onion,0.02071811817586422,0.047074463218450546,0.9322074055671692,negative,False
2019-10-23,city.nashik,Nashik: Wholesale onion price goes up by Rs 920 per quintal at Lasalgaon,Onion,0.01914362423121929,0.04242091625928879,0.9384353756904602,negative,True
2019-10-25,city.nashik,Maharashtra assembly elections 2019: Falling onion prices bring tears to Shiv Sena in Niphad,Onion,0.016781292855739594,0.038847535848617554,0.9443711638450623,negative,False
2019-11-01,city.navimumbai,Onion prices spike to Rs 60/kg yet again in Mumbai,Onion,0.8979111313819885,0.05865536257624626,0.04343352094292641,positive,False
2019-11-02,city.navimumbai,Navi Mumbai: Onion sells at Rs 70; veggie prices bring some relief,Onion,0.9244614839553833,0.058059994131326675,0.01747855171561241,positive,False
2019-11-04,city.visakhapatnam,Visakhapatnam: Onion prices touch sky again due to high demand; low supply,Onion,0.09420065581798553,0.026179488748311996,0.879619836807251,negative,False
2019-11-04,city.chandigarh,Chandigarh: Onion prices skyrocket to Rs 70 per kg,Onion,0.42022618651390076,0.08676543831825256,0.49300840497016907,negative,False
2019-11-05,city.hubballi,Farmers protest demanding fair price for onion; withdraw agitation later,Onion,0.04605318233370781,0.39542269706726074,0.5585241317749023,negative,False
2019-11-05,city.bengaluru,Bengaluru: Onion prices shoot up; drill holes in consumers pockets,Onion,0.06706387549638748,0.26276931166648865,0.6701667308807373,negative,False
2019-11-05,city.pune,rain effect onion prices at 4 yr high maha to have impact on city on nov 6 7,Onion,0.027717934921383858,0.13248969614505768,0.8397923707962036,negative,False
2019-11-05,city.bhopal,At Rs 80/kg; Bhopal sheds onion tears; veggie prices throw budgets haywire,Onion,0.0863206759095192,0.07901540398597717,0.8346639275550842,negative,False
2019-11-05,city.chennai,As onion touches 90/kg; government vows to stop hoarding in Chennai,Onion,0.058544810861349106,0.8128779530525208,0.12857726216316223,neutral,False
2019-11-06,city.hubballi,Onion growers stage protest; demand fair price,Onion,0.0658983662724495,0.800784170627594,0.13331753015518188,neutral,False
2019-11-06,city.surat,Gujarat: Unseasonal rain sends prices of potato; onion skyrocketing,Onion,0.010906885378062725,0.029554184526205063,0.9595388174057007,negative,False
2019-11-06,business.india-business,Onion prices rise by up to 40% in a week,Onion,0.019745968282222748,0.13890494406223297,0.8413490653038025,negative,True
2019-11-07,city.nashik,Maharashtra: Onion price keeps going down on second consecutive day,Onion,0.013736005872488022,0.02808847278356552,0.9581754803657532,negative,False
2019-11-07,city.ahmedabad,Gujarat: Onion hovers near Rs 100/kg mark; garlic shoots to Rs 300,Onion,0.9112151265144348,0.056324321776628494,0.03246065601706505,positive,False
2019-11-07,city.delhi,Onion nears Rs 100/kg; doorstep sales back in Delhi,Onion,0.7609536051750183,0.1689770221710205,0.07006930559873581,positive,False
2019-11-07,city.goa,Onion prices soar in Goa; touch Rs 70 per kg,Onion,0.032335065305233,0.20885172486305237,0.758813202381134,negative,True
2019-11-08,city.goa,Goa: Onion prices soar; touch Rs 70 per kg,Onion,0.030909277498722076,0.2303280383348465,0.7387627363204956,negative,True
2019-11-08,city.vijayawada,AP: Onion bringing tears to both farmers; buyers,Onion,0.2902701199054718,0.39073818922042847,0.3189917206764221,neutral,False
2019-11-08,city.vijayawada,603 quintal onion seized; 47 booked for hoarding,Onion,0.01667644828557968,0.049940429627895355,0.9333832263946533,negative,False
2019-11-08,city.delhi,Onion prices in Delhi: Congress takes to the streets; BJP alleges scam,Onion,0.03185076266527176,0.20997470617294312,0.758174479007721,negative,False
2019-11-09,city.jaipur,Rajasthan: Local produce to bring down onion prices soon,Onion,0.06156102567911148,0.3796103596687317,0.5588286519050598,negative,False
2019-11-10,city.trichy,Trichy: Onion to remain pricey for next 2 months; say traders,Onion,0.4517289400100708,0.3845512866973877,0.16371984779834747,positive,False
2019-11-11,india,Onion crunch at home; but India assures Male of non-stop supply,Onion,0.542861819267273,0.23515333235263824,0.22198481857776642,positive,False
2019-11-12,city.nashik,I-T department conducts searches on premises of 11 onion traders in Nashik,Onion,0.020722253248095512,0.8156803250312805,0.16359740495681763,neutral,False
2019-11-13,city.jaipur,Jaipur: Onion prices shoot up; traders blame it on supply shortage,Onion,0.032590143382549286,0.030710695311427116,0.9366990923881531,negative,False
2019-11-14,city.pune,Onion supply to Pune's wholesale market dips to two-month low,Onion,0.016797034069895744,0.025216341018676758,0.9579866528511047,negative,False
2019-11-15,city.visakhapatnam,Eateries in Visakhapatnam suffer as onion prices keep rising,Onion,0.009193150326609612,0.02066168002784252,0.9701452255249023,negative,False
2019-11-18,city.vijayawada,Other vegetables follow the onion way; prices shoot up,Onion,0.3925062119960785,0.5055766105651855,0.10191716998815536,neutral,False
2019-11-19,city.pune,Maharashtra: Onion prices may fall after January,Onion,0.015931306406855583,0.08132127672433853,0.9027474522590637,negative,False
2019-11-21,business.india-business,Govt OKs onion imports to rein in prices,Onion,0.43935275077819824,0.08282069116830826,0.4778265357017517,negative,False
2019-11-22,city.mangaluru,Onion from Egypt arrives in Mangaluru; but lacks quality,Onion,0.08752278238534927,0.8841385245323181,0.028338683769106865,neutral,False
2019-11-22,city.vijayawada,Onion sale at subsidised price,Onion,0.03176959231495857,0.9492751955986023,0.018955189734697342,neutral,False
2019-11-22,city.pune,Pune: Onion prices soar to Rs 100/kg; supply shrink,Onion,0.028243685141205788,0.09532883763313293,0.8764274716377258,negative,True
2019-11-23,city.visakhapatnam,Long queues for onion at Rythu bazaars in Visakhapatnam,Onion,0.05348287895321846,0.8054576516151428,0.14105939865112305,neutral,False
2019-11-24,city.bhopal,Onion prices likely to skyrocket in Bhopal again,Onion,0.08157838881015778,0.12975385785102844,0.7886676788330078,negative,False
2019-11-24,city.jaipur,Rajasthan: Onion; garlic prices surge due to crop loss; poor supply,Onion,0.10159297287464142,0.02426186576485634,0.8741452097892761,negative,False
2019-11-25,city.chandigarh,Tears in store as onion rates touching Rs 90/kg in Chandigarh,Onion,0.14701949059963226,0.12953388690948486,0.7234466075897217,negative,False
2019-11-26,city.surat,Onion prices likely to cross Rs 100 in city shortly,Onion,0.556964099407196,0.2572424113750458,0.18579354882240295,positive,False
2019-11-26,city.kolkata,'Pink' century: Kitchen tears after onion crosses Rs 100 a kilo in Kolkata,Onion,0.06175239011645317,0.7616764903068542,0.17657113075256348,neutral,False
2019-11-27,city.kolkata,Kolkata: Roadside stalls shed onion tears; fast-food chains take loss on chin,Onion,0.04543377086520195,0.18567420542240143,0.7688919901847839,negative,False
2019-11-27,city.madurai,Eateries in Madurai take onion off dishes after prices skyrocket,Onion,0.011224559508264065,0.04803679138422012,0.9407386779785156,negative,False
2019-11-27,city.kolkata,West Bengal government eyes Rajasthan supply as onion brings tears,Onion,0.21655850112438202,0.6462813019752502,0.13716019690036774,neutral,False
2019-11-28,city.patna,Bihar: Biscomaun to close counters for onion sales; blames administration,Onion,0.008476356975734234,0.03329553082585335,0.9582281708717346,negative,False
2019-11-28,city.kolkata,Onion prices unlikely to dip much in Kolkata till Nagpur; Bengaluru supply arrives,Onion,0.2555363178253174,0.5390031337738037,0.2054605334997177,neutral,False
2019-11-28,city.kolkata,Kolkata: At Rs 6 a piece and rising; eggs add to onion burden in kitchen,Onion,0.26059865951538086,0.5243892669677734,0.21501204371452332,neutral,False
2019-11-28,city.bhopal,Onion prices across Bhopal skyrocket; sell at Rs 100 per kg,Onion,0.13083364069461823,0.638115406036377,0.23105096817016602,neutral,False
2019-11-28,city.delhi,No early respite from high onion prices; Delhi government pins hope on imports,Onion,0.8567481637001038,0.09080661088228226,0.05244528129696846,positive,False
2019-11-29,city.bhopal,Onion prices sky-rocket; MP government sells it for Rs 70 per kg,Onion,0.055379703640937805,0.931391179561615,0.013229160569608212,neutral,False
2019-11-29,city.jaipur,Rajasthan: Tears roll as onion prices soar to Rs 100/kg,Onion,0.12145854532718658,0.09239806234836578,0.7861433625221252,negative,True
2019-11-29,city.delhi,Delhi: BJP; Congress look to corner AAP govt on onion prices,Onion,0.5570688843727112,0.16254280507564545,0.28038832545280457,positive,False
2019-11-29,city.delhi,Delhi asks Centre to continue onion supply at Rs 15.6/kg,Onion,0.16152775287628174,0.8215065598487854,0.016965676099061966,neutral,False
2019-11-29,city.bengaluru,Bengaluru: Onion price spiral leaves bakers in tears,Onion,0.01847703754901886,0.09684144705533981,0.8846815824508667,negative,False
2019-11-30,city.patna,Tejashwi Prasad Yadav takes jibe at govt over onion prices,Onion,0.04021988809108734,0.1593669205904007,0.8004132509231567,negative,False
2019-11-30,city.nagpur,Nagpur: Onion price skyrockets to Rs 100 a kg,Onion,0.46692144870758057,0.19195392727851868,0.34112459421157837,positive,False
2019-11-30,city.trichy,Trichy: Farmers protest half-naked seeking onion procurement from locals,Onion,0.014643498696386814,0.12265254557132721,0.8627039790153503,negative,False
2019-11-30,city.lucknow,Onion prices shoot to Rs 100 per kg: Staple flies off plates; budgets hit,Onion,0.04369139298796654,0.060545023530721664,0.895763635635376,negative,False
2019-11-30,city.navimumbai,Navi Mumbai: At Rs 100/kg; onion prices hit the roof,Onion,0.7092325091362,0.15912899374961853,0.13163849711418152,positive,False
2019-12-01,city.jaipur,Rising onion prices fail to move Rajasthan government,Onion,0.2372526079416275,0.18502844870090485,0.57771897315979,negative,False
2019-12-01,city.delhi,AAP: Centre to blame for soaring onion prices in Delhi,Onion,0.019292199984192848,0.05350783094763756,0.9271999597549438,negative,False
2019-12-02,city.thiruvananthapuram,Onion price up 363% in just 1 year,Onion,0.016469480469822884,0.06150629743933678,0.9220242500305176,negative,True
2019-12-02,city.kolkata,West Bengal government to tackle onion 'century' through ration-shop sales,Onion,0.16127055883407593,0.7525579929351807,0.08617149293422699,neutral,False
2019-12-02,city.delhi,Centre creating onion shortage,Onion,0.07474785298109055,0.8917194604873657,0.03353266417980194,neutral,False
2019-12-03,city.goa,Goa looking at Karnataka; Maharashtra onion suppliers,Onion,0.045632198452949524,0.929625928401947,0.024741830304265022,neutral,False
2019-12-03,india,IT dept puts lens on crooked onion traders of Delhi; MP; Maharashtra,Onion,0.025027157738804817,0.376016765832901,0.5989560484886169,negative,False
2019-12-03,city.delhi,Ram Vilas Paswan must answer on onion prices,Onion,0.028397347778081894,0.8609451651573181,0.11065748333930969,neutral,False
2019-12-03,city.mumbai,No onion; no bhajji: Eateries pull out the bulb from menus across Mumbai,Onion,0.03508296608924866,0.9356385469436646,0.0292784683406353,neutral,False
2019-12-04,city.bhopal,Digvijaya Singh takes a dig at PM Modi over onion tears,Onion,0.059086039662361145,0.4714186489582062,0.4694952368736267,neutral,False
2019-12-04,city.bengaluru,Karnataka onion thefts: Gadag farmers burn midnight oil to save pricey crop,Onion,0.017223207280039787,0.23832431435585022,0.7444524765014648,negative,False
2019-12-05,city.patna,Onion prices close to Rs 120/kg in Patna,Onion,0.16662749648094177,0.7834041118621826,0.04996844008564949,neutral,False
2019-12-05,city.dehradun,Onion prices hog limelight inside and outside U'khand assembly,Onion,0.10157212615013123,0.868451714515686,0.029976094141602516,neutral,False
2019-12-05,city.nashik,Collector reviews onion situation in Nashik district,Onion,0.032045815140008926,0.5304555296897888,0.43749865889549255,neutral,False
2019-12-06,city.mangaluru,Mangaluru: Protest against onion inflation; Turkish variety sells at Rs 150/kg,Onion,0.13794031739234924,0.7791582942008972,0.08290142565965652,neutral,False
2019-12-06,city.kolkata,Kolkata: Retailers decide to stop selling pricey onion,Onion,0.025649188086390495,0.424582839012146,0.5497679710388184,negative,False
2019-12-06,city.nagpur,Onion now at Rs 120 in local markets,Onion,0.045373011380434036,0.8767161965370178,0.07791087031364441,neutral,False
2019-12-06,city.rajkot,Rajkot: 700kg onion 'stolen' from market yard,Onion,0.016748540103435516,0.18751181662082672,0.7957396507263184,negative,False
2019-12-06,city.goa,Onion prices shoot up to Rs 200/kg in Panaji,Onion,0.02413143962621689,0.06690197438001633,0.908966600894928,negative,True
2019-12-06,city.lucknow,At Rs 120 a kg; onion a tear-jerker in Lucknow,Onion,0.07796105742454529,0.8956441879272461,0.02639472484588623,neutral,False
2019-12-07,city.mumbai,Lasalgaon; country's largest onion mandi; sees 70% price rise in a mth,Onion,0.015117829665541649,0.0420834943652153,0.9427986741065979,negative,True
2019-12-07,city.kolkata,Nashik onion reaches Kolkata; price drop likely,Onion,0.02040744386613369,0.019408799707889557,0.9601837396621704,negative,False
2019-12-07,city.mumbai,Maharashtra: Onion supply to state APMCs down 69% in a year; prices see 10-fold rise,Onion,0.008646506816148758,0.01874479465186596,0.9726086854934692,negative,False
2019-12-07,city.goa,Mahila Congress protests rising onion prices,Onion,0.07350341975688934,0.2013084441423416,0.725188136100769,negative,False
2019-12-07,city.nashik,Nafed's onion buffer stock of 57;000 quintal entirely used,Onion,0.07972421497106552,0.9081882834434509,0.012087548151612282,neutral,False
2019-12-07,city.nashik,Sluggish onion trade at Lasalgaon keeps rates high,Onion,0.5839727520942688,0.19286751747131348,0.22315973043441772,positive,False
2019-12-08,city.rajkot,Premature harvest hits quality of onion produce,Onion,0.012884285300970078,0.03977856785058975,0.9473370313644409,negative,False
2019-12-08,city.bengaluru,Bengaluru: Onion price touches Rs 170/kg; pinches hoteliers and residents,Onion,0.018824631348252296,0.02917681820690632,0.9519984722137451,negative,False
2019-12-08,city.trichy,Onion to be sold at ration shops: Minister,Onion,0.03272762894630432,0.9452210664749146,0.02205127663910389,neutral,False
2019-12-08,city.ahmedabad,Gujarat: Crop loss delays onion dehydration season by two months,Onion,0.020190829411149025,0.027581553906202316,0.9522277116775513,negative,False
2019-12-09,city.vijayawada,Vijayawada: Onion touches Rs 180; but farmers sell for only Rs 30,Onion,0.11411929130554199,0.8678295612335205,0.018051166087388992,neutral,False
2019-12-09,city.vijayawada,Onion stocks run out; clamour grows for improved supply,Onion,0.6977856159210205,0.08062690496444702,0.22158749401569366,positive,False
2019-12-09,city.visakhapatnam,Broiler chicken cheaper than onion in Visakhapatnam,Onion,0.14755980670452118,0.8301759958267212,0.02226422168314457,neutral,False
2019-12-09,city.nagpur,Onion rates ease on fears of imports; potato's moving up,Onion,0.9244439601898193,0.03242887929081917,0.04312713071703911,positive,False
2019-12-09,city.kolkata,Daily onion demand 800 tonnes; Kolkata left with 50,Onion,0.10458962619304657,0.8732642531394958,0.02214614301919937,neutral,False
2019-12-09,city.surat,donate one unit of blood get 1kg onion free,Onion,0.05571713298559189,0.9299678206443787,0.014315049163997173,neutral,False
2019-12-09,city.nashik,Baba Ramdev bats for PM Narendra Modi over onion prices,Onion,0.18982867896556854,0.3363901376724243,0.47378113865852356,negative,False
2019-12-09,city.hyderabad,Onion samosas go off plates in Hyderabad eateries as prices soar,Onion,0.021081866696476936,0.17186297476291656,0.8070551753044128,negative,False
2019-12-09,city.goa,Onion crisis: Street snacks lose their pungent punch; vendors feel the pinch,Onion,0.012252390384674072,0.041449107229709625,0.9462985396385193,negative,False
2019-12-09,city.goa,Stop onion subsidies: Ramkrishna Dhavalikar,Onion,0.04094706103205681,0.8954871296882629,0.06356584280729294,neutral,False
2019-12-09,india,5 held for plotting onion-laden truck's accident,Onion,0.07962639629840851,0.7753579020500183,0.1450156718492508,neutral,False
2019-12-10,city.delhi,Stand-up comedians on soaring onion prices: Wear onion rings and gift onion bouquets,Onion,0.03234529495239258,0.9237810373306274,0.04387369006872177,neutral,False
2019-12-10,life-style.spotlight,Stand-up comedians on soaring onion prices: Wear onion rings and gift onion bouquets,Onion,0.03234529495239258,0.9237810373306274,0.04387369006872177,neutral,False
2019-12-10,city.varanasi,2 men 'loot' 50kg onion from rickshaw-puller in Gorakhpur,Onion,0.0974942073225975,0.8829252123832703,0.019580624997615814,neutral,False
2019-12-10,city.trichy,At 136/kg; black gram goes onion's way,Onion,0.11797762662172318,0.8519660234451294,0.030056370422244072,neutral,False
2019-12-10,city.trichy,To check price; traders import 30 tonnes of onion from Egypt,Onion,0.04289257526397705,0.8570797443389893,0.1000276580452919,neutral,False
2019-12-10,city.vijayawada,Jagan slams TDP for raising hue and cry over onion crisis,Onion,0.025714842602610588,0.0655275210738182,0.9087576270103455,negative,False
2019-12-10,city.vijayawada,TDP MLAs protest outside assembly over onion crisis,Onion,0.01419531088322401,0.06978584825992584,0.9160189032554626,negative,False
2019-12-10,city.hyderabad,Hyderabad: With price hitting Rs 200; low-grade onion only choice,Onion,0.09542364627122879,0.8923768401145935,0.012199589982628822,neutral,False
2019-12-10,city.hyderabad,Telangana: Are eggs next in line to go the onion way?,Onion,0.04424357786774635,0.9154162406921387,0.04034017398953438,neutral,False
2019-12-10,city.hyderabad,Horticulture department plans onion crop colonies to boost production in Telangana,Onion,0.8263912796974182,0.16362841427326202,0.009980308823287487,positive,False
2019-12-10,city.pune,Pune: At Rs 170 per kg; buyers find onion weighs on the pocket,Onion,0.13154196739196777,0.34004849195480347,0.5284095406532288,negative,False
2019-12-10,city.kochi,PIL seeking action on rising onion price in Kerala high court,Onion,0.04770331457257271,0.05330047383904457,0.8989961743354797,negative,False
2019-12-10,city.kolkata,CM Mamata Banerjee prod; fresh stock from Nashik likely to pull price of onion down soon,Onion,0.0904066190123558,0.05215483531355858,0.8574385643005371,negative,False
2019-12-10,city.amaravati,Jagan slams TDP for raising hue and cry over onion crisis,Onion,0.025714842602610588,0.0655275210738182,0.9087576270103455,negative,False
2019-12-11,city.patna,Patna: No respite in sight as onion prices still high,Onion,0.7745701670646667,0.06407718360424042,0.16135264933109283,positive,False
2019-12-11,city.mysuru,Mysuru: Onion prices come down; to stabilise by weekend,Onion,0.02789757400751114,0.03226462006568909,0.9398378133773804,negative,False
2019-12-11,city.vijayawada,Vijayawada: Onion price comes down by Rs 50 in village market yards,Onion,0.007745652459561825,0.029399771243333817,0.9628545045852661,negative,False
2019-12-11,city.nagpur,Onion prices crash as farmers rush fresh stocks to market,Onion,0.012807300314307213,0.033271174877882004,0.9539214968681335,negative,False
2019-12-11,city.kolkata,Onion price dips within 24 hours of CM Mamata Banerjee tough talk,Onion,0.029040299355983734,0.1562560349702835,0.8147037029266357,negative,False
2019-12-11,city.amaravati,Amaravati: 'Onion price unprecedented',Onion,0.06400696933269501,0.3050447702407837,0.6309482455253601,negative,False
2019-12-11,city.chennai,Chennai: Import brings down onion prices,Onion,0.009643611498177052,0.02665768191218376,0.9636987447738647,negative,False
2019-12-11,city.pune,Onion supplies surge; retail price drops by Rs 10-20 per kg,Onion,0.018610084429383278,0.011802605353295803,0.9695873260498047,negative,False
2019-12-11,city.surat,Surat: Fresh supply in 15 days to bring down onion prices,Onion,0.07426852732896805,0.11437047272920609,0.8113610148429871,negative,False
2019-12-11,city.goa,Goa: With fresh stock from Maharashtra; onion prices may drop further,Onion,0.05198301374912262,0.03673223406076431,0.9112846851348877,negative,False
2019-12-11,city.madurai,Respite as onion import brings down price to Rs 100 a kg in Madurai,Onion,0.022988464683294296,0.052966102957725525,0.9240455031394958,negative,False
2019-12-11,city.trichy,Miscreants decamp with 50 kg onion from veggie shop,Onion,0.021704383194446564,0.12466519325971603,0.8536304831504822,negative,False
2019-12-12,city.mangaluru,Onion prices down but are still quite costly,Onion,0.6571937799453735,0.17845875024795532,0.16434745490550995,positive,False
2019-12-12,city.kolkata,Kolkata: Items struck off menu; eateries wait for onion to go below Rs 100,Onion,0.0083068972453475,0.049361810088157654,0.9423311948776245,negative,False
2019-12-12,city.nashik,Average wholesale onion price rises at Lasalgaon,Onion,0.28519344329833984,0.2714745104312897,0.4433320164680481,negative,False
2019-12-12,city.kolhapur,Onion price in local retail markets buck Lasalgaon trend,Onion,0.09087435156106949,0.881036102771759,0.02808954566717148,neutral,False
2019-12-12,city.goa,Onion prices dip to Rs 79/kg at Goa horticulture units,Onion,0.014964083209633827,0.06592313200235367,0.9191127419471741,negative,False
2019-12-12,city.lucknow,After slide; onion prices rise again in Lucknow,Onion,0.05026568844914436,0.054484762251377106,0.895249605178833,negative,True
2019-12-13,city.kolkata,Steady supply of onion to bring price below Rs 100/kg in Kolkata,Onion,0.10968057066202164,0.225145161151886,0.6651742458343506,negative,False
2019-12-14,city.kolkata,West Bengal: After 18-day upward run; onion dips to Rs 100 per kg,Onion,0.4203528165817261,0.09845330566167831,0.4811939597129822,negative,False
2019-12-14,city.ahmedabad,Gujarat: Onion sowing picks up; may soften prices soon,Onion,0.034191153943538666,0.037276867777109146,0.9285320043563843,negative,True
2019-12-14,city.pune,Pune: Onion prices rise after a brief slide,Onion,0.06373022496700287,0.036118026822805405,0.9001516699790955,negative,True
2019-12-14,city.lucknow,Onion effect: Biryani brands mull price hike,Onion,0.07767483592033386,0.37153521180152893,0.550790011882782,negative,False
2019-12-15,city.goa,Heartburn for consumers as onion rates climb to Rs 78 per kg,Onion,0.3476828932762146,0.1337616890668869,0.5185554027557373,negative,False
2019-12-15,india,Bumper onion harvest makes debt-hit farmer a crorepati,Onion,0.09948067367076874,0.039938412606716156,0.8605809211730957,negative,False
2019-12-16,city.nagpur,Onion prices up again; but farmers left with little stock,Onion,0.29570481181144714,0.1282852739095688,0.5760099291801453,negative,False
2019-12-17,city.bhubaneswar,After breather; onion inches back to Rs 120/kg,Onion,0.6829217076301575,0.060106609016656876,0.25697168707847595,positive,False
2019-12-17,city.vijayawada,Some consolation finally as onion prices fall to Rs 85/kg,Onion,0.02509440667927265,0.03850257024168968,0.9364029765129089,negative,False
2019-12-17,city.hyderabad,Hyderabad: Onion supplies hit; artificial price hike in market expected,Onion,0.1067737564444542,0.014275622554123402,0.8789505958557129,negative,False
2019-12-17,city.goa,Onion rate at horticulture outlets shoots up to Rs 94,Onion,0.9028406739234924,0.07950752973556519,0.01765182800590992,positive,False
2019-12-18,city.goa,Short-lived relief: After brief dip; onion prices climb to Rs 94,Onion,0.9317053556442261,0.028142228722572327,0.040152404457330704,positive,False
2019-12-18,city.lucknow,Lucknow: Onion sizzles at Rs 140 per kg once more,Onion,0.13127923011779785,0.823698103427887,0.04502268508076668,neutral,False
2019-12-19,city.coimbatore,Horticulture dept to promote big onion cultivation in dist,Onion,0.26946792006492615,0.7208592891693115,0.009672789834439754,neutral,False
2019-12-19,city.nashik,Rise in supply leads to drop in wholesale onion prices at Lasalgaon,Onion,0.008901149034500122,0.02062923088669777,0.9704697132110596,negative,False
2019-12-19,city.pune,Pune: Garment store offers onion freebie for Rs 1;000 shopping to pep up sales,Onion,0.2052156627178192,0.7830321788787842,0.011752193793654442,neutral,False
2019-12-20,city.chennai,As more truckloads arrive; onion prices drop to Rs 120 a kg in Chennai,Onion,0.010130001232028008,0.020599866285920143,0.9692700505256653,negative,False
2019-12-22,city.visakhapatnam,Visakhapatnam: Onion prices likely to fall by mid-January,Onion,0.016510698944330215,0.030126167461276054,0.9533631205558777,negative,False
2019-12-24,city.vijayawada,In capital region; onion crop brings smiles to farmers' faces,Onion,0.8289471864700317,0.152814120054245,0.018238695338368416,positive,False
2019-12-27,city.kolkata,Onion price woes persist despite wholesale rate dip,Onion,0.37471872568130493,0.06144145131111145,0.5638397932052612,negative,False
2019-12-28,city.patna,Patna: Garlic leaves onion behind as price crosses Rs 200 per kg,Onion,0.03386630862951279,0.1738973706960678,0.7922362685203552,negative,False
2019-12-30,city.chandigarh,Punjab Agricultural University develops technology of preserving onion products,Onion,0.1820233017206192,0.8084981441497803,0.00947854109108448,neutral,False
2019-12-31,city.rajkot,Thief arrested for stealing onion; ground nut supply,Onion,0.020077822729945183,0.19429704546928406,0.785625159740448,negative,False
2019-12-31,city.kolkata,West Bengal: Additional 5;000-tonne off-season onion produce likely to check price rise,Onion,0.1499258577823639,0.03341175988316536,0.8166624307632446,negative,True
2019-12-31,city.goa,Goa: Onion; veggie supply to be hit by New Year's Eve rush,Onion,0.19447338581085205,0.4032527804374695,0.4022737741470337,neutral,False
2020-01-01,city.hyderabad,Onion price in Hyd dips to Rs 90/kg,Onion,0.012075811624526978,0.043053776025772095,0.9448703527450562,negative,False
2020-01-01,city.nashik,Maharashtra: Onion prices dip 34 per cent in two days as supply increases,Onion,0.017067203298211098,0.029586516320705414,0.9533463716506958,negative,False
2020-01-02,city.nashik,Avg wholesale onion price crashes by Rs 1;000 in a day,Onion,0.4914097487926483,0.37936994433403015,0.12922026216983795,positive,False
2020-01-02,city.lucknow,No cheer: Spurt in tomato; onion & potato prices burns hole in pockets,Onion,0.08880028128623962,0.6614403128623962,0.24975945055484772,neutral,False
2020-01-04,city.kolkata,Kolkata: Onion price starts to ease; expected to drop further,Onion,0.16886955499649048,0.018484830856323242,0.812645673751831,negative,False
2020-01-05,city.bhopal,After onion; tomato price in the red with three-fold hike,Onion,0.1660274863243103,0.821407675743103,0.012564858421683311,neutral,False
2020-01-05,city.jaipur,Import from Maha; Guj drops onion prices in Raj,Onion,0.06808479130268097,0.032118264585733414,0.8997968435287476,negative,False
2020-01-05,city.lucknow,Lucknow: After onion tears; garlic may now fly off your plate,Onion,0.028260577470064163,0.7280065417289734,0.24373286962509155,neutral,False
2020-01-06,city.mysuru,Onion prices dip below Rs 60 in wholesale market,Onion,0.027378177270293236,0.21086977422237396,0.7617520093917847,negative,False
2020-01-11,city.nashik,Average wholesale onion price drops to 3;000 per quintal,Onion,0.009322904981672764,0.02146645076572895,0.9692106246948242,negative,False
2020-01-15,city.kolkata,Onion price dips below government subsidy rate in West Bengal,Onion,0.04641762003302574,0.10460494458675385,0.8489773869514465,negative,False
2020-01-16,city.lucknow,UP: Onion truck; driver looted in Jalaun,Onion,0.02603072300553322,0.4249001443386078,0.5490691661834717,negative,False
2020-01-17,city.goa,Onion prices down to Rs 60; likely to normalise next week,Onion,0.03295496478676796,0.053376778960227966,0.9136683344841003,negative,False
2020-01-22,city.pune,Pune: Potato going the onion way as supplies fall in markets,Onion,0.010979625396430492,0.03064313903450966,0.9583772420883179,negative,False
2020-01-25,city.kolkata,Onion price rises to Rs 80/kg yet again; traders blame short supply,Onion,0.2425864338874817,0.05007391795516014,0.7073396444320679,negative,True
2020-01-28,city.nashik,Onion prices crash by 35% at Lasalgaon,Onion,0.026357989758253098,0.011914309114217758,0.9617276787757874,negative,False
2020-02-01,city.nashik,Maharashtra: Onion glut at Lasalgaon; 70% drop in average wholesale price,Onion,0.0334085151553154,0.009272855706512928,0.9573186635971069,negative,False
2020-02-01,city.trichy,Onion farmers seek relief for crop loss,Onion,0.3598645031452179,0.24477042257785797,0.39536502957344055,negative,False
2020-02-02,city.nashik,Onion; grape farmers at odds in Nashik,Onion,0.06275312602519989,0.7573822140693665,0.17986467480659485,neutral,False
2020-02-06,city.nashik,Nashik traders seek rollback of onion export ban,Onion,0.5375412106513977,0.1402081698179245,0.3222506046295166,positive,False
2020-02-08,city.bhopal,After record highs; onion brings tears with new lows,Onion,0.22389885783195496,0.2102450281381607,0.5658560991287231,negative,False
2020-02-11,city.nashik,Farmers protest against ban on onion export,Onion,0.03145072981715202,0.1643552929162979,0.8041940331459045,negative,False
2020-02-12,city.goa,Onion prices stabilise; now sell at Rs 29/kg at state outlets; Rs 40/kg in retail market,Onion,0.80235356092453,0.17936067283153534,0.01828579045832157,positive,False
2020-02-12,city.chennai,Onion prices drop to Rs 25/kg in Chennai,Onion,0.009515229612588882,0.030713826417922974,0.959770917892456,negative,False
2020-02-17,city.nashik,Farmers seek Maharashtra CM Uddhav Thackeray intervention on withdrawal of ban on onion export,Onion,0.2822674512863159,0.5063108205795288,0.21142174303531647,neutral,False
2020-02-29,city.nashik,Govt lifts export ban; onion starts fetching higher rates at Lasalgaon,Onion,0.6372590661048889,0.30528467893600464,0.05745631083846092,positive,False
2020-03-03,city.nashik,Farmers stop onion auction after wholesale price crashes below Rs 1;500,Onion,0.01229088380932808,0.14056196808815002,0.8471471071243286,negative,False
2020-03-04,city.rajkot,Gujarat: Onion prices expected to rise as Union government lifts export ban,Onion,0.03535067290067673,0.038554154336452484,0.926095187664032,negative,True
2020-03-06,city.nashik,NCP blocks highway over 'delay' in lifting onion export ban,Onion,0.02238372340798378,0.054741449654102325,0.922874927520752,negative,False
2020-03-09,city.kolkata,In three months; onion goes from Rs 100 to Rs 20 in Kolkata,Onion,0.0860319435596466,0.8962520360946655,0.01771603897213936,neutral,False
2020-03-11,city.nashik,Harvest of summer onion begins; crop arrives at Lasalgaon,Onion,0.15986980497837067,0.8175458908081055,0.02258426323533058,neutral,False
2020-03-13,city.nashik,Centre lifts stock limits on onion wholesalers; retailers,Onion,0.07775165885686874,0.763178288936615,0.15907002985477448,neutral,False
2020-03-16,city.nashik,41% drop in onion exports from Halcon this year,Onion,0.009567846544086933,0.016328196972608566,0.9741039276123047,negative,False
2020-03-17,city.nashik,Increased onion arrival causes minor price cut,Onion,0.03209499642252922,0.08011046797037125,0.887794554233551,negative,False
2020-03-19,city.nashik,Wholesale onion prices drop 30% in 3 days at Lasalgaon,Onion,0.008078428916633129,0.02515134960412979,0.9667701721191406,negative,False
2020-03-31,city.nashik,Lasalgaon onion market to be shut from today,Onion,0.018114028498530388,0.31964534521102905,0.6622405648231506,negative,False
2020-03-31,city.pune,Less arrival of onion and potato to jack up prices in Pune,Onion,0.02809133380651474,0.45026275515556335,0.5216459035873413,negative,True
2020-04-01,city.hubballi,Onion growers struggle to sell produce,Onion,0.021253088489174843,0.17431005835533142,0.8044368624687195,negative,False
2020-04-01,city.nashik,Onion auctions shut in APMCs across Nashik district; scarcity likely,Onion,0.009154879488050938,0.030181316658854485,0.9606638550758362,negative,False
2020-04-02,city.pune,Onion rates dip below Rs 10/kg for the first time this season in Pune,Onion,0.027104461565613747,0.09326998889446259,0.8796254396438599,negative,False
2020-04-07,city.rajkot,Onion shortage likely as lockdown affects harvesting,Onion,0.02124514989554882,0.07590418308973312,0.9028506875038147,negative,False
2020-04-07,city.pune,Marginal rise in wholesale price of onion & potato,Onion,0.048171497881412506,0.04941703379154205,0.9024115204811096,negative,True
2020-04-09,city.nashik,Maharashtra: District APMCs reduce onion auction timings; curtail auction,Onion,0.018890876322984695,0.12274304032325745,0.8583661317825317,negative,False
2020-04-16,city.nashik,Avg wholsesale onion price drops 20% at Lasalgaon,Onion,0.010533042252063751,0.02272917330265045,0.9667378067970276,negative,False
2020-04-17,city.nagpur,Lockdown hits Akola onion growers hard,Onion,0.010123809799551964,0.031506575644016266,0.9583695530891418,negative,False
2020-04-21,city.trichy,Small onion farmers in Trichy district struggle to sell 1;000 tonnes of produce,Onion,0.009778824634850025,0.06218300759792328,0.9280381202697754,negative,False
2020-04-27,india,Mumbai to Prayagraj: Man uses onion passport to cross lockown barriers,Onion,0.04551072418689728,0.9219292998313904,0.032559990882873535,neutral,False
2020-04-28,city.nashik,Wholesale onion prices rise by Rs 50 to stabilise at Rs 900/quintal,Onion,0.022088756784796715,0.08639298379421234,0.891518235206604,negative,True
2020-05-02,city.indore,Madhya Pradesh: Bumper crops; no market leave onion farmers in tears,Onion,0.031958095729351044,0.3266215920448303,0.6414202451705933,negative,False
2020-05-11,city.mysuru,After lockdown woes; onion farmers hit by twister blight,Onion,0.022471172735095024,0.03823692724108696,0.9392919540405273,negative,False
2020-05-14,city.rajkot,Onion farmers wail over meagre prices of produce,Onion,0.01714533381164074,0.07103297114372253,0.9118216633796692,negative,False
2020-05-15,city.rajkot,Onion farmer ends life; family blames meagre returns on produce,Onion,0.013154854066669941,0.07919785380363464,0.9076473116874695,negative,False
2020-05-16,city.nashik,Maharashtra: Onion auction at Lasalgaon begins after 8-day break,Onion,0.055534761399030685,0.9191953539848328,0.025269880890846252,neutral,False
2020-05-19,city.pune,Retail price of onion plummets in Pune,Onion,0.015727534890174866,0.023569434881210327,0.9607030153274536,negative,False
2020-05-21,city.nashik,Nashik: Average wholesale onion price stabilizes at Lasalgaon,Onion,0.032740455120801926,0.0452302023768425,0.9220293164253235,negative,False
2020-05-28,city.ahmedabad,Ahmedabad: Onion; green chilli prices plunge amid low demand from hotels,Onion,0.014252986758947372,0.01802278496325016,0.9677243232727051,negative,False
2020-06-09,city.nashik,Onion prices rise by 18% at Lasalgaon as demand goes up,Onion,0.018904458731412888,0.04473908990621567,0.9363564848899841,negative,True
2020-06-10,city.nashik,Wholesale onion price up 13%,Onion,0.04922713339328766,0.07291244715452194,0.877860426902771,negative,True
2020-06-12,city.nashik,Onion price stays around Rs 900/quintal,Onion,0.05382932350039482,0.8925303220748901,0.05364029109477997,neutral,False
2020-07-08,city.nashik,Centre increases onion procurement target,Onion,0.4739505648612976,0.482659250497818,0.04339020326733589,neutral,False
2020-07-29,city.nashik,Onion farmers begin missed call agitation,Onion,0.023894300684332848,0.2788153886795044,0.6972902417182922,negative,False
2020-08-11,city.nashik,Rs 100 rise in wholesale price as rain hits onion supplies,Onion,0.19132618606090546,0.14938834309577942,0.6592854261398315,negative,True
2020-08-14,city.nashik,Onion prices up 30% as supply falls at Lasalgaon,Onion,0.38449597358703613,0.039270251989364624,0.5762337446212769,negative,False
2020-08-18,city.nashik,Onion wholesale price crosses Rs 1;000/quintal,Onion,0.04204282537102699,0.9355795383453369,0.02237764000892639,neutral,False
2020-08-19,city.chennai,Chennai: Rs 1.3cr ganja seized from onion-laden truck; 2 held,Onion,0.21508364379405975,0.18138927221298218,0.6035270690917969,negative,False
2020-08-20,city.nashik,Avg wholesale onion price shoots up by 48% at Lasalgaon APMC,Onion,0.01928510144352913,0.02792806550860405,0.9527867436408997,negative,True
2020-08-24,city.nashik,Onion prices up 33% at Lasalgaon,Onion,0.018483543768525124,0.03461236134171486,0.946904182434082,negative,True
2020-08-25,city.nashik,Avg wholesale onion price falls by 30% to Rs 1;200/quintal in Lasalgaon,Onion,0.01200266182422638,0.01828276365995407,0.9697145819664001,negative,False
2020-09-01,city.rajkot,Onion hub cries for biz as nCov drags down exports,Onion,0.11931417882442474,0.15947702527046204,0.7212088108062744,negative,False
2020-09-05,city.nashik,Onion fetches Rs 2;000 per quintal at Lasalgaon amid short supply,Onion,0.4493066668510437,0.07367051392793655,0.4770229160785675,negative,False
2020-09-10,city.nashik,Average wholesale onion price rises to Rs 2;400/quintal,Onion,0.04506664350628853,0.09620906412601471,0.8587242960929871,negative,True
2020-09-10,city.mumbai,Maharashtra: Prices of tomato; potato and onion hit the roof,Onion,0.03138922527432442,0.040506791323423386,0.928104043006897,negative,False
2020-09-10,city.thane,Maharashtra: Prices of tomato; potato and onion hit the roof,Onion,0.03138922527432442,0.040506791323423386,0.928104043006897,negative,False
2020-09-10,city.navimumbai,Maharashtra: Prices of tomato; potato and onion hit the roof,Onion,0.03138922527432442,0.040506791323423386,0.928104043006897,negative,False
2020-09-16,city.ahmedabad,Ahmedabad: Onion price may touch Rs 100/kg by end of October,Onion,0.07240451127290726,0.8610039353370667,0.06659157574176788,neutral,False
2020-09-18,city.hubballi,Karnataka onion growers staring at huge losses as Centre bans exports,Onion,0.021404260769486427,0.03884723037481308,0.9397485256195068,negative,False
2020-09-18,india,Revoke ban on onion exports; urges B'desh,Onion,0.3814888894557953,0.5407216548919678,0.07778941839933395,neutral,False
2020-09-19,city.nashik,Nashik: Onion farmers plan sit-in in front of MPs' houses,Onion,0.01707935333251953,0.21355755627155304,0.7693629860877991,negative,False
2020-09-20,city.nashik,Onion traders from Nashik relieved; no joy for farmers,Onion,0.6081916689872742,0.24363157153129578,0.14817674458026886,positive,False
2020-09-20,city.kolkata,Onion export to Bangla resumes after DGFT nod,Onion,0.19173021614551544,0.7737154364585876,0.034554362297058105,neutral,False
2020-09-22,city.coimbatore,Lift onion export ban: Farmers,Onion,0.10010839998722076,0.8268783688545227,0.07301328331232071,neutral,False
2020-09-23,city.nashik,At Rs 3;800/quintal; onion prices hit season's highest,Onion,0.9321759939193726,0.03825077414512634,0.029573168605566025,positive,False
2020-09-26,city.mumbai,Respond to exporters' plea on onion ban: Bombay HC to govt,Onion,0.3669288456439972,0.5621339082717896,0.07093725353479385,neutral,False
2020-09-26,city.nashik,Avg wholesale onion price stabilizes at Rs3;200/quintal,Onion,0.03425867110490799,0.07157598435878754,0.8941652774810791,negative,False
2020-09-26,city.nashik,Nashik: Ban on onion export delays first CRT freight,Onion,0.02036086656153202,0.6004099249839783,0.37922921776771545,neutral,False
2020-09-28,city.hyderabad,Onion prices start climbing down; consumption rises,Onion,0.40995556116104126,0.1342419683933258,0.45580247044563293,negative,False
2020-09-29,city.kolkata,Onion touches Rs 60; other vegetables too pinch pockets,Onion,0.13910891115665436,0.769626796245575,0.09126431494951248,neutral,False
2020-10-13,city.nashik,Avg wholesale onion price records season's highest at Rs 4;100,Onion,0.8583930134773254,0.11392014473676682,0.027686815708875656,positive,False
2020-10-15,city.nashik,Onion wholesale price touches season's high,Onion,0.5904640555381775,0.08461476862430573,0.324921190738678,positive,False
2020-10-15,city.nashik,I-T search on premises of 12 Nashik onion traders,Onion,0.024641776457428932,0.9554380774497986,0.019920147955417633,neutral,False
2020-10-16,city.nashik,Nashik: Onion auction stops at Lasalgaon amid I-T searches on big traders,Onion,0.046334877610206604,0.15150140225887299,0.8021637201309204,negative,False
2020-10-20,city.pune,Onion prices rise in Pune amid supply crunch,Onion,0.2528629004955292,0.07793568074703217,0.6692014336585999,negative,False
2020-10-20,business.india-business,Lasalgaon onion price hits this year's high of Rs 6;200 a quintal,Onion,0.8789675831794739,0.08862004429101944,0.03241230547428131,positive,False
2020-10-21,city.surat,Rain hits onion supply; prices go through roof in Surat,Onion,0.022979144006967545,0.037016451358795166,0.9400044083595276,negative,False
2020-10-21,city.trichy,Onion-shallot prices shoot up in Tamil Nadu due to rain; crop loss in other states,Onion,0.013455867767333984,0.018303142860531807,0.9682410359382629,negative,False
2020-10-21,city.nashik,Onion sells at Rs 7;100 per quintal in Maharashtra's Lasalgaon,Onion,0.06203070655465126,0.9116302132606506,0.026339102536439896,neutral,False
2020-10-22,city.mumbai,Onion prices soar to Rs 100/kg in Mumbai; Pune,Onion,0.01805840991437435,0.08763100206851959,0.8943106532096863,negative,True
2020-10-22,city.coimbatore,Coimbatore: AIDWA members in district protest onion price hike; blame govts,Onion,0.03330183029174805,0.06082949414849281,0.905868649482727,negative,False
2020-10-22,city.kolkata,Onion price in Kolkata shoots up to Rs 80/kg,Onion,0.016932277008891106,0.0804905816912651,0.9025770425796509,negative,True
2020-10-22,city.hyderabad,Supply crunch pushes onion prices to Rs 110/kg in Hyderabad,Onion,0.03473025932908058,0.05076576769351959,0.9145039916038513,negative,False
2020-10-22,city.pune,Onion prices soar to Rs 100/kg in Mumbai; Pune,Onion,0.01805840991437435,0.08763100206851959,0.8943106532096863,negative,True
2020-10-23,city.hubballi,Onion prices skyrocket during festive season,Onion,0.02816150337457657,0.09022989124059677,0.8816086053848267,negative,False
2020-10-23,city.kochi,Kerala: Soaring onion price brings tears,Onion,0.36099886894226074,0.06531274318695068,0.5736884474754333,negative,False
2020-10-23,city.nashik,Onion prices rise to Rs 6;200/quintalafter falling a day earlier at Lasalgaon,Onion,0.42459818720817566,0.042675506323575974,0.5327262878417969,negative,True
2020-10-23,city.delhi,Delhi: Onion and potato prices hit the roof in festive season,Onion,0.09217523038387299,0.04075075685977936,0.8670740127563477,negative,False
2020-10-23,city.madurai,Pricey onion leaves omelette lovers in tears,Onion,0.06817838549613953,0.754544734954834,0.1772768646478653,neutral,False
2020-10-24,city.visakhapatnam,Onion prices spike; subsidised sale starts in Visakhapatnam,Onion,0.811494767665863,0.03990006074309349,0.14860515296459198,positive,False
2020-10-24,business.india-business,Onion prices soar; govt puts cap on stock with EC Act,Onion,0.24954023957252502,0.14977170526981354,0.600688099861145,negative,False
2020-10-25,city.ahmedabad,Onion price set to cross Rs 100/kg mark in Ahmedabad,Onion,0.5953718423843384,0.3806772828102112,0.02395080216228962,positive,False
2020-10-26,city.indore,Indore: Soaring onion prices pinching pockets in festive season,Onion,0.28674250841140747,0.07001408189535141,0.6432434320449829,negative,False
2020-10-28,city.nashik,On day 2; wholesale onion markets wear deserted look,Onion,0.04945946857333183,0.7596019506454468,0.1909385323524475,neutral,False
2020-10-28,city.trichy,Tamil Nadu: Onion; shallot prices down by Rs 20/kg,Onion,0.01011609472334385,0.03343115746974945,0.9564527273178101,negative,False
2020-10-29,city.kolkata,At Rs 100; onion price brings tears to eyes,Onion,0.08214178681373596,0.48815205693244934,0.4297062158584595,neutral,False
2020-10-29,city.coimbatore,Salem dist administration arranges onion at Rs 45 per kilo for residents,Onion,0.06221591681241989,0.9254121780395508,0.012371832504868507,neutral,False
2020-10-29,city.chennai,Chennai: Wholesale cost of onion drops by Rs 20,Onion,0.051363181322813034,0.016395488753914833,0.9322413802146912,negative,False
2020-10-30,city.nashik,Nashik traders set to resume onion auction at 15 APMCs on Friday,Onion,0.03931731358170509,0.9192617535591125,0.04142099618911743,neutral,False
2020-10-30,business.india-business,Onion traders to get three days' time before enforcement of stock limits: Government,Onion,0.030037235468626022,0.8961083889007568,0.07385430485010147,neutral,False
2020-10-31,city.nashik,Onion auctions resume; traders welcome Centre's relaxation,Onion,0.48140865564346313,0.4823184609413147,0.03627294301986694,neutral,False
2020-10-31,city.trichy,Trichy: Bellary onion yet to be sold for Rs 45/ kg,Onion,0.09283050894737244,0.8813888430595398,0.02578066475689411,neutral,False
2020-11-02,city.lucknow,UP CM Yogi Adityanath orders crackdown on hoarding of potato; onion,Onion,0.0420617014169693,0.22217582166194916,0.7357624769210815,negative,False
2020-11-04,city.nashik,Nashik: Onion price drops by 1;300 to 4k/quintal,Onion,0.01156474556773901,0.021557586267590523,0.9668777585029602,negative,False
2020-11-04,city.coimbatore,Onion will stay pricey till December; says TNAU,Onion,0.08600252121686935,0.8767013549804688,0.03729609027504921,neutral,False
2020-11-04,city.lucknow,CM for cap on onion stock for retail; wholesale traders,Onion,0.05965851619839668,0.9221702218055725,0.01817123219370842,neutral,False
2020-11-05,city.nashik,Onion prices drop for 2nd day in a row at Lasalgaon,Onion,0.016678238287568092,0.043242961168289185,0.9400787949562073,negative,False
2020-11-05,city.lucknow,Uttar Pradesh govt outlets to sell onion; other veggies cheap,Onion,0.06080547720193863,0.9164308309555054,0.022763758897781372,neutral,False
2020-11-06,city.goa,Goa Forward Party: Why different onion rates at ration; horticulture stores,Onion,0.04210972040891647,0.9363650679588318,0.021525252610445023,neutral,False
2020-11-06,city.aurangabad,Man booked for selling onion seeds,Onion,0.044658269733190536,0.7538951635360718,0.20144662261009216,neutral,False
2020-11-10,city.trichy,483 tonnes of onion seized from poultry farms,Onion,0.014031817205250263,0.040993012487888336,0.9449751973152161,negative,False
2020-11-12,city.nashik,Average onion price falls as farmers rush to clear stock,Onion,0.010562515817582607,0.03358333185315132,0.9558541774749756,negative,False
2020-11-13,city.rajkot,Promote dehydrated onion in local markets; demands traders' body,Onion,0.1356024146080017,0.8472886085510254,0.01710893213748932,neutral,False
2020-11-22,city.nashik,Onion farmer cheated of Rs 58K in Nashik,Onion,0.0925663486123085,0.8696597814559937,0.03777380287647247,neutral,False
2020-11-26,city.ranchi,Rising onion; potato prices send family budgets haywire in Steel City,Onion,0.027478748932480812,0.13605691492557526,0.8364643454551697,negative,False
2020-11-28,city.jaipur,Villagers uproot onion plants from agri centre,Onion,0.03079604171216488,0.279377818107605,0.6898261308670044,negative,False
2020-12-01,city.jaipur,Onion prices in Jaipur dip with improved supply,Onion,0.12320753931999207,0.032378025352954865,0.8444144129753113,negative,False
2020-12-05,city.kolkata,Dilip hits out at Trinamool over spiralling prices of potato; onion,Onion,0.0940692275762558,0.08879516273736954,0.8171356320381165,negative,False
2020-12-06,city.navimumbai,Navi Mumbai: APMC onion at Rs 15 per kg,Onion,0.049998972564935684,0.922825276851654,0.027175744995474815,neutral,False
2020-12-08,city.nashik,Two politicians seek onion export ban withdrawal,Onion,0.1173335462808609,0.23898795247077942,0.6436784267425537,negative,False
2020-12-10,city.nashik,Summer onion prices rise by 44% at Lasalgaon,Onion,0.024699799716472626,0.05415802821516991,0.9211422204971313,negative,True
2020-12-10,city.goa,Onion rates start to stabilise in Panaji; prices down by half,Onion,0.4575536251068115,0.022520067170262337,0.5199263095855713,negative,False
2020-12-10,city.hyderabad,Govt issues order imposing curbs on stocking of onion,Onion,0.03884253650903702,0.3322560787200928,0.6289013624191284,negative,False
2020-12-15,city.nagpur,Low onion output worries farmers as hopes of profits dim,Onion,0.036325328052043915,0.051435310393571854,0.9122393131256104,negative,False
2020-12-17,city.nashik,Tillers seek intervention of guv; Fadnavis to lift onion export ban,Onion,0.8067967891693115,0.1298467516899109,0.06335648149251938,positive,False
2020-12-18,india,Onion import relaxation to stay till Jan 31,Onion,0.05949986353516579,0.7725837826728821,0.16791637241840363,neutral,False
2020-12-24,city.nashik,Maharashtra agriculture minister asked to help lift onion export ban,Onion,0.7311415076255798,0.1931302845478058,0.07572820782661438,positive,False
2020-12-31,city.nashik,Halcon starts getting onion export enquiries,Onion,0.05818616971373558,0.8860792517662048,0.055734582245349884,neutral,False
2021-01-15,city.nagpur,Farmers to agitate if onion export ban returns: SC panel member,Onion,0.02697361819446087,0.6562853455543518,0.31674104928970337,neutral,False
2021-01-15,city.kolkata,West Bengal: Onion pinches pocket; price jumps by Rs 20 in four days,Onion,0.21124356985092163,0.10185357183218002,0.6869028806686401,negative,True
2021-01-20,city.kochi,Kerala: 'Onion challenger' sets shining example for organic farmers,Onion,0.823296308517456,0.1685454249382019,0.0081582460552454,positive,False
2021-01-21,city.nashik,Average wholesale onion price drops to Rs 2;600/quintal,Onion,0.007685073185712099,0.02329462207853794,0.9690203070640564,negative,False
2021-02-01,city.trichy,Farmers destroy onion crops damaged in rain,Onion,0.015522878617048264,0.07180963456630707,0.9126675128936768,negative,False
2021-02-03,city.nashik,Nashik: Low supply keeps average onion price on the higher side,Onion,0.11373557895421982,0.15381400287151337,0.7324504256248474,negative,False
2021-02-11,city.delhi,Delhi: Onion prices rise to Rs 60/kg; traders say relief likely soon,Onion,0.04372168332338333,0.03299885243177414,0.923279345035553,negative,True
2021-02-14,city.ahmedabad,Gujarat: Bumper onion crop to boost exports,Onion,0.9389431476593018,0.029445648193359375,0.031611207872629166,positive,False
2021-02-15,city.pune,Pune: Onion price falls in retail market; slump in produce expected soon,Onion,0.009150278754532337,0.0215636994689703,0.9692860841751099,negative,False
2021-02-21,city.mumbai,Retail rates of onion soar to Rs 55-60 after 'unseasonal rain',Onion,0.8564640283584595,0.03975791111588478,0.10377807915210724,positive,False
2021-02-21,city.nashik,Marginal rise in wholesale onion price,Onion,0.13445717096328735,0.08330913633108139,0.782233715057373,negative,True
2021-02-24,city.jaipur,Jaipur: Onion prices shoot up as rain damages crop in Maharashtra,Onion,0.03572694584727287,0.0209804754704237,0.9432926177978516,negative,False
2021-02-25,city.kolkata,Kolkata: Diesel price upswing makes onion dearer,Onion,0.017917299643158913,0.11471329629421234,0.8673694133758545,negative,False
2021-02-25,city.trichy,Horticulture dept to develop onion seedlings to stabilize price,Onion,0.707218587398529,0.2839428186416626,0.008838570676743984,positive,False
2021-03-06,city.nashik,Wholesale onion prices fall 25% at Lasalgaon,Onion,0.009362203069031239,0.02040662243962288,0.970231294631958,negative,False
2021-03-06,city.pune,Onion prices decrease after glut of new harvest,Onion,0.35069170594215393,0.027511537075042725,0.6217967867851257,negative,False
2021-03-17,city.goa,Surplus supply sees retail onion prices drop to Rs 35/kg,Onion,0.008114379830658436,0.01925848238170147,0.9726271629333496,negative,False
2021-03-20,city.nashik,Wholesale onion price at Rs 950/quintal,Onion,0.036739885807037354,0.9422850608825684,0.02097507379949093,neutral,False
2021-04-02,city.nashik,Onion auction begins at Lasalgaon after five days,Onion,0.02397371083498001,0.9424273371696472,0.033598922193050385,neutral,False
2021-04-07,city.nashik,Avg wholesale onion price drops below Rs 800 per quintal,Onion,0.01257474347949028,0.03994804993271828,0.9474772214889526,negative,False
2021-04-21,city.mumbai,Onion prices drop as supply beats demand in Mumbai,Onion,0.010464177466928959,0.02342952787876129,0.9661063551902771,negative,False
2021-05-04,city.nashik,Onion auction resumes after 6 days,Onion,0.019835807383060455,0.928631603717804,0.0515325702726841,neutral,False
2021-05-19,city.ahmedabad,Onion dehydration units battered; Alang infra hit,Onion,0.0318608433008194,0.014295253902673721,0.953843891620636,negative,False
2021-05-21,city.ahmedabad,Cyclone Tauktae: Onion dehydration units in Gujarat stare at Rs 300 crore in damage,Onion,0.05560960993170738,0.06405695527791977,0.8803334832191467,negative,False
2021-05-21,city.trichy,Trichy's fish; onion traders decide to shut for more days,Onion,0.01948040910065174,0.16857218742370605,0.8119474053382874,negative,False
2021-06-07,city.kolkata,Kolkata: High transport cost pushes up onion price across retail markets,Onion,0.09169670939445496,0.02355797402560711,0.8847452998161316,negative,False
2021-07-02,city.nashik,Nashik: 7% drop in average onion price at Lasalgaon,Onion,0.01219323743134737,0.015644634142518044,0.972162127494812,negative,False
2021-08-03,city.nashik,15% drop in average wholesale onion price at Lasalgaon market,Onion,0.009856888093054295,0.02766496315598488,0.9624781012535095,negative,False
2021-09-16,city.trichy,More farmers dump onion bulb; embrace seeds,Onion,0.08184589445590973,0.8894479870796204,0.02870609052479267,neutral,False
2021-09-25,city.vijayawada,Andhra Pradesh: Onion prices crash at Kurnool market yard,Onion,0.010420129634439945,0.029118694365024567,0.9604611396789551,negative,False
2021-09-30,city.nashik,Rain hits onion; vegetable supplies to APMCs; wholesale rates increase,Onion,0.07048700749874115,0.8647844195365906,0.0647285133600235,neutral,False
2021-10-03,city.navimumbai,Maharashtra: Alibaug white onion gets GI tag for health benefits,Onion,0.6172342300415039,0.3661460876464844,0.016619672998785973,positive,False
2021-10-07,city.nashik,Average wholesale onion price rises at Lasalgaon,Onion,0.28519344329833984,0.2714745104312897,0.4433320164680481,negative,False
2021-10-07,city.navimumbai,Maharashtra: Erratic rains lead to rise in onion prices,Onion,0.013288014568388462,0.025068610906600952,0.9616434574127197,negative,False
2021-10-07,city.madurai,Onion prices shoot up in Madurai due to rain-induced short supply,Onion,0.014248204417526722,0.01979988068342209,0.9659518599510193,negative,False
2021-10-13,city.nashik,Nashik: Onion prices climb to 6-month high at Lasalgaon,Onion,0.9277856945991516,0.033004727214574814,0.03920963034033775,positive,False
2021-10-15,city.mumbai,Maharashtra: Tomato hits Rs 80 a kg & onion strikes half century; skewing home budgets,Onion,0.10950439423322678,0.04101354628801346,0.8494821190834045,negative,False
2021-10-17,city.delhi,Twin trouble: Tomato; onion costlier in Delhi,Onion,0.22687338292598724,0.7486140131950378,0.024512602016329765,neutral,False
2021-10-18,business.india-business,Onion & tomato prices rise in festive season; oil rates stable,Onion,0.07897751778364182,0.23253540694713593,0.6884870529174805,negative,True
2021-10-19,city.nashik,Average wholesale onion price falls 16% at Lasalgaon in a week,Onion,0.011803314089775085,0.02974546328186989,0.9584511518478394,negative,False
2021-10-19,city.vijayawada,Vijayawada: Onion; tomato go out of poor man's menu,Onion,0.0410747192800045,0.7381001710891724,0.22082509100437164,neutral,False
2021-10-22,city.nashik,I-T searches on premises of seven onion traders in Nashik,Onion,0.01856197789311409,0.8834269642829895,0.0980110764503479,neutral,False
2021-10-23,city.nashik,Onion prices up 15 per cent at Lasalgaon APMC,Onion,0.020707588642835617,0.06993161141872406,0.9093608260154724,negative,True
2021-10-25,city.nagpur,I-T raids on onion traders; Rs24Cr cash seized,Onion,0.028739504516124725,0.4777938723564148,0.4934666156768799,negative,False
2021-10-25,city.mumbai,maharashtra i t raids on onion traders in nashik yield rs 24 crore in cash,Onion,0.06252113729715347,0.8879541754722595,0.049524687230587006,neutral,False
2021-11-01,city.hubballi,Onion growers; consumers in tears as middlemen make merry,Onion,0.03711622208356857,0.3971617817878723,0.5657219886779785,negative,False
2021-11-10,city.nashik,Onion auction resumes at Lasalgaon after 11 days,Onion,0.032849229872226715,0.9353090524673462,0.03184179216623306,neutral,False
2021-11-17,city.nashik,Onion prices continue to drop at Lasalgaon,Onion,0.007977841421961784,0.021185072138905525,0.9708370566368103,negative,False
2021-12-02,city.nashik,Grape; onion & vegetable farmers worry as rain lashes Nashik dist,Onion,0.018216097727417946,0.14030221104621887,0.8414816856384277,negative,False
2021-12-20,city.bhopal,IAS officer in Madhya Pradesh orders probe into onion 'scam'; is shunted out,Onion,0.01722206361591816,0.08664387464523315,0.896134078502655,negative,False
2021-12-31,city.indore,New crop pulls down prices of old onion in Madhya Pradesh,Onion,0.018611688166856766,0.03251660242676735,0.9488716721534729,negative,False
2022-01-06,city.nashik,15% rise in wholesale onion price,Onion,0.01718299277126789,0.06030411645770073,0.9225128889083862,negative,True
2022-02-10,city.indore,Drop in onion supplies lifts prices in wholesale market,Onion,0.11474587768316269,0.02289866842329502,0.8623554110527039,negative,False
2022-02-18,city.rajkot,Gujarat expects bumper onion crop,Onion,0.2158382534980774,0.19717366993427277,0.586988091468811,negative,False
2022-02-22,city.nashik,Marginal rise in avg wholesale onion price at Lasalgaon,Onion,0.071574367582798,0.046173710376024246,0.8822519183158875,negative,True
2022-03-02,city.nashik,Maharashtra: Average wholesale onion price falls by 15% at Lasalgaon,Onion,0.00809553638100624,0.020938366651535034,0.970966100692749,negative,False
2022-03-06,city.mysuru,Karnataka: After steady rise; onion prices dip sharply in twin districts,Onion,0.12547673285007477,0.01720307394862175,0.8573201894760132,negative,False
2022-03-07,city.nashik,Area under summer onion cultivation up by 40% in Nashik district,Onion,0.9499077796936035,0.029546746984124184,0.020545585080981255,positive,False
2022-03-15,city.rajkot,Onion glut; farmers demand policy for price,Onion,0.0469595231115818,0.8078709244728088,0.14516951143741608,neutral,False
2022-03-24,city.nashik,Onion prices drop 20% in Maharashtra's Lasalgaon,Onion,0.009396453388035297,0.023571234196424484,0.9670323133468628,negative,False
2022-04-06,city.nashik,Maharashtra: Average wholesale onion prices drop Rs 120 per quintal at Lasalgaon,Onion,0.007778111379593611,0.026744529604911804,0.9654773473739624,negative,False
2022-04-07,city.kolkata,Onion price bucks trend; stays low in Bengal,Onion,0.16238214075565338,0.0339600071310997,0.8036578297615051,negative,False
2022-04-13,city.hubballi,Karnataka: Price of onion plummets; farmers reduced to tears,Onion,0.011582951992750168,0.0345546118915081,0.9538623690605164,negative,False
2022-04-28,city.ahmedabad,Onion farmers to be paid Rs 2 more per kg in Gujarat,Onion,0.04106241837143898,0.920141875743866,0.038795728236436844,neutral,False
2022-05-01,city.chandigarh,Hry agri varsity to promote 'Hisar onion',Onion,0.39953023195266724,0.5926198959350586,0.0078499186784029,neutral,False
2022-05-04,city.nashik,Drop in average wholesale onion price at Lasalgaon,Onion,0.009692568331956863,0.025083264335989952,0.9652240872383118,negative,False
2022-05-10,city.ahmedabad,100 crore allotted for onion assistance: State agri minister,Onion,0.31287023425102234,0.6768451929092407,0.010284611023962498,neutral,False
2022-05-12,city.nashik,onion farmer cheated of over 9 5 lakh in nashik,Onion,0.1275438368320465,0.8068742752075195,0.06558183580636978,neutral,False
2022-05-27,city.nashik,15% rise in avg wholesale onion prices,Onion,0.01889946684241295,0.045311808586120605,0.9357886910438538,negative,True
2022-06-06,city.nashik,Darekar blames state govt for onion farmers' problems,Onion,0.02931509166955948,0.11426502466201782,0.8564199209213257,negative,False
2022-06-09,city.nagpur,Low onion prices: Farmers hit back by holding produce,Onion,0.02398870699107647,0.03693060576915741,0.9390807151794434,negative,False
2022-06-12,city.nashik,Rain hits onion stock; houses in Nashik dist,Onion,0.01750618778169155,0.12811830639839172,0.8543754816055298,negative,False
2022-06-22,city.nashik,Nashik: Average wholesale onion price stabilises at Rs 1;300 per quintal at Lasalgaon,Onion,0.6144652962684631,0.28242984414100647,0.10310489684343338,positive,False
2022-07-04,city.nashik,Maha's 2021-22 onion exports 27.4% lower than past year,Onion,0.014827112667262554,0.01530067902058363,0.9698722958564758,negative,False
2022-07-10,india,Government throws open grand onion challenge,Onion,0.030849101021885872,0.6767555475234985,0.2923954129219055,neutral,False
2022-09-06,city.nagpur,call for opening onion exports for relief to farmers in india and consumers in pak,Onion,0.5449275374412537,0.41685551404953003,0.03821693733334541,positive,False
2022-09-07,city.indore,Indore: Garlic; onion farmers hold protest; demand 'right price',Onion,0.3729506731033325,0.560446560382843,0.06660281121730804,neutral,False
2022-09-11,city.hubballi,Karnataka: Scientists encourage farmers to grow 'Bhima Super' onion,Onion,0.2705908715724945,0.7183071970939636,0.011101914569735527,neutral,False
2022-09-18,times-special,India's biggest onion market is ready to pick up the tab,Onion,0.4398581087589264,0.5422838926315308,0.017857970669865608,neutral,False
2022-09-30,city.pune,Nashik: Onion farmers block highway,Onion,0.034798093140125275,0.9143968224525452,0.050805043429136276,neutral,False
2022-09-30,city.nashik,Nashik: Onion farmers block highway,Onion,0.034798093140125275,0.9143968224525452,0.050805043429136276,neutral,False
2022-11-06,city.kolkata,Kolkata: Onion prices hit Rs 50/kg; traders blame demand-supply gap,Onion,0.11195129156112671,0.030132237821817398,0.8579164147377014,negative,False
2022-11-06,city.kolkata,Onion prices hit 50/kg; traders blame demand-supply gap,Onion,0.06351704895496368,0.04107994958758354,0.8954029679298401,negative,False
2022-11-08,city.bengaluru,bengaluru onion potato prices soar as supply hit due to rain,Onion,0.4523097276687622,0.08001424372196198,0.4676761031150818,negative,True
2022-11-14,city.kolkata,Nashik-UP supply brings down onion; potato prices across Kolkata,Onion,0.00985019002109766,0.030557580292224884,0.9595921635627747,negative,False
2022-11-15,city.nashik,Nashik: 20% rise in average wholesale onion price at Lasalgaon,Onion,0.9421026110649109,0.03392613306641579,0.023971235379576683,positive,False
2022-11-29,life-style.beauty,Remedy to hair loss with onion-based oil,Onion,0.0806988924741745,0.8965174555778503,0.022783687338232994,neutral,False
2023-01-03,city.nashik,Maharashtra's onion exports up by 27% in April-October period,Onion,0.9523486495018005,0.027078937739133835,0.020572420209646225,positive,False
2023-02-01,city.nashik,30% drop in average wholesale onion price at Nashik's Lasalgaon APMC,Onion,0.009656288661062717,0.03029216080904007,0.9600515365600586,negative,False
2023-02-13,city.goa,Bountiful winter harvest sees tomato; onion prices drop,Onion,0.2563037872314453,0.07149217277765274,0.6722040772438049,negative,False
2023-02-25,world.rest-of-world,Onion shortage could trigger a global food crisis; fuel healthy diet worries,Onion,0.46285852789878845,0.49872255325317383,0.038418933749198914,neutral,False
2023-02-26,city.nashik,nashik onion cultivator fears poor returns destroys ready to harvest 200 quintals of crop,Onion,0.04328322410583496,0.1030614972114563,0.853655219078064,negative,False
2023-02-28,city.nashik,Onion farmers stall auction at Lasalgaon; Nandgaon markets,Onion,0.03838229551911354,0.9285301566123962,0.033087536692619324,neutral,False
2023-02-28,india,Onion farmers protesting price crash stall auction at Lasalgaon,Onion,0.04926637187600136,0.13731342554092407,0.813420295715332,negative,False
2023-03-01,city.mumbai,No business in Vidhan Parishad amid onion crash uproar in Maharashtra,Onion,0.02006824128329754,0.11996106058359146,0.8599706888198853,negative,False
2023-03-02,india,Relief for onion farmers; Nafed procurement pushes up price,Onion,0.021829422563314438,0.04063592106103897,0.9375346302986145,negative,True
2023-03-04,city.nashik,CM: Will talk to Centre about B'desh onion import duty,Onion,0.0597611628472805,0.9131729006767273,0.027065914124250412,neutral,False
2023-03-08,city.ahmedabad,Rs 330 crore package for onion; potato farmers announced in Gujarat,Onion,0.40040749311447144,0.585220217704773,0.014372299425303936,neutral,False
2023-03-09,city.nashik,Avg wholesale onion price rises by 25 in Lasalgaon,Onion,0.27363044023513794,0.08095142990350723,0.6454180479049683,negative,True
2023-03-11,city.hyderabad,Onion prices crash due to excess stock,Onion,0.013336056843400002,0.0386115126311779,0.9480524659156799,negative,False
2023-03-11,city.nashik,Maharashtra's onion exports up by 40% in 8 months,Onion,0.9514292478561401,0.031488481909036636,0.017082327976822853,positive,False
2023-03-14,city.nashik,Eknath Shinde govt's ex gratia fails to appease onion growers in Maharashtra,Onion,0.02102855034172535,0.04584970325231552,0.9331218004226685,negative,False
2023-03-14,city.mumbai,Shinde's Rs 300 per quintal ex gratia fails to satisfy oppn; onion farmers in Maharashtra,Onion,0.011130651459097862,0.07074324786663055,0.918126106262207,negative,False
2023-03-14,city.mumbai,Shinde's 300 per quintal ex gratia fails to satisfy oppn; onion farmers,Onion,0.01590399444103241,0.09328214079141617,0.8908137679100037,negative,False
2023-03-17,city.mumbai,Talks halt 'long march'; farmers claim Maharashtra CM Eknath Shinde's promised to up onion ex gratia,Onion,0.08429726958274841,0.23362989723682404,0.6820728778839111,negative,False
2023-03-20,life-style.beauty,How coconut; Bhringraj and onion reduce hair loss,Onion,0.1369355022907257,0.8503795266151428,0.012684907764196396,neutral,False
2023-04-21,india,Unseasonal rains set to hit onion output,Onion,0.1562885344028473,0.1918906569480896,0.6518208384513855,negative,False
2023-05-06,city.nashik,Nafed to start onion procurement from May 15; supply glut hits price,Onion,0.037893909960985184,0.026223232969641685,0.9358828663825989,negative,False
2023-05-29,city.pune,Pune farmers stare at losses as heat affects onion stock,Onion,0.018671605736017227,0.12213479727506638,0.8591936230659485,negative,False
2023-06-30,city.nashik,Wholesale onion prices rise to Rs 1;300 per quintal,Onion,0.022105302661657333,0.25352075695991516,0.724373996257782,negative,True
2013-07-02,city.lucknow,UP govt admits missing wheat purchase target,Wheat,0.03479929640889168,0.10959517955780029,0.8556055426597595,negative,False
2013-07-04,city.bengaluru,Cong's rice plan takes wheat toll,Wheat,0.05542251467704773,0.9258667230606079,0.018710767850279808,neutral,False
2013-07-09,city.patna,Wheat scam worth Rs 3 cr detected,Wheat,0.043134093284606934,0.9232404828071594,0.033625438809394836,neutral,False
2013-08-16,blogs,Distinguish between wheat and chaff,Wheat,0.03761538863182068,0.9378538131713867,0.02453085221350193,neutral,False
2013-08-16,blogs,Dileep Padgaonkar: Distinguish between wheat and chaff,Wheat,0.04699615389108658,0.9274638295173645,0.02554001286625862,neutral,False
2013-08-17,blogs,Deeba Rajpal: Dark Chocolate Whole Wheat Almond Biscotti ... healthy twice baked Italian cookies,Wheat,0.10572360455989838,0.880612850189209,0.013663576915860176,neutral,False
2013-08-23,city.chandigarh,3 held for sale of 150q wheat meant for BPL families,Wheat,0.0764007642865181,0.9103941917419434,0.013205025345087051,neutral,False
2013-09-04,city.kanpur,Scientists discuss ways to improve wheat production at CSA meet on 3rd day of meet,Wheat,0.44571754336357117,0.5425518751144409,0.011730635538697243,neutral,False
2013-09-07,city.bhubaneswar,Wheat dumped behind ICDS office,Wheat,0.0552649088203907,0.08691418170928955,0.857820987701416,negative,False
2013-09-11,india,Overseas markets see rise in value of Indian wheat,Wheat,0.9452361464500427,0.03471454605460167,0.02004935033619404,positive,False
2013-09-29,city.bhubaneswar,200 quintals of wheat thrown into river,Wheat,0.031484171748161316,0.8481326699256897,0.1203831136226654,neutral,False
2013-10-05,city.bhubaneswar,1 held in wheat dumping case,Wheat,0.03128207474946976,0.40188196301460266,0.5668359398841858,negative,False
2013-10-09,city.ahmedabad,Wheat bowl Bhal turns to cumin crop for profit,Wheat,0.08236254006624222,0.8947128057479858,0.02292466163635254,neutral,False
2013-10-16,india,Minimum support price for wheat likely to be raised by Rs 50 per quintal,Wheat,0.7855032682418823,0.20378749072551727,0.010709262453019619,positive,False
2013-10-18,business.india-business,Minimum support price of wheat raised by Rs 50 to Rs 1;400 a quintal,Wheat,0.8424060940742493,0.14449968934059143,0.013094172812998295,positive,False
2013-10-21,business.india-business,Global buyers quote lower prices for Indian wheat,Wheat,0.7750497460365295,0.04119444638490677,0.1837558001279831,positive,False
2013-10-26,business.india-business,Dip in Indian wheat's global demand prompts price revision,Wheat,0.01783032901585102,0.0244300477206707,0.957739531993866,negative,False
2013-11-13,city.chandigarh,Confed GM was last accused in wheat scam,Wheat,0.02642236277461052,0.2584415376186371,0.7151361107826233,negative,False
2013-11-15,city.thiruvananthapuram,Dead rats found in wheat given under central scheme,Wheat,0.026366375386714935,0.16569390892982483,0.8079396486282349,negative,False
2013-11-18,city.jaipur,Cong promises free 35kg wheat for BPL families; computer training to all,Wheat,0.6359151005744934,0.35469526052474976,0.009389651007950306,positive,False
2013-12-05,city.varanasi,Farmers informed about high yielding wheat seeds,Wheat,0.2022925615310669,0.7067749500274658,0.0909324586391449,neutral,False
2013-12-12,city.chandigarh,Khemka seeks probe against HSDC officials siphoning off wheat seed,Wheat,0.03034450113773346,0.11421822011470795,0.8554372787475586,negative,False
2013-12-25,india,Procurement Scam: 27.5k quintal wheat goes missing in MP,Wheat,0.015064256265759468,0.0634770393371582,0.9214587211608887,negative,False
2014-01-19,city.gurgaon,Wheat allocated to districts,Wheat,0.03227308765053749,0.937882661819458,0.029844287782907486,neutral,False
2014-02-03,india,Multi-crore wheat scam in Madhya Pradesh,Wheat,0.029849067330360413,0.13259735703468323,0.8375535607337952,negative,False
2014-02-03,business.india-business,India's wheat; rice exports raise hackles at WTO,Wheat,0.3084973096847534,0.15238827466964722,0.5391144156455994,negative,False
2014-02-06,city.bhopal,Govt orders probe into wheat scam; teams to visit two districts,Wheat,0.40368080139160156,0.51859450340271,0.07772473245859146,neutral,False
2014-02-07,life-style.food.recipes,Recipe: Whole Wheat Chilla,Wheat,0.030579160898923874,0.9270761013031006,0.042344771325588226,neutral,False
2014-02-14,city.thiruvananthapuram,Centre sanctions wheat distribution for APL families Wheat for APL families,Wheat,0.04649623855948448,0.9365406036376953,0.016963200643658638,neutral,False
2014-02-14,india,Khemka sees conspiracy in wheat seed sale loss charge,Wheat,0.01895914226770401,0.12307872623205185,0.8579621911048889,negative,False
2014-02-15,india,Thousand tonnes of wheat rot on Bathinda plinth,Wheat,0.020465074107050896,0.22001084685325623,0.7595240473747253,negative,False
2014-04-15,india,Hail effect: Wheat output may fall in Maharashtra,Wheat,0.007286545354872942,0.019309548661112785,0.9734039306640625,negative,False
2014-04-19,city.chandigarh,TOI impact: CM visits native grain market to oversee wheat procurement process,Wheat,0.0330641008913517,0.9504506587982178,0.016485221683979034,neutral,False
2014-04-20,city.lucknow,Weather change hits wheat crop,Wheat,0.028188282623887062,0.1606902778148651,0.81112140417099,negative,False
2014-04-20,india,Despite adverse weather; wheat output expected to rise by 10% in Haryana,Wheat,0.9488623142242432,0.032918039709329605,0.018219642341136932,positive,False
2014-04-21,city.chandigarh,Wheat procurement hit as inspectors; commission agents spar over moisture content,Wheat,0.012525999918580055,0.023437462747097015,0.9640365242958069,negative,False
2014-04-26,city.gurgaon,AAP talks 'wheat' to woo farmers,Wheat,0.12477443367242813,0.8648636341094971,0.010361985303461552,neutral,False
2014-05-02,city.gurgaon,Haryana procures 56L tonnes wheat,Wheat,0.24336065351963043,0.7487658262252808,0.007873541675508022,neutral,False
2014-05-04,city.chandigarh,Procured wheat yet to be lifted from mandis causing glut,Wheat,0.7390626668930054,0.10915365815162659,0.15178366005420685,positive,False
2014-05-06,business.india-business,ITC; Cargill and other private companies increase wheat procurement,Wheat,0.6028306484222412,0.38206496834754944,0.015104352496564388,positive,False
2014-05-11,india,Rain; hailstorm destroy wheat; fruit crops in Himachal's Kangra,Wheat,0.015439596027135849,0.17578785121440887,0.8087725043296814,negative,False
2014-05-26,city.bhopal,69.17L MT wheat procured on support price in MP,Wheat,0.19067710638046265,0.7961175441741943,0.013205292634665966,neutral,False
2014-06-03,india,Wheat: Problem of plenty in MP; Rajasthan,Wheat,0.1111525148153305,0.38247203826904297,0.5063754320144653,negative,False
2014-06-13,city.bhubaneswar,Wheat diversion tip of iceberg; says BJP,Wheat,0.11796752363443375,0.8404130339622498,0.04161939397454262,neutral,False
2014-06-13,city.bhopal,In wheat bowl Madhya Pradesh; ghost farmers drain coffers of Rs 60 crore,Wheat,0.029303105548024178,0.10525576770305634,0.8654412031173706,negative,False
2014-06-19,city.chennai,High-yield wheat wins Indian scientist Rajaram 'Agri Nobel',Wheat,0.8226733207702637,0.16253630816936493,0.014790406450629234,positive,False
2014-06-29,city.patna,Paswan allows State Food Corporation to lift wheat; paddy allotted in April; May,Wheat,0.452390193939209,0.4676755666732788,0.0799342542886734,neutral,False
2014-07-08,city.bhopal,1 lakh quintals of wheat sent out of MP by FCI go 'missing',Wheat,0.008703334257006645,0.02421991154551506,0.96707683801651,negative,False
2014-07-23,business.india-business,CCEA to discuss proposal to sell 10 million tonnes of wheat from FCI,Wheat,0.11501958221197128,0.8733153343200684,0.011665061116218567,neutral,False
2014-07-26,india,SAD sold Rs 4/kg wheat to poor but held back Rs 1;600 crore: CAG,Wheat,0.13222235441207886,0.6983715295791626,0.16940613090991974,neutral,False
2014-07-31,city.vadodara,Rainwater soaks tonnes of wheat,Wheat,0.08577432483434677,0.5416846871376038,0.37254098057746887,neutral,False
2014-07-31,city.vadodara,Wasting wheat a regular affair now,Wheat,0.029030852019786835,0.7461789846420288,0.22479015588760376,neutral,False
2014-08-01,city.vadodara,Day after protests; all wheat bags shifted to godown,Wheat,0.06653618812561035,0.8914204835891724,0.04204335808753967,neutral,False
2014-08-30,city.kanpur,Boy suffers serious burns after falling into a wheat porridge cauldron,Wheat,0.015036738477647305,0.08655080199241638,0.8984124064445496,negative,False
2014-09-24,city.chandigarh,Punjab Agricultural University cautions farmers against yellow rust in wheat crop in advance,Wheat,0.05219873785972595,0.44949787855148315,0.4983033537864685,negative,False
2014-09-29,city.jaipur,Government to distribute free wheat in Baran,Wheat,0.13085538148880005,0.8574256300926208,0.011719031259417534,neutral,False
2014-10-27,business.india-business,India seeks transit from Pakistan to supply wheat to Afghanistan,Wheat,0.41483479738235474,0.5753573775291443,0.009807788766920567,neutral,False
2014-10-30,india,Govt increases minimum support price for Rabi crops; including wheat,Wheat,0.7358954548835754,0.2369793802499771,0.027125200256705284,positive,False
2014-10-31,city.chandigarh,Wheat MSP hike too little too late; say farmer unions,Wheat,0.12262257933616638,0.8272557258605957,0.050121743232011795,neutral,False
2014-11-16,city.kanpur,CSA releases new variety of wheat for cultivation,Wheat,0.08344049006700516,0.9032350182533264,0.013324527069926262,neutral,False
2014-11-22,city.chandigarh,Food bowl states' population allergic to wheat protein: Study,Wheat,0.04460625723004341,0.8917592167854309,0.06363452970981598,neutral,False
2014-12-07,home.science,Wheat people vs rice people,Wheat,0.08968896418809891,0.8345237970352173,0.07578730583190918,neutral,False
2015-01-05,city.chandigarh,Shanta writes to Centre over wastage of wheat in Punjab,Wheat,0.10804715752601624,0.5355262160301208,0.3564266264438629,neutral,False
2015-01-20,city.kanpur,24 peacock found dead in wheat field,Wheat,0.02033664844930172,0.10917676240205765,0.8704866170883179,negative,False
2015-03-02,city.bhopal,Rain hits wheat crop in MP; sharbati likely to lose its sheen,Wheat,0.017881382256746292,0.0299527607858181,0.9521659016609192,negative,False
2015-03-04,india,Sangrur farmer gets PM award for highest wheat yield,Wheat,0.7815089225769043,0.20403452217578888,0.014456544071435928,positive,False
2015-03-09,home.environment.developmental-issues,Tech-savvy farmer saves wheat crop in Chandigarh,Wheat,0.5406539440155029,0.3941487967967987,0.06519726663827896,positive,False
2015-03-11,city.pune,India's food exports dip; wheat hit hardest,Wheat,0.015806887298822403,0.022031163796782494,0.9621619582176208,negative,False
2015-03-12,city.chandigarh,Wheat grains may not meet quality specifications: Haryana govt,Wheat,0.02804604545235634,0.6585166454315186,0.313437283039093,neutral,False
2015-03-14,city.nashik,Rain damages crops on 2;414 ha; onion and wheat worst affected,Wheat,0.009517885744571686,0.024366725236177444,0.966115415096283,negative,False
2015-03-22,life-style.health-fitness.diet,Gluten-wheat-diary free food fad is dangerously unhealthy,Wheat,0.015663357451558113,0.16584183275699615,0.8184947967529297,negative,False
2015-03-31,india,Crop damage: Haryana reduces wheat procurement target to 65 lakh tonnes,Wheat,0.009742519818246365,0.03143256530165672,0.9588248133659363,negative,False
2015-04-02,city.jaipur,No bonus as wheat procurement begins in state,Wheat,0.04564511775970459,0.9186252355575562,0.035729654133319855,neutral,False
2015-04-05,india,Sonia can't tell wheat crop from rice: Sukhbir Singh Badal,Wheat,0.034729406237602234,0.9206695556640625,0.044600989669561386,neutral,False
2015-04-05,india,Sonia can't tell wheat crop from rice: Sukhbir Badal,Wheat,0.03943019360303879,0.9201263785362244,0.040443457663059235,neutral,False
2015-04-07,city.chandigarh,Wheat crop gone; Hisar farmer hangs himself,Wheat,0.013039863668382168,0.058931246399879456,0.9280290007591248,negative,False
2015-04-07,business.india-business,India's 2015 wheat output could fall by 4-5%: Minister,Wheat,0.007112585473805666,0.026083970442414284,0.9668034911155701,negative,False
2015-04-08,city.varanasi,Centre to increase wheat procurement in UP,Wheat,0.7901759743690491,0.2010895013809204,0.00873440969735384,positive,False
2015-04-08,city.bhubaneswar,Pulses; wheat scarcity looms large in state,Wheat,0.025994794443249702,0.21699973940849304,0.757005512714386,negative,False
2015-04-09,videos,Heavy rains in northern India may clip wheat output,Wheat,0.04343300312757492,0.05260240286588669,0.9039645791053772,negative,False
2015-04-12,city.chandigarh,FCI toughens stand on wheat storage in Punjab,Wheat,0.2416485697031021,0.06943459063768387,0.6889168620109558,negative,False
2015-04-14,life-style.food.recipes,Recipe: Homemade whole wheat pizza,Wheat,0.04013620689511299,0.9275075197219849,0.03235629200935364,neutral,False
2015-04-14,city.bhopal,Rain wreaks havoc; wheat crop damaged,Wheat,0.012749025598168373,0.05480716750025749,0.9324438571929932,negative,False
2015-04-16,home.science,Soya-wheat mix can help protect immunity of HIV patients: Study,Wheat,0.330981582403183,0.658444881439209,0.0105735519900918,neutral,False
2015-04-16,city.varanasi,Rain continues for third day; wheat yield goes down,Wheat,0.012276625260710716,0.02588835172355175,0.9618350863456726,negative,False
2015-04-17,city.jaipur,Centre's relief on wheat quality norms insufficient,Wheat,0.39826226234436035,0.5768459439277649,0.024891825392842293,neutral,False
2015-04-18,city.patna,Wheat procurement scam surfaces in Rohtas,Wheat,0.027323361486196518,0.40564295649528503,0.5670336484909058,negative,False
2015-04-18,city.chandigarh,Centre asks Haryana to cut rain-hit wheat MSP; Punjab won't,Wheat,0.07946562021970749,0.5407308340072632,0.3798035979270935,neutral,False
2015-04-19,city.chandigarh,Bathinda farmers protest to seek relaxation in wheat buying norms,Wheat,0.03609304875135422,0.13588066399097443,0.828026294708252,negative,False
2015-04-19,india,Wheat lacks lustre; Haryana approaches Centre,Wheat,0.42706647515296936,0.532858669757843,0.040074851363897324,neutral,False
2015-04-21,india,Wheat crop loss in Haryana massive,Wheat,0.010550571605563164,0.03228354454040527,0.9571659564971924,negative,False
2015-04-22,city.chandigarh,Fire ravages 143 acres of wheat crop in 7 villages,Wheat,0.03194111958146095,0.6734291911125183,0.29462966322898865,neutral,False
2015-04-22,city.chandigarh,Weather-hit Haryana scales down wheat output by 10 lakh tonnes,Wheat,0.006765112280845642,0.021959854289889336,0.9712750315666199,negative,False
2015-04-23,city.chandigarh,Farmers to get full MSP for low grade wheat,Wheat,0.1767817884683609,0.8140079975128174,0.009210196323692799,neutral,False
2015-04-25,city.chandigarh,Farmers block traffic for 7 hours over wheat procurement,Wheat,0.011226439848542213,0.12324982136487961,0.8655237555503845,negative,False
2015-04-25,city.chandigarh,10L acre wheat damaged in Haryana,Wheat,0.013042393140494823,0.03518322482705116,0.9517743587493896,negative,False
2015-04-25,city.chandigarh,P'kula cops to check wheat supply from other states,Wheat,0.06843861937522888,0.8446627855300903,0.08689854294061661,neutral,False
2015-04-25,india,10L acre wheat damaged in Haryana,Wheat,0.013042393140494823,0.03518322482705116,0.9517743587493896,negative,False
2015-04-26,city.chandigarh,Upset farmers pours kerosene over his wheat,Wheat,0.046565670520067215,0.8086751699447632,0.1447591632604599,neutral,False
2015-04-26,city.chandigarh,Tardy lifting of wheat worries farmers,Wheat,0.04665268957614899,0.10622923076152802,0.8471181392669678,negative,False
2015-04-26,city.chandigarh,Kiran accuses state of forcing farmers to make distress sale of wheat,Wheat,0.026046982035040855,0.2095109522342682,0.7644420862197876,negative,False
2015-04-29,business.india-business,Will FCI be compelled to procure poor quality wheat?,Wheat,0.02230837196111679,0.30407625436782837,0.6736153364181519,negative,False
2015-04-29,india,Wheat piles up at mandis; bodies at Anaconda Canal in Punjab,Wheat,0.03752096742391586,0.33107486367225647,0.6314041614532471,negative,False
2015-04-29,city.chandigarh,Wheat piles up at mandis; bodies at Anaconda Canal,Wheat,0.0613391175866127,0.6190442442893982,0.3196166157722473,neutral,False
2015-04-30,india,Centre to reimburse six states amount of value-cut for wheat,Wheat,0.44821006059646606,0.536851167678833,0.01493875216692686,neutral,False
2015-05-01,life-style.food.recipes,Whole wheat carrot cake recipe,Wheat,0.03450210765004158,0.9197295904159546,0.04576830565929413,neutral,False
2015-05-02,life-style.food.recipes,Oats; cracked wheat; rava idli,Wheat,0.04935544356703758,0.9186106324195862,0.03203393891453743,neutral,False
2015-05-03,city.chandigarh,Haryana buying wheat faster than 2014,Wheat,0.37564387917518616,0.5902823209762573,0.034073758870363235,neutral,False
2015-05-05,city.chandigarh,Robbers intoxicate workers to decamp with 100 bags of wheat from grain market,Wheat,0.022926323115825653,0.11048664897680283,0.8665869832038879,negative,False
2015-05-07,city.chandigarh,Man dies as bike collides in thick smoke due to burning of wheat stubble,Wheat,0.016996033489704132,0.12798529863357544,0.855018675327301,negative,False
2015-05-09,city.bareilly,Thieves squirrel away wheat from 10 acres of Army fields!,Wheat,0.025896737352013588,0.2729528546333313,0.7011504173278809,negative,False
2015-05-09,india,63.85 lakh tonne of wheat procured in Haryana,Wheat,0.14384949207305908,0.838244616985321,0.01790589652955532,neutral,False
2015-05-10,city.chandigarh,Farmers; commission agents yet to receive Rs 213.95 cr for wheat in Ferozepur,Wheat,0.08668981492519379,0.8507477045059204,0.062562495470047,neutral,False
2015-05-11,city.bengaluru,Dead rats; gutka sachets in Annabhagya wheat shocks villagers,Wheat,0.03800889104604721,0.7174474596977234,0.2445436269044876,neutral,False
2015-05-11,city.bengaluru,Rats; gutka; beedis found in Anna Bhagya wheat,Wheat,0.024187959730625153,0.9266664385795593,0.049145568162202835,neutral,False
2015-05-11,city.hubballi,Villagers in Hubballi find dead rats; gutka sachets in Anna Bhagya wheat,Wheat,0.033106278628110886,0.30972984433174133,0.6571639180183411,negative,False
2015-05-14,city.chandigarh,Farmer ends life after suffering huge losses in potato; wheat crops,Wheat,0.022972790524363518,0.17251421511173248,0.8045129776000977,negative,False
2015-05-20,city.chandigarh,Tardy lifting of wheat: Farmers block highway,Wheat,0.011619273573160172,0.062296703457832336,0.926084041595459,negative,False
2015-06-02,city.chandigarh,Badal urges Centre to fix Rs 1;950 per Q as wheat MSP,Wheat,0.09554464370012283,0.8660731911659241,0.03838222846388817,neutral,False
2015-06-06,city.ludhiana,Punjab Agro starts marketing first batch of organic wheat,Wheat,0.11023909598588943,0.8762632012367249,0.0134977325797081,neutral,False
2015-06-22,city.chennai,Biography of 'Wizard of Wheat' out,Wheat,0.02847154811024666,0.924399733543396,0.04712865129113197,neutral,False
2015-06-29,india,FCI stuck with 24m tonnes of poor wheat,Wheat,0.12566646933555603,0.19494329392910004,0.6793902516365051,negative,False
2015-07-25,city.chandigarh,Subsidised wheat to be distributed to 336546 families under new Atta Dal scheme in district Ludhiana,Wheat,0.41512641310691833,0.572117030620575,0.012756572104990482,neutral,False
2015-07-31,city.bhopal,Wheat scam whistleblower found dead in Jabalpur,Wheat,0.028757713735103607,0.27712365984916687,0.6941186189651489,negative,False
2015-08-30,city.chandigarh,After Raxil; CBI may probe wheat seed scam,Wheat,0.07315659523010254,0.8701879382133484,0.05665549635887146,neutral,False
2015-09-06,city.chandigarh,Wheat paddy crop cycle reason for declining soil fertility,Wheat,0.017977274954319,0.067475326359272,0.9145473837852478,negative,False
2015-09-07,city.pune,15 tonnes of wheat for PDS seized,Wheat,0.06715687364339828,0.9099538326263428,0.022889291867613792,neutral,False
2015-09-26,city.chandigarh,After wheat and cotton; basmati to bleed farmers more,Wheat,0.10976140946149826,0.80449378490448,0.08574480563402176,neutral,False
2015-11-09,city.chandigarh,CM welcomes hike in wheat MSP,Wheat,0.8960853219032288,0.07275543361902237,0.03115919418632984,positive,False
2015-11-11,city.chandigarh,1.82 lakh wheat bags go missing; 7 officials booked,Wheat,0.010366390459239483,0.035565491765737534,0.9540681838989258,negative,False
2015-11-14,india,Wheat worth Rs 12.5 crore rots in Bathinda,Wheat,0.01262073777616024,0.09797979146242142,0.889399528503418,negative,False
2015-12-05,india,Gujarat's 3.5cr poor to get wheat and rice at Rs 2/kg,Wheat,0.16736885905265808,0.8026342988014221,0.02999681420624256,neutral,False
2015-12-05,city.chandigarh,High temperatures may hit wheat yield: IIWBR,Wheat,0.0317281112074852,0.2198321670293808,0.7484397292137146,negative,False
2015-12-07,city.amritsar,Kidney bean king kills wheat-paddy cycle,Wheat,0.030168049037456512,0.6429055333137512,0.32692646980285645,neutral,False
2015-12-08,india,Punjab to auction 2 lakh tonne rotten wheat,Wheat,0.08650030940771103,0.8962691426277161,0.017230531200766563,neutral,False
2015-12-08,city.chandigarh,Punjab to auction 2L tonne rotten wheat,Wheat,0.08401279896497726,0.8952170610427856,0.02077016979455948,neutral,False
2015-12-08,removed,Gujarat's poor to get wheat and rice at Rs 2/kg,Wheat,0.2659108638763428,0.6843332648277283,0.04975587874650955,neutral,False
2015-12-27,city.vadodara,Two held for stealing wheat,Wheat,0.031230200082063675,0.1872597634792328,0.781510055065155,negative,False
2015-12-29,india,No wheat or cotton; Malwa trio cashes in on strawberries,Wheat,0.47669100761413574,0.49811887741088867,0.02519010752439499,neutral,False
2016-01-02,city.chandigarh,PAU cautions farmers about yellow rust in wheat,Wheat,0.06747123599052429,0.4295940399169922,0.5029347538948059,negative,False
2016-01-04,city.vijayawada,Andhra Pradesh CM orders inquiry into 'adulterated' wheat flour given to poor,Wheat,0.018064063042402267,0.10302197933197021,0.878913938999176,negative,False
2016-01-07,city.chandigarh,Pathankot air base attackers strolled over garlic; wheat fields in Bamiyal,Wheat,0.0877833291888237,0.6229718923568726,0.28924474120140076,neutral,False
2016-01-10,home.environment.global-warming,Higher temperatures during winter can hit wheat crop: Experts,Wheat,0.021809067577123642,0.12546637654304504,0.852724552154541,negative,False
2016-01-12,city.jaipur,Soaring temperature may hit wheat; mustard crop; fear farmers,Wheat,0.010865982621908188,0.06487105786800385,0.9242628812789917,negative,False
2016-01-30,city.chandigarh,Gang of wheat lifters busted,Wheat,0.04296310618519783,0.9060584306716919,0.05097845196723938,neutral,False
2016-02-15,life-style.health-fitness.weight-loss,Avoid wheat; sugar; dairy products to lose weight: Katrina Kaif,Wheat,0.041868481785058975,0.7979788780212402,0.1601525843143463,neutral,False
2016-02-15,entertainment.hindi.bollywood,Avoid wheat; sugar and dairy products to lose weight: Katrina Kaif,Wheat,0.04079770669341087,0.8620908856391907,0.09711139649152756,neutral,False
2016-02-20,city.ludhiana,PAU warns farmers of fungal infection in wheat,Wheat,0.05215254798531532,0.42448192834854126,0.5233654975891113,negative,False
2016-02-20,city.ludhiana,Agri varsity warns farmers of fungal infection in wheat,Wheat,0.04848741367459297,0.3383437693119049,0.6131688356399536,negative,False
2016-03-04,city.vadodara,Man held with 3.5 tonne of illegal wheat,Wheat,0.023863108828663826,0.21628731489181519,0.7598495483398438,negative,False
2016-03-07,city.chandigarh,Untimely rain threatens wheat crop,Wheat,0.010240822099149227,0.05399266257882118,0.9357665181159973,negative,False
2016-03-10,city.chandigarh,Start wheat procurement on April 1: Arhtiyas,Wheat,0.03481388837099075,0.9362471699714661,0.028938891366124153,neutral,False
2016-03-13,city.noida,Untimely rain and hail damage Gautam Budh Nagar wheat-fields,Wheat,0.01686018332839012,0.19028957188129425,0.7928502559661865,negative,False
2016-03-14,city.noida,Surprise rain; hail damage wheat crop,Wheat,0.011907057836651802,0.0486520454287529,0.939440906047821,negative,False
2016-03-18,city.chandigarh,Start wheat procurement on April 1: Arhtiyas to govt,Wheat,0.0704725831747055,0.9061777591705322,0.023349694907665253,neutral,False
2016-03-20,city.jaipur,Rajasthan tops in wheat production,Wheat,0.8244602680206299,0.13866588473320007,0.036873821169137955,positive,False
2016-03-26,city.delhi,Wheat; other grains weaken on low demand,Wheat,0.011545003391802311,0.023309271782636642,0.9651456475257874,negative,False
2016-03-29,city.jaipur,Punjab farmers praying for good wheat yield in Rajasthan,Wheat,0.8244200944900513,0.15507078170776367,0.0205091405659914,positive,False
2016-03-29,city.kanpur,Erratic weather harmful for wheat; mango crops,Wheat,0.022692440077662468,0.29003551602363586,0.6872720718383789,negative,False
2016-04-03,world.pakistan,Gangrape case settled for 1;200kg of wheat in Pakistan,Wheat,0.14667852222919464,0.723660409450531,0.12966108322143555,neutral,False
2016-04-05,city.chandigarh,Punsup strike to affect wheat procurement in state; distribution of pulses,Wheat,0.015567845664918423,0.23726747930049896,0.7471647262573242,negative,False
2016-04-05,city.chandigarh,In Patiala; gunny bags in demand gunny bags as wheat arrivals yet to begin in Patiala,Wheat,0.7901382446289062,0.0999661535024643,0.10989556461572647,positive,False
2016-04-14,city.chandigarh,Wheat procurement begins in Patiala; neighbouring districts,Wheat,0.05010310932993889,0.9319448471069336,0.017952045425772667,neutral,False
2016-04-15,city.chandigarh,Wheat crop over 200 acres gutted,Wheat,0.0338873453438282,0.4905894100666046,0.4755232632160187,neutral,False
2016-04-18,city.chandigarh,Wheat scam: Badal should resign; says CLP chief,Wheat,0.014651311561465263,0.16326503455638885,0.8220836520195007,negative,False
2016-04-21,city.chandigarh,RBI cleared Rs 17k cr for wheat purchase: Govt,Wheat,0.7253125905990601,0.26162803173065186,0.013059337623417377,positive,False
2016-04-22,city.chandigarh,Fire destroys wheat crop on 40 acres in Phagwara,Wheat,0.009451717138290405,0.052008118480443954,0.9385401606559753,negative,False
2016-04-23,india,In Jammu; fire razes wheat spread over 8 acres,Wheat,0.015490666031837463,0.13994458317756653,0.8445647954940796,negative,False
2016-04-27,city.bhopal,MP to procure 2cr tonnes of wheat,Wheat,0.3776489794254303,0.6129763126373291,0.00937467347830534,neutral,False
2016-05-04,city.chandigarh,Congress to move HC over 'faulty' wheat procurement,Wheat,0.038085684180259705,0.09621121734380722,0.8657030463218689,negative,False
2016-05-08,india,Wheat packaging: Government seeks to boot out jute,Wheat,0.2701258659362793,0.6360897421836853,0.09378441423177719,neutral,False
2016-05-21,city.amritsar,Govt claims on wheat stock misleading; says Congress leader Sunil Jakhar,Wheat,0.03364528343081474,0.0831230878829956,0.883231520652771,negative,False
2016-06-04,city.kolhapur,Centre to get surplus rice; wheat for drought-hit states,Wheat,0.2703506648540497,0.6984847784042358,0.031164612621068954,neutral,False
2016-06-04,india,Centre to get surplus rice; wheat for drought-hit states,Wheat,0.2703506648540497,0.6984847784042358,0.031164612621068954,neutral,False
2016-06-25,city.chandigarh,CM trying to hush up wheat grain scam: Amarinder,Wheat,0.03337424620985985,0.80142742395401,0.16519837081432343,neutral,False
2016-07-30,life-style.health-fitness.health-news,Non-celiac 'wheat sensitivity' is an immune disorder; too,Wheat,0.02607661858201027,0.9266600012779236,0.04726342856884003,neutral,False
2016-08-01,city.hubballi,400 wheat bags seized,Wheat,0.03489191457629204,0.913131833076477,0.0519762858748436,neutral,False
2016-08-02,city.bhopal,High Court rejects MP govt plea on lifting of 4;000 MT wheat,Wheat,0.1007414311170578,0.1377514749765396,0.7615070939064026,negative,False
2016-08-02,city.jaipur,Thief steals 40kg wheat; leaves trail of grain to get caught red-handed,Wheat,0.023123325780034065,0.26726648211479187,0.7096101641654968,negative,False
2016-08-08,city.ahmedabad,548 bags of FCI wheat; rice seized from private godown,Wheat,0.04538016766309738,0.12909182906150818,0.8255280256271362,negative,False
2016-08-13,city.delhi,Wheat edges up on increased offtake by flour mills,Wheat,0.9379549026489258,0.025250576436519623,0.03679453581571579,positive,False
2016-09-29,city.chennai,Centre jacks up rice; wheat prices for Tamil Nadu,Wheat,0.032385434955358505,0.3185015022754669,0.6491130590438843,negative,True
2016-10-17,life-style.health-fitness.health-news,Certain kind of protein in wheat may escalate chronic health conditions,Wheat,0.013625928200781345,0.05364396795630455,0.9327300786972046,negative,False
2016-11-04,india,Govt to release 1 million tonnes of wheat in market,Wheat,0.0858980193734169,0.8980175256729126,0.01608446054160595,neutral,False
2016-11-04,city.jaipur,9 quintal of wheat meant for students stolen in Baran district,Wheat,0.08340924233198166,0.7312828898429871,0.18530786037445068,neutral,False
2016-11-05,city.jaipur,9 quintals of wheat meant for schoolchildren stolen,Wheat,0.053102392703294754,0.9193987250328064,0.027498852461576462,neutral,False
2016-11-07,city.jaipur,No wheat for new ration card holders in Baran villages,Wheat,0.07129023224115372,0.7417272329330444,0.18698252737522125,neutral,False
2016-11-17,city.kanpur,Demonetisation may lead to rise in wheat price,Wheat,0.11873186379671097,0.03428445756435394,0.8469836115837097,negative,False
2016-11-22,india,FCI to double wheat supply to check prices,Wheat,0.19729579985141754,0.7539244294166565,0.04877975210547447,neutral,False
2016-12-18,city.ranchi,BAU scientists to show farmers way to grow wheat without tilling land,Wheat,0.09090447425842285,0.8955991268157959,0.013496351428329945,neutral,False
2016-12-22,city.chennai,MS Swaminathan warns against cheap imports of wheat,Wheat,0.10442089289426804,0.5810300707817078,0.3145490288734436,neutral,False
2016-12-25,city.lucknow,We needed money to sow wheat,Wheat,0.07940470427274704,0.8912397623062134,0.029355548322200775,neutral,False
2017-01-03,city.pune,Textbooks of sugar cane and wheat on cards,Wheat,0.04399311542510986,0.9269043803215027,0.029102537781000137,neutral,False
2017-01-03,city.bhopal,Madhya Pradesh expects bumper wheat output after record sowing,Wheat,0.6707495450973511,0.03462352603673935,0.2946268916130066,positive,False
2017-01-05,city.chandigarh,Wheat stock meant for poor seized from godown,Wheat,0.09544762223958969,0.876594066619873,0.02795829251408577,neutral,False
2017-01-05,city.chandigarh,Poll code: Wheat distribution through PDS halted midway,Wheat,0.010999983176589012,0.08167783915996552,0.9073221683502197,negative,False
2017-01-23,city.jaipur,Centre plans to provide fortified wheat flour for mid day meal in Rajasthan,Wheat,0.13216592371463776,0.8576363325119019,0.010197676718235016,neutral,False
2017-01-27,business.india-business,Wheat acreage up 7.87%; rains boosting crop prospects,Wheat,0.9462434649467468,0.027593286707997322,0.02616330236196518,positive,False
2017-01-28,business.india-business,Wheat; rice basmati strengthen on increased offtake,Wheat,0.8259945511817932,0.03884190693497658,0.13516363501548767,positive,False
2017-02-16,city.rajkot,Climate change won't hit wheat crop anymore,Wheat,0.04886677488684654,0.9073472023010254,0.04378606751561165,neutral,False
2017-02-28,city.chandigarh,AAP wants all-party meet for smooth wheat procurement,Wheat,0.09986109286546707,0.8833613395690918,0.01677752286195755,neutral,False
2017-03-05,city.kolkata,Deadly fungi in wheat crop on Bangla border?,Wheat,0.01813109591603279,0.17481662333011627,0.8070523142814636,negative,False
2017-03-07,city.bhopal,Farmers being fleeced in mandis; paid less for wheat: BJP MLA,Wheat,0.040684644132852554,0.27499911189079285,0.6843162178993225,negative,False
2017-03-10,city.jind,Hailstorm damages wheat; mustard in Bhiwani,Wheat,0.012011321261525154,0.028635850176215172,0.9593528509140015,negative,False
2017-03-11,city.chandigarh,Rain; hailstorm damage wheat crop in Ferozepur,Wheat,0.010263937525451183,0.043030112981796265,0.9467059373855591,negative,False
2017-03-13,city.rajkot,FPS wheat; rice seized in raid at Banaskantha,Wheat,0.016096750274300575,0.042974505573511124,0.9409288167953491,negative,False
2017-03-16,city.thiruvananthapuram,Wheat balls; chappatis and a business model,Wheat,0.06399155408143997,0.9197842478752136,0.01622418314218521,neutral,False
2017-03-23,city.chandigarh,Capt Amarinder Singh meets Arun Jaitley; seeks CCL for wheat harvest,Wheat,0.1558622419834137,0.8290507793426514,0.015086909756064415,neutral,False
2017-03-28,city.noida,Farmers hail CM'S offer of wheat buy,Wheat,0.2679801881313324,0.22852350771427155,0.5034963488578796,negative,False
2017-03-29,india,10% import duty to be levied on wheat; pulses,Wheat,0.03801850974559784,0.9309031963348389,0.03107832558453083,neutral,False
2017-03-31,city.lucknow,No mediator in wheat purchase: Uttar Pradesh CM,Wheat,0.0386502780020237,0.9451978206634521,0.016151942312717438,neutral,False
2017-04-06,city.bareilly,Authorities set Rs 3.02Lakh metric tonnes wheat purchase target for Pilibhit,Wheat,0.09168791025876999,0.8846833109855652,0.023628773167729378,neutral,False
2017-04-06,city.chandigarh,Rain; hailstorm damage wheat crop in parts of Patiala,Wheat,0.011857010424137115,0.034608181565999985,0.9535347819328308,negative,False
2017-04-10,city.patna,Nor'wester damages wheat; pulse crops in state,Wheat,0.011875689961016178,0.07332030683755875,0.9148039817810059,negative,False
2017-04-11,city.chandigarh,Congress MLAs accompany DCs to oversee wheat procurement,Wheat,0.02482600323855877,0.9433262348175049,0.03184777498245239,neutral,False
2017-04-12,city.chandigarh,Over 20 acres of wheat crop lost in fire,Wheat,0.01305126491934061,0.05174059048295021,0.9352080821990967,negative,False
2017-04-12,city.lucknow,Make payment to wheat farmers within 72 hours,Wheat,0.029982835054397583,0.9432162642478943,0.026800885796546936,neutral,False
2017-04-16,city.ludhiana,Fire destroys wheat crop on 134 acres in 3 villages,Wheat,0.009319438599050045,0.051698241382837296,0.9389823079109192,negative,False
2017-04-19,city.chandigarh,Trying to save wheat crop from fire; farmer burns to death,Wheat,0.0263750609010458,0.28660306334495544,0.6870219707489014,negative,False
2017-04-19,business.india-business,Wheat procurement up 14% to 119 LT,Wheat,0.945651113986969,0.030189447104930878,0.02415952831506729,positive,False
2017-04-21,city.bhopal,State bags fifth Krishi Karman for wheat output,Wheat,0.1026882529258728,0.8707966804504395,0.026515085250139236,neutral,False
2017-04-24,city.meerut,15-min hailstorm damages wheat; mango crops in Meerut region,Wheat,0.013811745680868626,0.04158061370253563,0.9446075558662415,negative,False
2017-04-24,city.chandigarh,Wheat crop gutted: Navjot Singh Sidhu announces Rs 24 lakh compensation to farmers,Wheat,0.06544147431850433,0.10701500624418259,0.8275435566902161,negative,False
2017-04-25,city.amritsar,Farmer outfits allege fraud in wheat procurement,Wheat,0.015802176669239998,0.10523021221160889,0.8789676427841187,negative,False
2017-05-02,city.agra,Agra wheat procurement at just 7.5% of target; officials want government to revise figure,Wheat,0.04225553572177887,0.6350498199462891,0.3226945996284485,neutral,False
2017-05-04,city.chandigarh,296 Haryana farmers challaned for burning wheat stubble,Wheat,0.02861199714243412,0.20739024877548218,0.7639977931976318,negative,False
2017-05-10,city.chandigarh,Farmers defy ban; burn wheat stubble in more than 10 villages,Wheat,0.029245849698781967,0.28365305066108704,0.6871010661125183,negative,False
2017-05-12,city.lucknow,Wheat purchase lagging despite strict CM orders,Wheat,0.127709299325943,0.02023513987660408,0.852055549621582,negative,False
2017-05-13,city.chandigarh,Haryana detected 826 wheat stubble burning cases in rabi season,Wheat,0.05747552588582039,0.29977160692214966,0.6427528262138367,negative,False
2017-05-22,city.patna,JD(U) assails Centre over wheat price,Wheat,0.028680069372057915,0.2658081352710724,0.7055118083953857,negative,False
2017-05-22,business.india-business,Wheat; rice basmati edge up on increased offtake,Wheat,0.8852866291999817,0.025101929903030396,0.0896114632487297,positive,False
2017-05-22,business.india-business,Wheat; rice basmati strengthen on rising demand,Wheat,0.9263642430305481,0.03919270262122154,0.03444301709532738,positive,False
2017-05-22,business.india-business,Record payment made to wheat growers in Punjab,Wheat,0.5407552719116211,0.35778847336769104,0.10145624727010727,positive,False
2017-07-13,business.india-business,Wheat edges up on scattered demand,Wheat,0.924437940120697,0.03671937808394432,0.03884262964129448,positive,False
2017-08-05,city.chandigarh,Wheat worth Rs 700 crore damaged in 4 years,Wheat,0.015029910020530224,0.05051439255475998,0.9344556331634521,negative,False
2017-08-10,city.chandigarh,Phoolka alleges Rs127 crore wheat scam in 'atta-dal' scheme,Wheat,0.022450309246778488,0.500106930732727,0.47744274139404297,neutral,False
2017-08-17,city.chandigarh,2 food inspectors suspended over pilferage of PDS wheat,Wheat,0.01717456988990307,0.050353873521089554,0.9324716329574585,negative,False
2017-09-04,city.chandigarh,Bags of wheat found wet at Amritsar's godown,Wheat,0.0636199340224266,0.167060986161232,0.7693190574645996,negative,False
2017-09-04,city.amritsar,Bags of wheat found wet at Amritsar's godown,Wheat,0.0636199340224266,0.167060986161232,0.7693190574645996,negative,False
2017-10-31,city.bengaluru,Govt to restore 2kg wheat under Anna Bhagya for North Karnataka,Wheat,0.6163872480392456,0.36945217847824097,0.014160629361867905,positive,False
2017-11-10,city.nagpur,Prices of white peas; wheat rise,Wheat,0.13248154520988464,0.6814767718315125,0.18604163825511932,neutral,False
2017-11-21,city.dehradun,SIT to visit Uttar Pradesh; Bihar to investigate 16 crore wheat seeds scam,Wheat,0.048312947154045105,0.9028533101081848,0.04883375018835068,neutral,False
2017-11-21,city.bengaluru,The grapes of rot: Govt bought 56;000 quintals of wheat; only to waste,Wheat,0.13158200681209564,0.8504860997200012,0.017931900918483734,neutral,False
2017-12-07,city.bhopal,Day after raid; 5 held for hoarding wheat,Wheat,0.016434112563729286,0.13381218910217285,0.8497537970542908,negative,False
2017-12-10,business.india-business,Wheat sowing down 6.23%; to pick pace in coming weeks: Govt,Wheat,0.028206074610352516,0.06651197373867035,0.9052819013595581,negative,False
2017-12-12,city.noida,Low rainfall; high sowing costs likely to reduce wheat production by 25%,Wheat,0.031591277569532394,0.011286931112408638,0.9571217894554138,negative,False
2017-12-14,city.bhopal,Wheat sowing may go down this year,Wheat,0.010172704234719276,0.05507662147283554,0.9347506165504456,negative,False
2017-12-21,city.agra,Dalit lynched for 'stealing' wheat,Wheat,0.02647356502711773,0.1426127701997757,0.8309136033058167,negative,False
2017-12-27,city.indore,Barwani truck dec 26 Truck carrying stolen wheat seized; driver held,Wheat,0.015375595539808273,0.04870835691690445,0.9359160661697388,negative,False
2018-01-02,home.science,NASA-inspired technique boosts wheat production threefold,Wheat,0.7542873024940491,0.23572905361652374,0.00998361874371767,positive,False
2018-01-14,city.ahmedabad,Narmada canal breached; wheat crop damaged,Wheat,0.013162643648684025,0.03521033376455307,0.9516269564628601,negative,False
2018-01-27,city.chandigarh,Wheat crop in over 200 acres damaged; farmers blame spurious weedicide,Wheat,0.011175603605806828,0.024785006418824196,0.9640393853187561,negative,False
2018-02-26,city.chennai,Gang attempts to smuggle wheat worth Rs 7 lakh; held,Wheat,0.03306146338582039,0.3205937445163727,0.646344780921936,negative,False
2018-03-07,city.jaipur,Farmer leader seeks loan waiver; bonus on wheat,Wheat,0.1059713289141655,0.7781158089637756,0.11591283231973648,neutral,False
2018-03-17,city.chandigarh,Truck operators oppose wheat-loading policy,Wheat,0.02079109475016594,0.1644631177186966,0.8147457838058472,negative,False
2018-03-23,city.chandigarh,Negligence led to damage of 20;000 metric tonne of wheat: CAG,Wheat,0.01224075723439455,0.03110869601368904,0.9566504955291748,negative,False
2018-03-29,city.chandigarh,Truckers protest in Bathinda against wheat-loading policy calling it 'anti-operator',Wheat,0.010308378376066685,0.03828971087932587,0.951401948928833,negative,False
2018-03-31,city.chandigarh,Food security? 6;000 tonne wheat turns manure in Moga,Wheat,0.03742828965187073,0.8799747228622437,0.08259701728820801,neutral,False
2018-04-02,city.chandigarh,Wheat procurement: Truckers still adamant; government looks to tractors,Wheat,0.3465563952922821,0.6038618087768555,0.049581825733184814,neutral,False
2018-04-04,city.chandigarh,Truckers in Punjab not to lift wheat; govt unfazed,Wheat,0.02482089400291443,0.05140242725610733,0.9237766861915588,negative,False
2018-04-05,city.chandigarh,Punjab to get Rs 21;000 crore CCL for wheat procurement today,Wheat,0.7783039808273315,0.21081943809986115,0.01087657455354929,positive,False
2018-04-06,city.chandigarh,Don't force truckers to lower rates of wheat transport: Sukhbir,Wheat,0.08213013410568237,0.7525985836982727,0.16527129709720612,neutral,False
2018-04-06,city.chandigarh,Congress leader slaps food inspector accused of siphoning off PDS wheat,Wheat,0.025646252557635307,0.07007358223199844,0.9042801260948181,negative,False
2018-04-06,business.india-business,Punjab CM chairs meeting; asks police to ensure smooth wheat procurement,Wheat,0.158268004655838,0.8076262474060059,0.03410571441054344,neutral,False
2018-04-11,city.chandigarh,RBI releases Rs 18;124 crore CCL to Punjab for purchase of wheat,Wheat,0.03624894469976425,0.941852867603302,0.021898191422224045,neutral,False
2018-04-11,business.india-business,CCL cleared for purchase of wheat,Wheat,0.08636241406202316,0.8985022902488708,0.015135260298848152,neutral,False
2018-04-11,city.chandigarh,RBI releases Rs 18 crore cash credit limit for purchase of wheat,Wheat,0.048639364540576935,0.9020153880119324,0.049345191568136215,neutral,False
2018-04-14,city.chandigarh,Agencies instructed to ensure smooth procurement of wheat: Sunil Jakhar,Wheat,0.0914548859000206,0.8918745517730713,0.016670532524585724,neutral,False
2018-04-19,city.chandigarh,Space shortage hits FCI wheat procurement in Bathinda; Mansa,Wheat,0.01883586496114731,0.04963083937764168,0.9315332770347595,negative,False
2018-04-19,city.noida,Crop destroyed in fire as power line falls on wheat field,Wheat,0.014099392108619213,0.04650832340121269,0.9393923282623291,negative,False
2018-04-21,city.chandigarh,UP; Rajasthan farmers sell wheat in Haryana mandis,Wheat,0.14553380012512207,0.8362677693367004,0.018198451027274132,neutral,False
2018-04-21,city.gurgaon,Wheat procurement: Punjab farmers say UP; Rajasthan tillers ate up their quota,Wheat,0.705361008644104,0.2378067970275879,0.056832149624824524,positive,False
2018-04-22,city.chandigarh,Rs 378 crore released to farmers against wheat procurement,Wheat,0.24066387116909027,0.4327608048915863,0.326575368642807,neutral,False
2018-04-24,city.chandigarh,Record wheat procurement in Fazilka,Wheat,0.666648805141449,0.28670161962509155,0.04664954915642738,positive,False
2018-04-24,city.chandigarh,Tardy lifting of wheat hits farmers; traders,Wheat,0.011890990659594536,0.028086386620998383,0.9600225687026978,negative,False
2018-04-24,city.jaipur,Peasants cheated by agents at wheat procurement centre,Wheat,0.013780132867395878,0.04167148470878601,0.9445484280586243,negative,False
2018-04-25,city.chandigarh,Tardy lifting of wheat hits farmers; traders,Wheat,0.011890990659594536,0.028086386620998383,0.9600225687026978,negative,False
2018-04-25,city.chandigarh,Will ensure timely procurement of wheat from mandis,Wheat,0.15983818471431732,0.8310633301734924,0.009098460897803307,neutral,False
2018-04-26,city.chandigarh,Need additonal trains to move wheat in mandis,Wheat,0.05381404235959053,0.9103339314460754,0.03585197404026985,neutral,False
2018-04-28,city.gurgaon,Wheat crop in over 85 acres gutted in Haryana,Wheat,0.016393931582570076,0.061059389263391495,0.9225466847419739,negative,False
2018-04-30,city.chandigarh,Space crunch: Wheat being stored in village cremation ground,Wheat,0.01591377891600132,0.412331223487854,0.5717549920082092,negative,False
2018-05-01,city.chandigarh,Punjab govt to compensate for damage to wheat on 793 acres,Wheat,0.509107232093811,0.08407700061798096,0.406815767288208,positive,False
2018-05-01,city.chandigarh,Standing wheat crop destroyed in fire,Wheat,0.016841674223542213,0.12701043486595154,0.8561478853225708,negative,False
2018-05-13,city.vadodara,4;000 kg wheat seized from truck,Wheat,0.029583055526018143,0.052430879324674606,0.9179860353469849,negative,False
2018-05-16,city.chandigarh,Over 125 lakh tonnes of wheat procured in Punjab,Wheat,0.32480090856552124,0.6582126617431641,0.0169864259660244,neutral,False
2018-05-17,city.gurgaon,Sudden rain damages wheat in Meham; Kiloi grain markets,Wheat,0.009589394554495811,0.032733965665102005,0.9576765894889832,negative,False
2018-05-28,city.patna,Wheat farmers struggle to sell crop at fair prices,Wheat,0.05338747426867485,0.5197395086288452,0.42687302827835083,neutral,False
2018-06-27,city.noida,522 rice and wheat sacks of Food Corporation of India seized from private godown,Wheat,0.017222443595528603,0.1934785544872284,0.789298951625824,negative,False
2018-07-19,city.surat,FPS owner sells wheat at Rs 150/kg; held,Wheat,0.05391286686062813,0.928875744342804,0.017211448401212692,neutral,False
2018-07-27,city.bareilly,Akhilesh Kumar Mishra orders probe into use of rotting wheat for making midday meal,Wheat,0.06067587435245514,0.8430866599082947,0.09623748064041138,neutral,False
2018-09-10,city.mangaluru,PDS rice; wheat worth Rs 8.2 lakh misappropriated: police,Wheat,0.047691162675619125,0.5661588907241821,0.38614994287490845,neutral,False
2018-09-24,business.india-business,Wheat edges up on flour mills offtake,Wheat,0.7778427600860596,0.04164500534534454,0.1805122047662735,positive,False
2018-10-06,city.chandigarh,stubble burningmechanization of wheat sowing only option but will take few years,Wheat,0.14582976698875427,0.8451604843139648,0.009009714238345623,neutral,False
2018-10-27,city.pune,As festival nears; prices of bajra; wheat & jowar rise,Wheat,0.23495915532112122,0.7305920124053955,0.03444882854819298,neutral,False
2018-10-27,city.chandigarh,Punjab to probe after 3.94 lakh ration card holders didn't use up their wheat quota,Wheat,0.020262354984879494,0.055453937500715256,0.9242836236953735,negative,False
2018-11-02,city.amritsar,Punjab farmers fear loss of wheat yield due to delayed sowing,Wheat,0.008815634995698929,0.02499759942293167,0.9661867022514343,negative,False
2019-01-04,city.bengaluru,Better; not bitter: Breweries say cheers to wheat beer,Wheat,0.21954958140850067,0.7649607062339783,0.015489758923649788,neutral,False
2019-03-03,city.bareilly,Farmers demand Rs 2;400/quintal minimum support price for wheat; paddy,Wheat,0.12613363564014435,0.8610451221466064,0.012821265496313572,neutral,False
2019-03-14,city.ludhiana,Three held for selling wheat kept for poor,Wheat,0.07203388959169388,0.703253448009491,0.22471268475055695,neutral,False
2019-03-25,city.bareilly,Large mugger croc rescued from wheat field,Wheat,0.04852879419922829,0.34689363837242126,0.6045776605606079,negative,False
2019-04-17,city.amritsar,Untimely rain damages wheat crop in Punjab's Malwa region,Wheat,0.010957510210573673,0.0284486785531044,0.9605937600135803,negative,False
2019-04-21,city.agra,Farmers fear variation in temperature will affect wheat crop,Wheat,0.012596058659255505,0.0957997739315033,0.8916041851043701,negative,False
2019-04-22,city.dehradun,Fire season causes worry for wheat farmers in Terai,Wheat,0.015970485284924507,0.028811633586883545,0.9552178978919983,negative,False
2019-04-26,city.chandigarh,Slow lifting of wheat irks farmers; arhtiyas; payments yet to be released,Wheat,0.013716149143874645,0.07667705416679382,0.9096067547798157,negative,False
2019-04-27,city.jaipur,Wheat procurement to begin soon in Rajasthan,Wheat,0.052156027406454086,0.933401882648468,0.014442052692174911,neutral,False
2019-04-28,city.meerut,massive fire destroys standing wheat crop across 1500 bigha od land,Wheat,0.008553831838071346,0.03748936951160431,0.9539568424224854,negative,False
2019-04-29,city.dehradun,Shortage of gunny bags; storage godowns leading to slow pace of wheat procurement in Udham Singh Nagar,Wheat,0.009124276228249073,0.027751661837100983,0.9631240367889404,negative,False
2019-05-01,city.gurgaon,Lifting slow; huge stocks of wheat pile up in Haryana grain markets,Wheat,0.011223876848816872,0.026035860180854797,0.9627402424812317,negative,False
2019-05-07,elections.lok-sabha-elections-2019.punjab.news,Amarinder Singh rally tomorrow; all wheat procured,Wheat,0.10290217399597168,0.8801401853561401,0.016957642510533333,neutral,False
2019-05-22,city.delhi,Two workers trapped in wheat factory,Wheat,0.012187408283352852,0.05971803516149521,0.9280945658683777,negative,False
2019-06-14,city.lucknow,Uttar Pradesh fails to meet wheat purchase target,Wheat,0.015411067754030228,0.043958816677331924,0.9406301379203796,negative,False
2019-06-20,home.science,This wheat crop can survive drought,Wheat,0.43533584475517273,0.5468522906303406,0.017811879515647888,neutral,False
2019-08-25,city.ludhiana,Wheat seeds for flood-hit farmers,Wheat,0.05367731302976608,0.9083479642868042,0.03797467052936554,neutral,False
2019-09-17,life-style.food-news,Fight hidden hunger with wheat,Wheat,0.07203427702188492,0.9005444049835205,0.02742127887904644,neutral,False
2019-10-24,city.chandigarh,Rs 85/quintal wheat MSP increase paltry: Chief minister Amarinder Singh,Wheat,0.180001363158226,0.7202573418617249,0.09974135458469391,neutral,False
2019-11-06,city.goa,Release 165 wheat sacks attached in raid: North Goa district court,Wheat,0.03710899129509926,0.8747201561927795,0.08817093819379807,neutral,False
2019-11-07,city.chandigarh,Crop fires have roots in Green Revolution; government MSP for rice and wheat,Wheat,0.054400790482759476,0.9305523037910461,0.015046901069581509,neutral,False
2019-12-21,city.gurgaon,Pest attack on wheat sown using stubble management machine,Wheat,0.024385876953601837,0.8698030710220337,0.10581101477146149,neutral,False
2020-01-16,city.shimla,Hailstorm; rain damage wheat on 650 acres in Ladwa villages,Wheat,0.010386460460722446,0.04515288397669792,0.9444605708122253,negative,False
2020-01-24,city.pune,Wheat; gram sowing area rises in Maharashtra,Wheat,0.9254046678543091,0.03629700466990471,0.0382983461022377,positive,False
2020-01-30,city.dehradun,Untimely rains damage acres of wheat; mustard and peas in Terai,Wheat,0.010646880604326725,0.04393932223320007,0.9454138875007629,negative,False
2020-02-19,city.bhopal,Nimar chilli; Hoshangabad wheat to get pride of place,Wheat,0.1950998455286026,0.7887778282165527,0.016122275963425636,neutral,False
2020-03-07,city.bareilly,Rain; hail damage wheat; lentil & mustard crops in west Uttar Pradesh,Wheat,0.023112153634428978,0.34787148237228394,0.6290163993835449,negative,False
2020-03-07,city.agra,Rain; hail damage wheat; lentil & mustard crops in west Uttar Pradesh,Wheat,0.023112153634428978,0.34787148237228394,0.6290163993835449,negative,False
2020-03-09,city.dehradun,Rain; hail damage 30% of wheat crop in Haridwar,Wheat,0.008966394700109959,0.03160678222775459,0.9594268798828125,negative,False
2020-03-21,city.bareilly,Farmers see red over new wheat procurement policy,Wheat,0.04519123584032059,0.13877475261688232,0.8160339593887329,negative,False
2020-03-27,city.dehradun,To ensure supply; govt to procure wheat from FCI on behalf of flour mills,Wheat,0.24711740016937256,0.7428889274597168,0.0099936593323946,neutral,False
2020-03-31,city.patna,FCI to supply 55;000 MT wheat to Bihar: Sushil Kumar Modi,Wheat,0.15442317724227905,0.8341369032859802,0.011439859867095947,neutral,False
2020-04-03,city.bareilly,Uncertainty over UP wheat crop procurement persists,Wheat,0.027430888265371323,0.0733547955751419,0.8992142677307129,negative,False
2020-04-04,city.kolkata,Resume wheat truck movement to avert flour crisis,Wheat,0.053287964314222336,0.9013856649398804,0.04532637447118759,neutral,False
2020-04-05,city.gurgaon,Harvesting from April 14 in Haryana; farmers to delay wheat reaping,Wheat,0.012385666370391846,0.12889434397220612,0.8587200045585632,negative,False
2020-04-08,city.bhopal,Farmers worry as wheat yet to be harvested in most areas,Wheat,0.018607769161462784,0.06738534569740295,0.9140068888664246,negative,False
2020-04-10,city.bareilly,Procure entire wheat crop in country: Farmer panel to PM,Wheat,0.05543529987335205,0.9285604953765869,0.0160041693598032,neutral,False
2020-04-13,city.lucknow,Wheat procurement to revving up rural economy in Uttar Pradesh,Wheat,0.6790353655815125,0.30393216013908386,0.01703241467475891,positive,False
2020-04-14,city.bareilly,Now; farmer organisations can directly procure wheat; veggies; fruits from farms,Wheat,0.06613291800022125,0.9207817316055298,0.013085348531603813,neutral,False
2020-04-14,city.patna,Wheat harvesting gathers momentum in Bihar,Wheat,0.8433977961540222,0.14147569239139557,0.015126574784517288,positive,False
2020-04-15,city.lucknow,UP government to start wheat purchase from today,Wheat,0.09954899549484253,0.8886466026306152,0.011804441921412945,neutral,False
2020-04-16,city.patna,Ensure max wheat procurement: Bihar CM,Wheat,0.13055559992790222,0.8597562909126282,0.009688081219792366,neutral,False
2020-04-16,city.bhopal,Wheat procurement begins; but less than 3;000 farmers turn up,Wheat,0.09762992709875107,0.8121394515037537,0.09023056924343109,neutral,False
2020-04-20,city.patna,Bihar: Farmers not willing to sell wheat to PACS and dealers,Wheat,0.029174285009503365,0.43459591269493103,0.5362298488616943,negative,False
2020-04-20,city.patna,Hailstorm; unseasonal rain damage wheat crops,Wheat,0.009950253181159496,0.04604019224643707,0.9440096020698547,negative,False
2020-04-22,city.bareilly,Farmer from Gujarat donates 220 quintals of wheat to Shahjahanpur admin to help feed needy,Wheat,0.15165652334690094,0.8350973725318909,0.013246119022369385,neutral,False
2020-04-22,city.bareilly,Wheat procurement centre in charge booked for corruption in Pilibhit,Wheat,0.03861305117607117,0.21889100968837738,0.7424959540367126,negative,False
2020-04-23,city.jaipur,Rajasthan CM Ashok Gehlot demands wheat from Centre,Wheat,0.12225676327943802,0.8398511409759521,0.03789208084344864,neutral,False
2020-04-25,city.dehradun,Will pay full MSP amount for wheat to farmers: State govt to HC,Wheat,0.06025303527712822,0.9280884265899658,0.011658567003905773,neutral,False
2020-05-02,city.jaipur,Rajasthan: Poor Sikar village donates 35 quintal wheat to needy,Wheat,0.1896219402551651,0.7969128489494324,0.013465210795402527,neutral,False
2020-05-11,city.ludhiana,FCI allocates 2.12 lakh metric tonnes of wheat for Punjab,Wheat,0.08676031231880188,0.9018591046333313,0.011380567215383053,neutral,False
2020-05-13,city.meerut,UP: Bijnor stares at 30 per cent wheat loss due unseasonal rainfall,Wheat,0.016992012038826942,0.009769433178007603,0.9732385873794556,negative,False
2020-05-17,city.dehradun,US Nagar farmer grows colorful wheat crops,Wheat,0.10108519345521927,0.8777617812156677,0.021152978762984276,neutral,False
2020-05-17,city.gurgaon,Lack of hands; strike: Why wheat procurement hit hurdle in Haryana,Wheat,0.018928904086351395,0.09268677979707718,0.8883843421936035,negative,False
2020-05-24,city.jaipur,Distribution of wheat doubled in April; May: CM Ashok Gehlot,Wheat,0.8397929072380066,0.14654017984867096,0.013667017221450806,positive,False
2020-05-25,city.agra,Agra: Distressed farmers forced to sell wheat below support price,Wheat,0.010844177566468716,0.02897997759282589,0.9601757526397705,negative,False
2020-05-27,city.indore,Madhya Pradesh: Congress and BJP spar over death of farmer at wheat procurement centre,Wheat,0.017839889973402023,0.09059937298297882,0.8915606737136841,negative,False
2020-05-29,city.jaipur,Women SHGs create 'grain bank'; distribute wheat; sanitary napkins,Wheat,0.03966699540615082,0.9410999417304993,0.019233085215091705,neutral,False
2020-06-01,city.chandigarh,'Asia's largest wheat procurement' operation over: Punjab CM Amarinder Singh,Wheat,0.192722350358963,0.7953876256942749,0.011890068650245667,neutral,False
2020-06-03,city.amritsar,21% more wheat straw burning cases in Punjab,Wheat,0.022548366338014603,0.14754049479961395,0.8299112319946289,negative,False
2020-06-05,life-style.food-news,Easy wheat flour desserts that you can make in a jiffy,Wheat,0.04485354572534561,0.9222592115402222,0.03288724645972252,neutral,False
2020-06-05,city.chandigarh,Haryana to stop wheat purchase from June 6,Wheat,0.02322237379848957,0.6418828964233398,0.33489471673965454,neutral,False
2020-06-12,city.jaipur,Rajasthan: 10kg wheat per person; two kg dal/family for two mths,Wheat,0.06939831376075745,0.9120588302612305,0.018542826175689697,neutral,False
2020-06-12,city.chandigarh,Pb seeks extra wheat; pulses for labourers,Wheat,0.08329452574253082,0.9028995633125305,0.013805939815938473,neutral,False
2020-06-15,city.chandigarh,Amarinder Singh seeks free wheat; pulses for 6 months more,Wheat,0.1126743033528328,0.8736053705215454,0.013720273971557617,neutral,False
2020-06-18,city.amritsar,Punjab: Good wheat crop spurs demand for gold in rural areas,Wheat,0.9411748051643372,0.04157322645187378,0.017251888290047646,positive,False
2020-06-24,city.jaipur,FCI clarifies allegation on delay in wheat delivery,Wheat,0.024036450311541557,0.4585920572280884,0.5173715353012085,negative,False
2020-06-27,city.gurgaon,Three arhtiyas flee with wheat worth crores,Wheat,0.09162811934947968,0.43642956018447876,0.47194239497184753,negative,False
2020-06-27,city.jammu,Three arhtiyas flee with wheat worth crores,Wheat,0.09162811934947968,0.43642956018447876,0.47194239497184753,negative,False
2020-06-30,city.jaipur,Record wheat procurement at MSP this year despite lockdown in Rajasthan,Wheat,0.9286199808120728,0.03793640062212944,0.033443599939346313,positive,False
2020-06-30,city.jodhpur,Record wheat procurement at MSP this year despite lockdown in Rajasthan,Wheat,0.9286199808120728,0.03793640062212944,0.033443599939346313,positive,False
2020-06-30,city.udaipur,Record wheat procurement at MSP this year despite lockdown in Rajasthan,Wheat,0.9286199808120728,0.03793640062212944,0.033443599939346313,positive,False
2020-07-09,city.rajkot,Illegally hoarded wheat worth Rs 51L seized,Wheat,0.058016691356897354,0.7737006545066833,0.16828270256519318,neutral,False
2020-07-10,city.gurgaon,Climate change could lower wheat; rice yields in Haryana in 15 yrs: GJUST study,Wheat,0.08215054869651794,0.2130434662103653,0.7048059701919556,negative,False
2020-07-28,city.chandigarh,Pb dispatched 27 LMT wheat; 52 LMT rice to other states,Wheat,0.34711581468582153,0.6354372501373291,0.017446933314204216,neutral,False
2020-08-09,city.agra,11-year-old brutally thrashed for stealing wheat in Agra village; father arrested,Wheat,0.0230880044400692,0.14637376368045807,0.8305382132530212,negative,False
2020-09-01,city.bareilly,Two die; three hurt as running wheat grinding machine explodes,Wheat,0.015550106763839722,0.11297208070755005,0.8714778423309326,negative,False
2020-09-18,india,MSP for paddy up 2.4 fold; wheat's 1.7x in 5 years: BJP,Wheat,0.92680424451828,0.059563592076301575,0.013632184825837612,positive,False
2020-09-19,city.ludhiana,Gang stealing wheat bags from trains busted; 7 held,Wheat,0.017909791320562363,0.0728902518749237,0.9091999530792236,negative,False
2020-09-22,city.chandigarh,Farmers trash Rs 50 wheat MSP hike,Wheat,0.05778833478689194,0.9125722646713257,0.02963934652507305,neutral,False
2020-09-26,city.jaipur,Rs 143 cr approved for free wheat and Aadhaar seeding,Wheat,0.36086270213127136,0.6260741353034973,0.013063110411167145,neutral,False
2020-09-29,city.jaipur,State govt to provide free wheat; pulses to 4L families,Wheat,0.22906550765037537,0.7613839507102966,0.009550558403134346,neutral,False
2020-11-02,city.chandigarh,Punjab approves wheat seed subsidy policy,Wheat,0.22978903353214264,0.7554785013198853,0.014732513576745987,neutral,False
2020-11-04,city.vadodara,Wheat prices to remain moderate in 2021: Anand Agricultural University,Wheat,0.11666961014270782,0.8615732789039612,0.02175711654126644,neutral,False
2020-12-08,city.nagpur,Vid wheat; paddy rates show pitfalls of diluting MSP regime,Wheat,0.014042778871953487,0.04214641824364662,0.9438108801841736,negative,False
2020-12-10,city.gurgaon,Wheat scam: Six officials arrested for swindling in Sirsa,Wheat,0.014487423934042454,0.08483608067035675,0.9006764888763428,negative,False
2021-01-03,city.jaipur,Many fail to buy wheat under NFSA due to Covid; old age,Wheat,0.010685130953788757,0.06864198297262192,0.9206728935241699,negative,False
2021-01-05,city.bareilly,Farmers happy with rain & cold; say it will help pulses; wheat & mustard,Wheat,0.5017897486686707,0.4836873710155487,0.014522895216941833,positive,False
2021-01-06,city.bareilly,Farmers happy with rain & cold; say it will help pulses; wheat & mustard,Wheat,0.5017897486686707,0.4836873710155487,0.014522895216941833,positive,False
2021-01-30,city.lucknow,Uttar Pradesh: 6;000 wheat procurement centres to be set up this year,Wheat,0.07678937911987305,0.909891664981842,0.013318929821252823,neutral,False
2021-02-02,city.lucknow,UP to ramp up wheat procurement after Budget agri push,Wheat,0.8108347058296204,0.17764036357402802,0.011524977162480354,positive,False
2021-02-27,city.jaipur,Food dept directs to inquire about huge gap in wheat lifted from godowns and delivered,Wheat,0.03798452764749527,0.11524201929569244,0.8467734456062317,negative,False
2021-02-27,city.chandigarh,Farm activists stop wheat train leaving pvt company's silo,Wheat,0.03727366402745247,0.27110064029693604,0.691625714302063,negative,False
2021-02-28,city.gurgaon,Despite appeals; farmers in Haryana keep turning on own wheat crop,Wheat,0.05809473618865013,0.2814406454563141,0.6604646444320679,negative,False
2021-03-01,city.agra,Rising temperatures may affect wheat crop in Agra,Wheat,0.016052918508648872,0.08801188319921494,0.8959351778030396,negative,False
2021-03-11,city.agra,As mercury soars several notches above normal;Agriculturist fear adverse impact on wheat yield,Wheat,0.012600690126419067,0.044614583253860474,0.9427847266197205,negative,False
2021-03-22,city.lucknow,UP to buy 'limitless' wheat from farmers @ Rs 1;975/ quintal MSP,Wheat,0.167345330119133,0.8225448727607727,0.010109785944223404,neutral,False
2021-03-24,city.chandigarh,Punjab to double centres for wheat procurement: Bharat Bhushan Ashu,Wheat,0.2688458263874054,0.7190132141113281,0.012140974402427673,neutral,False
2021-03-31,city.amritsar,Paddy to wheat; no retreat,Wheat,0.04816823452711105,0.9270708560943604,0.02476091869175434,neutral,False
2021-03-31,city.lucknow,Wheat procurement set to start at 6;000 centres,Wheat,0.050355762243270874,0.9303893446922302,0.019254861399531364,neutral,False
2021-04-01,city.lucknow,e-PoP machines to nix fixers at wheat procurement units,Wheat,0.03663445636630058,0.9303633570671082,0.03300219401717186,neutral,False
2021-04-02,city.chandigarh,Punjab gears up to procure 130 LMT wheat at 3;972 grain markets,Wheat,0.5858568549156189,0.40464094281196594,0.009502134285867214,positive,False
2021-04-02,india,FCI helps Punjab stave off crisis by lifting wheat stock,Wheat,0.8403705954551697,0.14390480518341064,0.015724554657936096,positive,False
2021-04-03,city.bareilly,Wheat crop on hundreds of acres gutted in fire incidents in western UP in 15 days,Wheat,0.01508075837045908,0.051466986536979675,0.933452308177948,negative,False
2021-04-03,city.chandigarh,Haryana starts buying wheat at 500 centres,Wheat,0.052519239485263824,0.9139175415039062,0.03356318548321724,neutral,False
2021-04-03,city.lucknow,Wheat purchase to gain pace by Apr 15,Wheat,0.8992702960968018,0.08943034708499908,0.011299369856715202,positive,False
2021-04-04,city.dehradun,Farmers facing major losses due to wildfires in Uttarakhand; ripe wheat crop in over 30 acres gutted,Wheat,0.02323651872575283,0.04094232991337776,0.9358211159706116,negative,False
2021-04-04,city.chandigarh,3.5k farmers sell 2.5 lakh quintal wheat,Wheat,0.056146420538425446,0.9177194237709045,0.026134150102734566,neutral,False
2021-04-05,city.chandigarh,Covid protocols in place for wheat procurement from April 10,Wheat,0.0702563002705574,0.9167211055755615,0.013022562488913536,neutral,False
2021-04-06,city.chandigarh,High moisture content: 90% wheat unsold in Karnal grain markets,Wheat,0.03753809630870819,0.926932156085968,0.03552970290184021,neutral,False
2021-04-07,city.allahabad,City agri-scientist develops sugar-free wheat varieties,Wheat,0.18855799734592438,0.8037274479866028,0.0077145760878920555,neutral,False
2021-04-07,city.lucknow,UP government allows FPOs to purchase wheat directly from farmers,Wheat,0.08240394294261932,0.9069333076477051,0.01066276989877224,neutral,False
2021-04-08,city.chandigarh,Karnal farmers sell wheat; not paid after 48 hours,Wheat,0.021222621202468872,0.8807994723320007,0.09797796607017517,neutral,False
2021-04-08,city.chandigarh,Rain; squall hit wheat crop hard,Wheat,0.012641015462577343,0.044704362750053406,0.9426546096801758,negative,False
2021-04-10,city.chandigarh,Wheat business begins in Punjab today,Wheat,0.046748530119657516,0.9372959136962891,0.015955597162246704,neutral,False
2021-04-10,city.chandigarh,5.5 lakh tonnes of wheat procured in Haryana so far,Wheat,0.3544141948223114,0.6184958219528198,0.027089964598417282,neutral,False
2021-04-10,city.lucknow,Ensure Covid safety amid wheat purchase,Wheat,0.05258481949567795,0.9182888269424438,0.029126381501555443,neutral,False
2021-04-10,city.delhi,Wheat being procured at MSP in city: BJP,Wheat,0.04163537919521332,0.9414690732955933,0.016895513981580734,neutral,False
2021-04-10,city.chandigarh,Amid arhtiyas' strike call; Punjab to start buying wheat,Wheat,0.3328135013580322,0.6181713342666626,0.04901517182588577,neutral,False
2021-04-11,city.dehradun,Wheat crop on 45 acres gutted in Uttarakhand,Wheat,0.02350839599967003,0.1685483455657959,0.8079432249069214,negative,False
2021-04-11,city.amritsar,tractors for fire tenders diy in punjabs barnala district villagers save wheat by innovating,Wheat,0.10436534136533737,0.8762600421905518,0.019374655559659004,neutral,False
2021-04-12,city.chandigarh,In Punjab; control rooms to help farmers sell wheat,Wheat,0.05747370794415474,0.9263211488723755,0.01620515063405037,neutral,False
2021-04-13,city.chandigarh,Day 3: Wheat procurement gathers pace in Punjab,Wheat,0.23590074479579926,0.7392473816871643,0.024851901456713676,neutral,False
2021-04-13,city.chandigarh,Ripened wheat crop on 80 acres gutted in Pehowa,Wheat,0.08455247431993484,0.873126208782196,0.04232135787606239,neutral,False
2021-04-14,city.chandigarh,Wheat lifting crawls; space crunch in Haryana mandis,Wheat,0.017929982393980026,0.15485946834087372,0.827210545539856,negative,False
2021-04-17,city.ludhiana,89% wheat procured in Ludhiana: District food and supply controller,Wheat,0.07683588564395905,0.9066451191902161,0.016518959775567055,neutral,False
2021-04-17,city.chandigarh,As Covid cases surge; Haryana stops wheat procurement,Wheat,0.0369696281850338,0.09929770231246948,0.8637325763702393,negative,False
2021-04-18,city.bareilly,UP: Two farmers die as wheat thresher explodes in Badaun,Wheat,0.01407662034034729,0.09282676875591278,0.8930965662002563,negative,False
2021-04-18,city.chandigarh,Direct payment for wheat: In Punjab; arthiyas fear loss of control; farmers await resulting freedom,Wheat,0.03506394848227501,0.7352882027626038,0.22964787483215332,neutral,False
2021-04-18,city.chandigarh,Wheat grain spills over due to shortage of gunny bags and space in Ambala,Wheat,0.011080360971391201,0.022630775347352028,0.9662888050079346,negative,False
2021-04-18,city.chandigarh,Cong MP Hooda asks Hayana to probe slow lifting of wheat,Wheat,0.11021360754966736,0.7731652855873108,0.11662114411592484,neutral,False
2021-04-19,city.dehradun,Uttarakhand: Over 80 acres of wheat crop gutted in fire in Udham Singh Nagar,Wheat,0.013538430444896221,0.08428327739238739,0.9021782875061035,negative,False
2021-04-19,city.chandigarh,Procurement of HD 2967 variety of wheat smooth in Punjab: Minister,Wheat,0.06549855321645737,0.9200911521911621,0.014410301111638546,neutral,False
2021-04-19,city.chandigarh,Haryana govt says it has procure 45L tonnes of wheat,Wheat,0.5998094081878662,0.3883519470691681,0.011838643811643124,positive,False
2021-04-19,city.chandigarh,7.33 LMT wheat procured on 9th day in Punjab,Wheat,0.13983891904354095,0.8363657593727112,0.02379533462226391,neutral,False
2021-04-19,city.chandigarh,Patiala procures 95% of its arrived wheat; Ropar 100%,Wheat,0.4328336715698242,0.5570785999298096,0.010087746195495129,neutral,False
2021-04-20,city.dehradun,Ripe wheat crop on 10 acres gutted in US Nagar,Wheat,0.05970067158341408,0.2848083972930908,0.6554909348487854,negative,False
2021-04-20,city.chandigarh,UP farmers allowed to sell wheat in Haryana after protest,Wheat,0.19080135226249695,0.5175387263298035,0.2916598916053772,neutral,False
2021-04-20,india,11.6 lakh farmers have got 24k cr as MSP through wheat procurement,Wheat,0.38218969106674194,0.6059324145317078,0.011877880431711674,neutral,False
2021-04-22,city.jaipur,2.92 lakh MT of wheat procured at MSP,Wheat,0.06938997656106949,0.914025604724884,0.01658443920314312,neutral,False
2021-04-23,city.chandigarh,Labour shortage keeps Punjab wheat lifting below 44%,Wheat,0.016994107514619827,0.03018447570502758,0.9528213739395142,negative,False
2021-04-25,city.chandigarh,1.57L tonnes of wheat procured in Haryana,Wheat,0.11741697788238525,0.8622227311134338,0.020360350608825684,neutral,False
2021-04-25,city.chandigarh,93% wheat procured; Rs 7;594cr paid to farmers: Punjab top officer,Wheat,0.04949392005801201,0.93548583984375,0.01502031646668911,neutral,False
2021-04-27,city.chandigarh,SAD stages protest over inadequate arrangements for wheat procurement,Wheat,0.01828250288963318,0.06127699837088585,0.9204405546188354,negative,False
2021-04-29,city.chandigarh,77.8 lakh tonne wheat procured at MSP in Haryana mandis,Wheat,0.11375689506530762,0.8717372417449951,0.014505860395729542,neutral,False
2021-04-29,city.lucknow,Despite corona spike; average wheat procurement up by 54%,Wheat,0.9486250877380371,0.026021143421530724,0.025353701785206795,positive,False
2021-04-30,city.patna,Wheat procurement target increased to 7 lakh MT: CM Nitish Kumar,Wheat,0.9197902083396912,0.06638030707836151,0.013829548843204975,positive,False
2021-05-05,city.lucknow,Uttar Pradesh procured 14.22 lakh MT wheat amid Covid: Yogi Adityanath,Wheat,0.12723995745182037,0.862201452255249,0.010558604262769222,neutral,False
2021-05-07,city.chandigarh,Huge spike in Punjab stubble burning cases after wheat harvest,Wheat,0.05115877091884613,0.07279487699270248,0.876046359539032,negative,False
2021-05-10,city.chandigarh,Agencies in Punjab procure 128.50 LMT wheat in 30 days,Wheat,0.11290241032838821,0.8753501176834106,0.011747515760362148,neutral,False
2021-05-10,india,Wheat procurement in Haryana crosses target; Punjab set to surpass,Wheat,0.849814236164093,0.13607998192310333,0.01410576794296503,positive,False
2021-05-12,city.lucknow,Uttar Pradesh government for shifting of wheat to depots before monsoon,Wheat,0.05817226320505142,0.9133546352386475,0.028473133221268654,neutral,False
2021-05-19,city.patna,Govt extends deadline for wheat procurement till June 15,Wheat,0.04245223477482796,0.8826839327812195,0.07486381381750107,neutral,False
2021-05-19,city.bhopal,Kamal Nath urges Madhya Pradesh government to procure wet wheat; says farmers not at fault,Wheat,0.09437268227338791,0.8303467631340027,0.0752805769443512,neutral,False
2021-06-02,city.patna,Slow progress of wheat procurement irks Gaya DM,Wheat,0.02425253391265869,0.07842966914176941,0.8973177075386047,negative,False
2021-06-03,city.lucknow,Every single grain of wheat to be purchased; says Uttar Pradesh CM Yogi Adityanath,Wheat,0.08107458055019379,0.9075191617012024,0.011406203731894493,neutral,False
2021-06-04,india,Government revises wheat procurement target as most producing states create record buying,Wheat,0.16820128262043,0.11314498633146286,0.7186537384986877,negative,False
2021-06-05,india,76000 crore sent directly to farmers accounts for their wheat,Wheat,0.04432705417275429,0.9359427690505981,0.019730141386389732,neutral,False
2021-06-13,city.patna,Procure 3.5L MT wheat from farmers by June 15: Bihar CM Nitish Kumar,Wheat,0.1351824253797531,0.8531340956687927,0.011683445423841476,neutral,False
2021-06-13,city.lucknow,Uttar Pradesh set to surpass its wheat purchase record,Wheat,0.8878904581069946,0.10039746016263962,0.011712041683495045,positive,False
2021-06-28,india,Wheat purchase all set to cross revised target of 433.5L tonnes,Wheat,0.12491615116596222,0.8612919449806213,0.01379195787012577,neutral,False
2021-07-06,city.jaipur,FCI procures record 23.4 lakh MT of wheat from 2 lakh Rajasthan farmers,Wheat,0.8262901902198792,0.16536635160446167,0.008343452587723732,positive,False
2021-07-07,city.ahmedabad,Liquor stored in wheat sacks; 1 held,Wheat,0.03299489617347717,0.9402840733528137,0.026721036061644554,neutral,False
2021-07-11,city.ahmedabad,Three held for smuggling 3;800kg of PDS wheat,Wheat,0.05955306068062782,0.9254555702209473,0.01499133463948965,neutral,False
2021-07-22,city.chandigarh,Recover wheat damage loss from mandi officials; says Haryana chief minister Manohar Lal Khattar,Wheat,0.5027124285697937,0.043440088629722595,0.4538475275039673,positive,False
2021-07-28,city.madurai,PDS wheat; rice seized from godown,Wheat,0.13971222937107086,0.6769615411758423,0.18332625925540924,neutral,False
2021-08-09,city.chandigarh,Rs 20cr wheat missing: Minister says will refer case to vigilance dept,Wheat,0.033181462436914444,0.512156069278717,0.4546624422073364,neutral,False
2021-08-10,city.chandigarh,CVC: Probe roots of wheat bungling; senior officials' role,Wheat,0.030710216611623764,0.9365035891532898,0.03278624638915062,neutral,False
2021-08-31,city.chandigarh,Procure paddy; wheat in old manner: Punjab BJP chief,Wheat,0.06622263789176941,0.9189068675041199,0.014870447106659412,neutral,False
2021-09-13,city.lucknow,High grain production to offset low MSP hike for wheat,Wheat,0.9196555614471436,0.0692344531416893,0.011109907180070877,positive,False
2021-09-20,india,Rice with zinc; wheat with protein to fight malnutrition,Wheat,0.10843970626592636,0.8740853667259216,0.017474889755249023,neutral,False
2021-09-29,city.varanasi,PM dedicates disease-resistant IAS-BHU wheat variety to nation,Wheat,0.19184339046478271,0.7992017865180969,0.008954868651926517,neutral,False
2021-10-09,life-style.spotlight,Ditch maida and wheat; cook your way to good health,Wheat,0.176356703042984,0.805219829082489,0.01842346601188183,neutral,False
2021-10-17,city.nagpur,Wheat meant for PDS seized from pvt vehicles; 3 held,Wheat,0.09015202522277832,0.8713874220848083,0.038460563868284225,neutral,False
2021-10-19,india,Afghanistan in food crisis; India plans to send 50;000MT of wheat,Wheat,0.19202403724193573,0.7695844769477844,0.038391418755054474,neutral,False
2021-10-19,world.south-asia,Afghanistan in food crisis; India plans to send 50;000MT of wheat,Wheat,0.19202403724193573,0.7695844769477844,0.038391418755054474,neutral,False
2021-10-22,city.chandigarh,UT to replace poor quality of wheat; but with conditions,Wheat,0.42008018493652344,0.5484756827354431,0.03144410252571106,neutral,False
2021-11-12,city.agra,8 dead peacocks found near wheat field in Agra; pesticide poisoning suspected,Wheat,0.009154041297733784,0.03656432777643204,0.9542815089225769,negative,False
2021-11-13,city.delhi,Ending rice-wheat monopoly can ease Delhi woes,Wheat,0.703288733959198,0.045800939202308655,0.25091034173965454,positive,False
2022-01-10,business.india-business,MSP's tilt in favour of oilseeds see 23% increase in acreage of mustard; wheat sown area decreases,Wheat,0.9349126815795898,0.05103040859103203,0.014056902378797531,positive,False
2022-01-10,india,MSP's tilt in favour of oilseeds see 23% increase in acreage of mustard; wheat sown area decreases,Wheat,0.9349126815795898,0.05103040859103203,0.014056902378797531,positive,False
2022-01-10,india,Iran ready to help India transport wheat to Afghanistan,Wheat,0.6222374439239502,0.3649780750274658,0.01278448011726141,positive,False
2022-01-23,india,India ready to ship wheat to Afghanistan via Pakistan early February,Wheat,0.29792776703834534,0.6859029531478882,0.016169333830475807,neutral,False
2022-01-23,world.south-asia,India ready to ship wheat to Afghanistan via Pakistan early February,Wheat,0.29792776703834534,0.6859029531478882,0.016169333830475807,neutral,False
2022-02-03,city.jaipur,Software for buying wheat at MSP soon,Wheat,0.02866351418197155,0.946346640586853,0.02498987875878811,neutral,False
2022-02-06,city.indore,Registration of wheat producers begins,Wheat,0.025031602010130882,0.9439328908920288,0.03103547729551792,neutral,False
2022-02-28,city.indore,New season pulses; wheat arrive in mkt,Wheat,0.10418818891048431,0.8519570827484131,0.043854761868715286,neutral,False
2022-03-04,city.bhopal,MSP for Rabi crops fixed: Wheat to be procured at Rs 2015 per quintal in Bhopal,Wheat,0.04495742544531822,0.9380375146865845,0.017004992812871933,neutral,False
2022-03-06,business.india-business,Putin's war pushes up wheat price; may benefit Indian farmers,Wheat,0.020359981805086136,0.04155460372567177,0.9380854964256287,negative,True
2022-03-11,city.indore,75 wheat farmers ready to sell crop at MSP,Wheat,0.12260007858276367,0.8605310320854187,0.016868831589818,neutral,False
2022-03-14,city.chandigarh,Mann swearing-in: 40 acres of wheat fields being cleared for parking,Wheat,0.22671912610530853,0.752193808555603,0.021087054163217545,neutral,False
2022-03-23,business.india-business,Lebanon plans tender for Indian wheat; minister says,Wheat,0.4453083276748657,0.5361384153366089,0.0185532309114933,neutral,False
2022-03-25,city.bhopal,Madhya Pradesh: Tax waiver in CM Shivraj Singh Chouhan's plan to boost wheat export,Wheat,0.7512750029563904,0.10607551783323288,0.1426495462656021,positive,False
2022-03-25,city.rajkot,How old is your wheat? Rapid test to tell in 15 mins,Wheat,0.038348715752363205,0.9391762018203735,0.022475123405456543,neutral,False
2022-03-28,city.chandigarh,Procurement of wheat will start from April 1 in Hry,Wheat,0.0497821606695652,0.935168445110321,0.015049410983920097,neutral,False
2022-03-29,city.bhopal,Wheat procurement in Bhopal from April 4 to 16,Wheat,0.07150585204362869,0.8765735626220703,0.051920633763074875,neutral,False
2022-03-29,city.indore,Only three farmers sell their crop at MSP on first day of wheat procurement,Wheat,0.03181713446974754,0.9437046051025391,0.024478299543261528,neutral,False
2022-03-29,city.hubballi,Gadag farmer grows rare varieties of wheat,Wheat,0.05796818807721138,0.9215360283851624,0.020495770499110222,neutral,False
2022-03-30,city.bhopal,Wheat exporters should make the most of boom: CM,Wheat,0.15576989948749542,0.828696072101593,0.015533980913460255,neutral,False
2022-04-02,city.jaipur,Purchase of wheat at MSP to continue in Raj till June 10,Wheat,0.04923090711236,0.9377507567405701,0.013018317520618439,neutral,False
2022-04-03,city.chandigarh,61MT wheat arrives in Patiala;6 nakas set up at state borders,Wheat,0.23268088698387146,0.7485120892524719,0.01880701445043087,neutral,False
2022-04-06,city.indore,Wheat procurement drops as farmers prefer open market,Wheat,0.014174177311360836,0.02403251826763153,0.9617932438850403,negative,False
2022-04-08,city.bareilly,Fire chars wheat crop in 25 bighas,Wheat,0.010664037428796291,0.030730081722140312,0.958605945110321,negative,False
2022-04-08,city.meerut,Mercury rising; wheat yield may dip by 2-3% in Uttar Pradesh,Wheat,0.01811131089925766,0.018642932176589966,0.963245689868927,negative,False
2022-04-10,city.chandigarh,Fire destroys wheat crop in 10 acres,Wheat,0.010040479712188244,0.0594228133559227,0.9305367469787598,negative,False
2022-04-11,city.chandigarh,5.5 LMT wheat in Punjab mandis so far,Wheat,0.17891527712345123,0.7931556701660156,0.02792900800704956,neutral,False
2022-04-12,city.indore,Egyptian delegation eyes wheat export from Indore,Wheat,0.08191238343715668,0.8551645874977112,0.06292303651571274,neutral,False
2022-04-13,city.chandigarh,21 wheat straw burning cases so farin Punjab,Wheat,0.03129826858639717,0.4163636863231659,0.5523380041122437,negative,False
2022-04-15,city.indore,Not even 25% farmers show interest in govt's wheat procurement at MSP in Indore,Wheat,0.08522988855838776,0.8940015435218811,0.02076849900186062,neutral,False
2022-04-16,india,Putin's war opens a window; India to export wheat to Egypt,Wheat,0.5498425364494324,0.43586620688438416,0.014291249215602875,positive,False
2022-04-17,city.kanpur,Fire destroys wheat crop in Sachendi,Wheat,0.012272835709154606,0.06951892375946045,0.9182082414627075,negative,False
2022-04-17,city.chandigarh,AAP govt must seek central aid to help farmers hit by poor wheat yield: SAD,Wheat,0.055573008954524994,0.08785035461187363,0.856576681137085,negative,False
2022-04-18,city.chandigarh,LoP seeks relief for wheat growers,Wheat,0.809928834438324,0.12960901856422424,0.06046212837100029,positive,False
2022-04-18,city.chandigarh,10 wheat straw burning cases,Wheat,0.029037892818450928,0.7002286314964294,0.27073347568511963,neutral,False
2022-04-18,city.chandigarh,Announce relief for wheat crop loss: BJP,Wheat,0.09788429737091064,0.8491984605789185,0.05291726812720299,neutral,False
2022-04-21,city.bareilly,Farmers in Uttar Pradesh avoid government centres as wheat price 'rises' due to Ukraine war,Wheat,0.01735440455377102,0.04104850813746452,0.941597044467926,negative,False
2022-04-22,city.indore,Only 12000 wheat farmers book slots; last date extended to April 30,Wheat,0.02527770586311817,0.8826466202735901,0.09207570552825928,neutral,False
2022-04-26,city.bhopal,Minor stripped; thrashed & tonsured for stealing wheat in Madhya Pradesh,Wheat,0.014811340719461441,0.05719663202762604,0.927992045879364,negative,False
2022-04-26,city.jaipur,Wheat at MSP: One or more of family can log,Wheat,0.0381879061460495,0.9446135759353638,0.017198484390974045,neutral,False
2022-04-28,city.amritsar,Daily wheat arrivals dip below 2 LMT in Punjab,Wheat,0.010484615340828896,0.03270723298192024,0.9568080902099609,negative,False
2022-04-29,city.bhopal,Market 'competition' for wheat procurement,Wheat,0.0912419930100441,0.8765080571174622,0.03224993124604225,neutral,False
2022-04-29,city.bareilly,Wheat straw transportation ban: Dairy owners stop 5 trucks; farmers call it 'suppression',Wheat,0.012195874936878681,0.09859105199575424,0.8892130255699158,negative,False
2022-05-02,city.chandigarh,Pb wheat arrivals dip below 50k MT in a day,Wheat,0.024789482355117798,0.05459900200366974,0.9206114411354065,negative,False
2022-05-03,city.chandigarh,Haryana: BKU protest; demand bonus on wheat; claim for low yield through insurance,Wheat,0.035210467875003815,0.22363565862178802,0.74115389585495,negative,False
2022-05-03,india,As wheat buy dips; govt may use more rice in Ann Yojana,Wheat,0.25631237030029297,0.6723640561103821,0.07132361084222794,neutral,False
2022-05-04,india,Centre revises wheat allocation to 11 states,Wheat,0.06857044249773026,0.8996123671531677,0.031817272305488586,neutral,False
2022-05-04,india,Indian Railways cuts number of rakes meant for wheat exports,Wheat,0.021579623222351074,0.03548447787761688,0.9429359436035156,negative,False
2022-05-04,city.chandigarh,Wheat output falls in country; but Punjab tops in contribution to national pool,Wheat,0.06596065312623978,0.01752420887351036,0.9165152311325073,negative,False
2022-05-04,city.chandigarh,979 wheat straw burning cases in a day,Wheat,0.03765230253338814,0.7276627421379089,0.234685018658638,neutral,False
2022-05-05,india,Govt's wheat buy estimate cut by 50%; lowest in 13 years,Wheat,0.012227367609739304,0.017064090818166733,0.9707085490226746,negative,False
2022-05-11,business.india-business,As Black Sea supplies fall; India sells record 1.4 millio tonnes wheat in April,Wheat,0.009759797714650631,0.01943047158420086,0.9708096385002136,negative,False
2022-05-15,business.india-business,Latest inflation data sparked action to tame wheat prices,Wheat,0.8361708521842957,0.11474490165710449,0.04908434674143791,positive,False
2022-05-15,business.india-business,Within hours of curbs; domestic traders claim wheat prices are softening,Wheat,0.7568028569221497,0.03068101778626442,0.21251606941223145,positive,False
2022-05-15,city.bhopal,Centre's decision to ban wheat export a setback for farmers & traders in Madhya Pradesh,Wheat,0.015063334256410599,0.02315334975719452,0.9617833495140076,negative,False
2022-05-16,business.india-business,As G7 frets; India says wheat export curbs to aid neighbours,Wheat,0.061887141317129135,0.03117578849196434,0.9069370627403259,negative,False
2022-05-16,city.chandigarh,Lift wheat export ban; say Sukhbir,Wheat,0.29743391275405884,0.6403148174285889,0.06225132942199707,neutral,False
2022-05-17,business.india-business,India's export ban sends EU wheat to near all-time highs,Wheat,0.04642157629132271,0.019769689068198204,0.9338088035583496,negative,False
2022-05-18,india,India relaxes wheat export ban but global prices at 2-month high,Wheat,0.07230871170759201,0.05561346933245659,0.8720778226852417,negative,False
2022-05-18,city.rajkot,Gujarat: Wheat ban relaxed; but pile-up at Kandla port too huge to clear soon,Wheat,0.03962576016783714,0.034134116023778915,0.926240086555481,negative,False
2022-05-19,city.kolkata,West Bengal govt to ration wheat distribution,Wheat,0.05574909970164299,0.8743810653686523,0.06986987590789795,neutral,False
2022-05-20,india,Amid weather woes; India's wheat production to fall 3%,Wheat,0.008007773198187351,0.018545718863606453,0.9734466075897217,negative,False
2022-05-21,city.chandigarh,Vigilance committees to distribute wheat; atta,Wheat,0.027906134724617004,0.9461951851844788,0.02589871920645237,neutral,False
2022-05-24,city.ahmedabad,10 lakh tonnes of wheat still stuck at Kandla port,Wheat,0.009773490950465202,0.034979771822690964,0.9552467465400696,negative,False
2022-05-24,city.jaipur,Soaring mercury takes toll on quality of wheat in Rajasthan,Wheat,0.015145792625844479,0.04941635578870773,0.9354378581047058,negative,False
2022-05-29,city.vadodara,Gujarat: Amul forays into organic food segment with wheat flour,Wheat,0.4444845914840698,0.5468330979347229,0.008682329207658768,neutral,False
2022-06-03,business.india-business,Prices of wheat; sugar; rice on declining trend after govt measures: Report,Wheat,0.008616824634373188,0.025774136185646057,0.9656089544296265,negative,False
2022-06-05,city.indore,Indore admn may miss wheat procurement target by 80%,Wheat,0.0126595888286829,0.04951036348938942,0.9378300905227661,negative,False
2022-06-06,business.india-business,Global wheat prices jump after India export ban and Ukraine war: FAO,Wheat,0.08767326921224594,0.06778891384601593,0.8445378541946411,negative,False
2022-06-09,business.india-business,Wheat export curbs stall 12 goods trains headed for Bangladesh,Wheat,0.017787737771868706,0.04186931997537613,0.940342903137207,negative,False
2022-06-16,business.india-business,India seeks written 'no re-export' vow from wheat buyers,Wheat,0.1952575296163559,0.7544001340866089,0.050342295318841934,neutral,False
2022-06-22,city.ahmedabad,Plea asks Gujarat HC for nod to export wheat lying at port; godowns,Wheat,0.20388047397136688,0.7317396998405457,0.06437984108924866,neutral,False
2022-06-25,business.india-business,India's wheat; rice stock to be just over buffer level in October,Wheat,0.37285926938056946,0.5977544784545898,0.029386300593614578,neutral,False
2022-06-27,india,India exported 18L tonnes of wheat as 'food aid' since May restrictions: Govt,Wheat,0.1317286640405655,0.8413324952125549,0.02693888172507286,neutral,False
2022-07-06,business.india-business,States must encourage farmers to increase paddy; wheat sowing to boost exports: Piyush Goyal,Wheat,0.45390796661376953,0.5327728986740112,0.013319114223122597,neutral,False
2022-07-06,india,Gujarat; UP & MP demand full quota of NFSA wheat,Wheat,0.6777978539466858,0.3115991950035095,0.010602956637740135,positive,False
2022-07-07,city.bengaluru,Wheat and oil shortage: Bread costlier by Rs 5 in Bengaluru,Wheat,0.024860674515366554,0.043927136808633804,0.9312121868133545,negative,False
2022-07-08,city.bengaluru,Karnataka government puts curbs on wheat flour exports,Wheat,0.033657222986221313,0.4706938564777374,0.49564892053604126,negative,False
2022-07-19,business.india-business,Depleting wheat & rice stocks may make it tough to continue free food grain scheme beyond September,Wheat,0.02326151914894581,0.1733894646167755,0.8033490180969238,negative,False
2022-07-31,city.bareilly,4;700 quintals of wheat vanishes from Uttar Pradesh warehouse,Wheat,0.023477202281355858,0.07588110864162445,0.9006417393684387,negative,False
2022-08-08,india,States also told to increase rice; wheat acreage,Wheat,0.21720941364765167,0.7418402433395386,0.04095033183693886,neutral,False
2022-08-18,india,Wheat production to fall by 3%; but grain output to hit new high,Wheat,0.024105573073029518,0.015173474326729774,0.960720956325531,negative,False
2022-08-28,city.vijayawada,Andhra Pradesh: Traders welcome ban on wheat flour export,Wheat,0.055148325860500336,0.4246789813041687,0.5201727151870728,negative,False
2022-09-30,india,Free food plan will cut FCI wheat stock; hit scope for market intervention,Wheat,0.09642653912305832,0.1173282116651535,0.7862452864646912,negative,False
2022-10-18,india,Wheat stock above buffer level; says food secretary,Wheat,0.8236923217773438,0.15924260020256042,0.017065010964870453,positive,False
2022-10-19,india,Wheat MSP hiked by 5.4%; incentive for oilseeds; pulses,Wheat,0.9396265149116516,0.04148691147565842,0.01888655126094818,positive,False
2022-10-20,business.india-business,FSSAI mandates proper labels for whole wheat; brown bread,Wheat,0.07219727337360382,0.9105517268180847,0.017250968143343925,neutral,False
2022-10-20,india,Brown or whole wheat? FSSAI issues norms for bread labels,Wheat,0.03711637854576111,0.9389278888702393,0.023955751210451126,neutral,False
2022-10-27,business.india-business,Govt may sell wheat stock in tranches to check atta prices,Wheat,0.02650964818894863,0.9271200299263,0.04637034609913826,neutral,False
2022-11-13,city.bhopal,In Rewa; truckload of wheat 'procured' on paper; 3 held,Wheat,0.10572744160890579,0.8840928673744202,0.010179752483963966,neutral,False
2022-11-15,city.goa,Smuggling rice; wheat from govt godowns; 5 held,Wheat,0.06324368715286255,0.9172906875610352,0.01946558989584446,neutral,False
2022-11-16,city.goa,Goa: Five held for smuggling rice; wheat from govt godowns,Wheat,0.06909702718257904,0.8691258430480957,0.061777178198099136,neutral,False
2022-11-20,india,Ensure timely sowing of wheat in rabi season: Centre to states,Wheat,0.06220966950058937,0.925004243850708,0.012786147184669971,neutral,False
2022-11-28,india,Procurement low but wheat stock helped meet demand,Wheat,0.9188084602355957,0.041371941566467285,0.039819613099098206,positive,False
2022-12-04,city.bareilly,Girl; 9; cut open; left to die in UP wheat field,Wheat,0.02231421321630478,0.16794872283935547,0.8097370862960815,negative,False
2022-12-08,india,Retail price of wheat rose 5%; pulses' by up to 4% in 1 month,Wheat,0.9480888843536377,0.035475026816129684,0.016436094418168068,positive,False
2022-12-12,india,States that grew less paddy bounce back with wheat,Wheat,0.7421714067459106,0.232893168926239,0.024935461580753326,positive,False
2022-12-22,city.meerut,Uttar Pradesh: Wheat crop on 200 acres of 'illegally occupied' govt land destroyed,Wheat,0.02475057914853096,0.8670268654823303,0.1082226037979126,neutral,False
2022-12-27,business.india-business,To cool prices; FCI to release 20 lakh tonnes of wheat for market,Wheat,0.7312666773796082,0.2514771819114685,0.017256105318665504,positive,False
2023-01-02,city.dehradun,Terai farmers welcome cold; term it favourable for wheat crop,Wheat,0.6198616623878479,0.35970863699913025,0.020429683849215508,positive,False
2023-01-10,world.pakistan,Pakistan flour crisis worsens; prices skyrocket amidst wheat shortage; stampedes reported,Wheat,0.011683507822453976,0.03141481429338455,0.9569016098976135,negative,False
2023-01-15,city.indore,Madhya Pradesh's wheat yield may fall short of target,Wheat,0.011153136380016804,0.0355505533516407,0.9532963037490845,negative,False
2023-01-25,business.india-business,Government won't lift curbs on wheat export before next crop,Wheat,0.17471930384635925,0.7592865228652954,0.06599419564008713,neutral,False
2023-01-26,business.india-business,Prices of wheat; atta touch 10-year high; govt steps in,Wheat,0.8859251141548157,0.04526148736476898,0.06881336867809296,positive,False
2023-01-28,business.india-business,Wholesale wheat prices fall by 10% on Centre's intervention,Wheat,0.013253903016448021,0.0148231266066432,0.9719228744506836,negative,False
2023-02-03,business.india-business,FCI begins e-auction of wheat; sells over 9 lakh tonnes to cool down prices,Wheat,0.233089879155159,0.3908839523792267,0.3760261535644531,neutral,False
2023-02-09,india,16L tonnes of wheat to be released soon to rein in prices,Wheat,0.14890028536319733,0.7614994645118713,0.08960025757551193,neutral,False
2023-02-09,city.bhopal,PDS wheat scam: Civil supplies corporation sacks two officials,Wheat,0.015750985592603683,0.031683217734098434,0.9525658488273621,negative,False
2023-02-10,city.meerut,Rising mercury; scant rainfall to adversely impact wheat crop in UP,Wheat,0.05048653110861778,0.16357117891311646,0.7859422564506531,negative,False
2023-02-12,india,Govt may continue export curbs; impose stock limits to control wheat prices,Wheat,0.06887803971767426,0.7948783040046692,0.13624373078346252,neutral,False
2023-02-13,city.bareilly,Farmer hangs self after stray cattle destroy his wheat field in Uttar Pradesh,Wheat,0.01750515028834343,0.08303087949752808,0.8994640111923218,negative,False
2023-02-17,gadgets-news,3.85 LMT wheat stock sold for Rs 901 crore in second e-auction by Food Corporation of India,Wheat,0.20460061728954315,0.7757541537284851,0.019645294174551964,neutral,False
2023-02-18,india,Govt further reduces reserve price of wheat to tame prices,Wheat,0.19216212630271912,0.1649540811777115,0.6428837180137634,negative,False
2023-02-19,city.pune,March-like high temperatures may affect Maharashtra wheat yield,Wheat,0.008861135691404343,0.042508166283369064,0.9486306309700012,negative,False
2023-02-22,india,Govt to release additional 20L tonnes of wheat,Wheat,0.1246674582362175,0.8500601053237915,0.02527242712676525,neutral,False
2023-02-24,india,Wheat crop in good state; govt buy to be normal: FCI,Wheat,0.8292969465255737,0.15172642469406128,0.018976673483848572,positive,False
2023-02-24,city.pune,Wheat-growing states see 99% February rain deficit; yield likely to be affected,Wheat,0.02651147171854973,0.016462359577417374,0.9570261836051941,negative,False
2023-02-24,india,Wheat-growing states see 99% rain deficiency in February,Wheat,0.428577184677124,0.49189671874046326,0.07952611893415451,neutral,False
2023-02-28,city.gurgaon,Double whammy in Haryana: Mustard yield hit by extreme winter; wheat may take hit from early summer,Wheat,0.05258713662624359,0.027695417404174805,0.9197173714637756,negative,False
2023-03-03,business.india-business,Govt fixes wheat procurement target at 34.15 million tones for 2023-24,Wheat,0.06922830641269684,0.8580637574195862,0.07270798832178116,neutral,False
2023-03-08,india,India to send extra 20k MT of wheat to Afghanistan via Iran port,Wheat,0.592467188835144,0.39651167392730713,0.011021086014807224,positive,False
2023-03-15,india,Major procurement of wheat to start from March 25 with MP,Wheat,0.06896328181028366,0.9197490215301514,0.011287720873951912,neutral,False
2023-03-15,india,High temperatures in February won't affect wheat adversely; says government,Wheat,0.13159535825252533,0.8261786103248596,0.042225975543260574,neutral,False
2023-03-17,city.pune,Maharashtra: Stormy weather till tomorrow may ruin grape; wheat & jowar harvest,Wheat,0.013705257326364517,0.12049269676208496,0.8658020496368408,negative,False
2023-03-27,city.bhopal,85 centres set up for wheat procurement,Wheat,0.10953991860151291,0.8711494207382202,0.01931062713265419,neutral,False
2023-03-29,city.bhopal,Wheat procurement suspended till March 31,Wheat,0.014351577498018742,0.35839858651161194,0.6272497773170471,negative,False
2023-04-03,city.dehradun,Heavy rainfall; strong winds 'damage over 50% wheat crop' in US Nagar,Wheat,0.013639600947499275,0.022781338542699814,0.9635790586471558,negative,False
2023-04-04,india,Rains hit wheat crop; but record output likely: Govt,Wheat,0.5311455130577087,0.17614783346652985,0.2927066385746002,positive,False
2023-04-05,city.bhopal,Wheat affected by rain will also be purchased: Shivraj Singh Chouhan,Wheat,0.031751133501529694,0.9305089712142944,0.037739939987659454,neutral,False
2023-04-07,city.dehradun,A third of wheat crop ruined by unseasonal rains in Udham Singh Nagar: Data,Wheat,0.012709809467196465,0.058281805366277695,0.929008424282074,negative,False
2023-04-08,india,Unseasonal rain won't impact wheat output much: Official,Wheat,0.03489605709910393,0.8032066226005554,0.16189731657505035,neutral,False
2023-04-10,city.bhopal,Farmers turned away from wheat procurements centres: Cong MLA,Wheat,0.22765347361564636,0.3323094844818115,0.44003698229789734,negative,False
2023-04-12,city.gurgaon,Relief for rain-hit farmers; Haryana govt relaxes wheat procurement rules,Wheat,0.4521368145942688,0.1529427468776703,0.39492037892341614,positive,False
2023-04-12,city.faridabad,Relief for rain-hit farmers; Haryana govt relaxes wheat procurement rules,Wheat,0.4521368145942688,0.1529427468776703,0.39492037892341614,positive,False
2023-04-13,city.lucknow,Wheat MSP fixed at Rs 2;125 per quintal in UP,Wheat,0.03920713812112808,0.8951966166496277,0.06559627503156662,neutral,False
2023-04-23,city.chandigarh,Grain market full; Rohtak village farmers lay down wheat at cremation ground,Wheat,0.05368310585618019,0.5789551138877869,0.36736178398132324,neutral,False
2023-04-24,city.bhopal,Row over 'poor' quality of wheat procured in Mandla,Wheat,0.009312212467193604,0.02639155648648739,0.964296281337738,negative,False
2023-04-26,india,Wheat procurement up by 25%; may surpass last year's figure by weekend,Wheat,0.9538252353668213,0.027058668434619904,0.01911601610481739,positive,False
2023-04-28,city.chennai,Centre has cut kerosene; wheat allocation for TN: Minister,Wheat,0.030793743208050728,0.12319840490818024,0.8460078835487366,negative,False
2023-04-30,india,Govt to sell buffer wheat stock every quarter to control price,Wheat,0.05253014713525772,0.9105674624443054,0.036902397871017456,neutral,False
2023-04-30,business.india-business,Govt to sell buffer wheat stock every quarter to control price,Wheat,0.05253014713525772,0.9105674624443054,0.036902397871017456,neutral,False
2023-05-02,city.bhopal,Untimely rain damage 6;000 MT of wheat in Madhya Pradesh,Wheat,0.009861224330961704,0.03192153200507164,0.958217203617096,negative,False
2023-05-03,city.chandigarh,Lakhs of metric tonnes of wheat in mandis got wet due to government negligence; says former Haryana CM Bhupinder Singh Hooda,Wheat,0.021806873381137848,0.034858398139476776,0.9433347582817078,negative,False
2023-05-06,business.india-business,Govt looking at all options; including stock limit to check wheat & atta prices,Wheat,0.03634880483150482,0.9408692717552185,0.022781964391469955,neutral,False
2023-05-24,city.bhopal,Warehouse owner; staff booked for 'fake' wheat procurement,Wheat,0.009450271725654602,0.06974935531616211,0.9208004474639893,negative,False
2023-05-24,india,Govt to have 90L tonne surplus wheat stock for market intervention,Wheat,0.15531890094280243,0.827280580997467,0.017400488257408142,neutral,False
2023-06-13,india,Govt imposes stock limits on wheat for first time in 15 years,Wheat,0.029691290110349655,0.2253352403640747,0.7449734210968018,negative,False
2023-06-24,india,Govt hints at wheat import duty cut to rein in prices,Wheat,0.34103354811668396,0.11448953300714493,0.5444769263267517,negative,False
2023-06-28,city.mumbai,Wheat eating into jowar farming; trend ill-suited to rising heat; says study,Wheat,0.055232588201761246,0.48313647508621216,0.4616309106349945,neutral,False
2013-11-26,city.nagpur,Traders buying soybean cheap; make ryots sign papers,Soyabean,0.08747343719005585,0.8797240853309631,0.03280245512723923,neutral,False
2015-03-08,life-style.health-fitness.health-news,Genetically modified soybean oil equally unhealthy,Soyabean,0.029023772105574608,0.4008387625217438,0.5701374411582947,negative,False
2015-05-28,city.pune,FDA seizes stock of adulterated soybean; sunflower oil,Soyabean,0.018795816227793694,0.09169285744428635,0.8895113468170166,negative,False
2015-08-12,city.nagpur,Two soyabean oil factories shut shop in region,Soyabean,0.010716600343585014,0.041090741753578186,0.9481927156448364,negative,False
2015-10-22,city.pune,Illegal stock of edible oil; soybean seized,Soyabean,0.025034183636307716,0.42259037494659424,0.5523753762245178,negative,False
2015-11-23,city.nagpur,Stock limits also hit soyabean farmers,Soyabean,0.015777798369526863,0.031185753643512726,0.9530364871025085,negative,False
2016-03-26,life-style.food.recipes,Recipe: Soyabean Biriyani,Soyabean,0.03256214037537575,0.9397122263908386,0.027725687250494957,neutral,False
2016-04-16,city.indore,Soybean exports take a hit,Soyabean,0.5954543352127075,0.06402140855789185,0.34052419662475586,positive,False
2016-06-04,city.nagpur,Marginal hike in cotton; soyabean support price,Soyabean,0.9337712526321411,0.028117412701249123,0.038111329078674316,positive,False
2016-08-22,city.nagpur,Dry spell in August likely to badly affect soyabean yield,Soyabean,0.00999058224260807,0.0288208220154047,0.961188554763794,negative,False
2016-09-16,city.indore,SOPA team set to meet international players for soybean export,Soyabean,0.5966061353683472,0.39293286204338074,0.010460956022143364,positive,False
2016-10-08,city.indore,Soybean output may rise by 60 %,Soyabean,0.9322790503501892,0.055922605097293854,0.011798324063420296,positive,False
2016-10-21,city.nagpur,Vidisha farmers in trouble again as soyabean rates dip,Soyabean,0.030276309698820114,0.0244770385324955,0.9452465772628784,negative,False
2017-04-15,city.indore,Soybean exports to fall for 2nd month in a row,Soyabean,0.009223473258316517,0.01886826567351818,0.9719083309173584,negative,False
2017-04-22,life-style.food,Recipe: Soyabean Biryani,Soyabean,0.034130994230508804,0.9374099373817444,0.02845907397568226,neutral,False
2017-10-14,business.india-business,Groundnut; soyabean oils rises in mixed trend,Soyabean,0.9097830057144165,0.04236894100904465,0.04784800857305527,positive,False
2017-11-08,city.nagpur,GM soyabean being cultivated illegally in Guj: Farmer group,Soyabean,0.023346759378910065,0.8386556506156921,0.13799752295017242,neutral,False
2017-11-13,city.mumbai,Farmer's suicide bid brings to light soybean growers' woes,Soyabean,0.08321311324834824,0.17730164527893066,0.7394852042198181,negative,False
2018-03-31,business.india-business,Palmolein; soyabean oils slide on muted demand,Soyabean,0.026798201724886894,0.012506617233157158,0.960695207118988,negative,False
2018-09-01,city.nagpur,MSP row: Traders stop purchase of crops but buy soyabean,Soyabean,0.015882130712270737,0.16171205043792725,0.8224057555198669,negative,False
2018-09-18,city.indore,Govt to inspect soybean plants to ensure quality,Soyabean,0.06368198990821838,0.9123051166534424,0.02401295118033886,neutral,False
2018-09-21,business.india-business,India's rapeseed; soybean farmers can reap benefits from US-China trade war,Soyabean,0.8776017427444458,0.11276562511920929,0.009632614441215992,positive,False
2018-10-07,city.indore,India's soyabean meal exports to touch 25 lakh tonne,Soyabean,0.8093116879463196,0.16599667072296143,0.024691633880138397,positive,False
2018-10-21,city.nagpur,Katol farmers demand hike in price for soyabean,Soyabean,0.0719565749168396,0.1148022711277008,0.813241183757782,negative,True
2019-08-20,life-style.food-news,Amazing health benefits of soyabean,Soyabean,0.5038872957229614,0.483863890171051,0.012248747982084751,positive,False
2019-08-21,city.indore,Less soyabean flowering raises worries of reduced output this yr,Soyabean,0.021513065323233604,0.015906235203146935,0.9625807404518127,negative,False
2019-09-02,city.indore,Madhya Pradesh to see 5% jump in soyabean yield,Soyabean,0.9305171370506287,0.04866614565253258,0.020816799253225327,positive,False
2020-01-14,city.indore,Export of soyabean derivatives takes a hit due to skeletal supplies,Soyabean,0.023210635408759117,0.025188053026795387,0.9516012668609619,negative,False
2020-06-08,city.nagpur,Farmers cut down on cotton area; go for soyabean instead,Soyabean,0.10947032272815704,0.8423058390617371,0.04822381213307381,neutral,False
2020-06-13,city.nagpur,Farmers' outfit flouts law again; brings HT soyabean seeds,Soyabean,0.2014879435300827,0.32167482376098633,0.4768372178077698,negative,False
2020-06-26,city.nagpur,Soyabean crisis in Vid too; over 1k farmers received 'defective' seeds,Soyabean,0.012747115455567837,0.021020587533712387,0.9662322402000427,negative,False
2020-06-30,city.aurangabad,Farmers wary of failed soybean seed panchanamas,Soyabean,0.044290609657764435,0.3052949607372284,0.6504145264625549,negative,False
2020-07-03,city.nagpur,Soyabean seed failure complaints rise 6-fold in a week,Soyabean,0.8840867877006531,0.039685916155576706,0.07622722536325455,positive,False
2020-07-09,city.kolhapur,Drive against bogus soyabean seeds,Soyabean,0.05706540122628212,0.8730242252349854,0.06991034001111984,neutral,False
2020-07-29,city.kolhapur,Monsoon lull halts rice plantation; shadow over ragi; soybean crops,Soyabean,0.012271965853869915,0.08313295990228653,0.9045950770378113,negative,False
2020-09-01,city.indore,IISR estimates over 15% damage to soyabean crop in Madhya Pradesh,Soyabean,0.011028152890503407,0.03007781319320202,0.9588940143585205,negative,False
2020-09-24,city.nagpur,Soyabean crop damaged; growers seek Rs 50k aid,Soyabean,0.012019132263958454,0.023503145202994347,0.9644777774810791,negative,False
2020-10-29,city.nagpur,Sanghatana leader sets soyabean crop afire,Soyabean,0.18446876108646393,0.7480079531669617,0.06752324104309082,neutral,False
2021-03-17,city.aurangabad,For first time; Indian Railways transports Soybean;Parbhani bags honour,Soyabean,0.16278208792209625,0.8279598951339722,0.009258031845092773,neutral,False
2021-04-26,city.visakhapatnam,Andhra Pradesh: Call for duty-free soybean import,Soyabean,0.24965210258960724,0.7285892367362976,0.0217586699873209,neutral,False
2021-05-05,city.kolhapur,Farmers keep 13;000 quintal of soybean seeds ready,Soyabean,0.026154017075896263,0.941650390625,0.03219560906291008,neutral,False
2021-05-22,city.nagpur,High soyabean seed cost follows last year's low crop,Soyabean,0.28954094648361206,0.04192862659692764,0.6685304641723633,negative,False
2021-06-02,city.kolhapur,Soybean seed prices double ahead of sowing,Soyabean,0.4660865366458893,0.0988050326704979,0.4351084232330322,positive,False
2021-07-15,city.aurangabad,In Marathwada; soyabean gains over cotton,Soyabean,0.9359380602836609,0.03066450171172619,0.033397480845451355,positive,False
2021-08-02,city.nagpur,Soyabean prices at record high; but after most farmers emptied stock,Soyabean,0.437412291765213,0.09692031145095825,0.46566739678382874,negative,False
2021-08-14,city.rajkot,Three held for robbing soybean oil tanker,Soyabean,0.04455045610666275,0.14305853843688965,0.8123910427093506,negative,False
2021-09-23,city.nagpur,Soyabean rates crash in two days; farmers' hopes shaken,Soyabean,0.11636209487915039,0.24562376737594604,0.6380141973495483,negative,False
2021-10-24,city.nagpur,Nitin Gadkari for sugarcane cultivation in Vidarbha over cotton & soyabean,Soyabean,0.10252446681261063,0.8844200968742371,0.01305537112057209,neutral,False
2022-01-11,city.indore,Soybean meal export takes a hit,Soyabean,0.4808257520198822,0.09834367781877518,0.4208306074142456,positive,False
2022-01-20,city.indore,Soybean exporters seek transport subsidy,Soyabean,0.10855917632579803,0.8695080280303955,0.021932801231741905,neutral,False
2022-01-30,city.rajkot,120kg fake milk solids made with soybean; starch seized,Soyabean,0.04045339673757553,0.9389018416404724,0.020644811913371086,neutral,False
2022-02-04,city.nagpur,Soyabean farmer wins Rs15L in gaming app; hacker takes it all; cops recover it,Soyabean,0.8886937499046326,0.08775807172060013,0.02354811131954193,positive,False
2022-02-14,city.indore,Soyabean exports dip as arrivals reduce by 25%,Soyabean,0.008541499264538288,0.017061492428183556,0.9743970036506653,negative,False
2022-03-13,city.indore,Soyabean meal output up; but export slips,Soyabean,0.9486634731292725,0.024686595425009727,0.02664993330836296,positive,False
2022-03-26,city.indore,Soyabean research institute to collaborate with IIT-I to improve yield,Soyabean,0.896012008190155,0.0950898677110672,0.008898100815713406,positive,False
2022-04-14,city.indore,Over 80% dip in export of high-priced soyabean meal,Soyabean,0.8511260151863098,0.06067226827144623,0.08820170164108276,positive,False
2022-05-06,city.indore,Increasing soyabean productivity will make Madhya Pradesh prosperous; says Gadkari,Soyabean,0.9441441297531128,0.041067078709602356,0.014788834378123283,positive,False
2022-05-10,city.nashik,State to focus on increasing cotton; soybean production,Soyabean,0.74400794506073,0.23665982484817505,0.019332215189933777,positive,False
2022-05-12,city.indore,Soyabean meal exports fall to 6-month low due to high prices,Soyabean,0.008755163289606571,0.01854199916124344,0.9727027416229248,negative,False
2022-05-19,city.indore,New soyabean varieties developed for cultivation,Soyabean,0.21340258419513702,0.7764829993247986,0.010114443488419056,neutral,False
2022-06-16,city.indore,Soyabean acreage may shrink as farmers switch to cotton,Soyabean,0.016323568299412727,0.03431101515889168,0.9493654370307922,negative,False
2022-07-25,city.kolhapur,Kolhapur: Soyabean crops in Shirol may be infected by yellow mosaic,Soyabean,0.022159947082400322,0.13601107895374298,0.8418290019035339,negative,False
2022-10-09,city.indore,Madhya Pradesh: Soyabean crop damage due to excess rain may hit quality,Soyabean,0.011094222776591778,0.029834963381290436,0.9590708613395691,negative,False
2022-10-09,city.jaipur,Heavy damage to paddy; soybean & maize in Hadauti,Soyabean,0.031219370663166046,0.09225764870643616,0.8765230774879456,negative,False
2023-01-16,city.indore,Soyabean meal exports from Madhya Pradesh up 64% than a year ago,Soyabean,0.9499982595443726,0.02718476392328739,0.022817041724920273,positive,False
2023-03-20,city.indore,Soyabean exports up by 50% in Feb,Soyabean,0.9520439505577087,0.026034744456410408,0.021921247243881226,positive,False
2023-04-16,city.indore,Country's soybean output rises 4% in kharif 2022,Soyabean,0.9420168995857239,0.03573602810502052,0.022247113287448883,positive,False
2023-05-07,business.india-business,Prices of imported soybean; sunflower oils fall by 46-57%,Soyabean,0.010902204550802708,0.023708675056695938,0.9653891324996948,negative,False
2023-06-19,city.indore,IISR develops 3 soyabean varieties,Soyabean,0.16781292855739594,0.82375168800354,0.008435404859483242,neutral,False
