publish_date,headline_category,headline_text,commodity
2013-07-03,tv.news.hindi,Shah Rukh Khan wins onion cutting competition,Onion
2013-07-05,city.nashik,Onion prices shoot up by 52% in a month,Onion
2013-07-10,city.nashik,Wholesale onion prices up by 15% in five days; cross Rs 2;000 a quintal mark,Onion
2013-07-14,city.pune,Onion prices likely to go up to 30 per kg,Onion
2013-07-15,business.india-business,Inflation rises to 4.86% in June; onion prices shoot up by 114%,Onion
2013-07-17,city.ludhiana,Rising onion prices bring tears to residents eyes,Onion
2013-07-18,city.goa,Now; onion prices can also make you cry,Onion
2013-07-19,city.nashik,Lasalgaon onion market to be shut for four days,Onion
2013-07-19,city.delhi,Onion getting costlier by the day,Onion
2013-07-23,city.pune,Tomato; onion prices stay on the higher side,Onion
2013-07-24,city.nashik,Onion prices decline marginally,Onion
2013-07-24,business.india-business,Sharad Pawar not in favour of onion export ban,Onion
2013-07-24,city.ahmedabad,Onion prices rise once more,Onion
2013-07-27,city.hyderabad,Onion prices likely to shoot further,Onion
2013-07-27,city.visakhapatnam,Onion prices bring tears to people of Visakhapatnam,Onion
2013-08-06,city.nashik,Onion prices rise by over 32% in a week,Onion
2013-08-07,city.nashik,Dry spell may lead to increase in onion supply,Onion
2013-08-07,city.patna,At Rs 38/kg; onion brings tears; literally,Onion
2013-08-08,city.nashik,Wholesale prices of onion fall marginally at Agriculture Produce Market Committees,Onion
2013-08-08,city.bhubaneswar,Onion price soars in Bhubaneswar,Onion
2013-08-09,city.nashik,Onion prices soar; touch new high,Onion
2013-08-11,city.goa,Onion prices make buyers cry again,Onion
2013-08-11,city.mumbai,Onion prices hit record high of 50 per kg,Onion
2013-08-11,city.delhi,Onion prices soars to Rs 60 per kg in Delhi's retail market,Onion
2013-08-12,city.delhi,Onion touches Rs 60/kg,Onion
2013-08-13,city.ahmedabad,Onion consumption in city drops by 30-40%,Onion
2013-08-13,city.ahmedabad,Onion prices become pungent,Onion
2013-08-13,city.bhubaneswar,Onion price skyrockets,Onion
2013-08-13,city.lucknow,Short supply from Maharashtra; onion at Rs 60 per kg,Onion
2013-08-13,city.pune,At Rs 70/kg; onion prices soar to 3-year high in Pune,Onion
2013-08-13,city.mangaluru,Onion; green chilly prices head north,Onion
2013-08-13,city.delhi,Onion prices soar; selling at up to Rs 80/kg,Onion
2013-08-13,city.nashik,Wholesale onion prices soar to all-time high in Lasalgaon,Onion
2013-08-13,city.mumbai,Onion prices shoot up to Rs 60 per kg,Onion
2013-08-14,city.mumbai,Maharashtra blames farmers for onion tears,Onion
2013-08-14,city.patna,Skyrocketing onion prices bring tears; literally!,Onion
2013-08-14,city.delhi,CM seeks cut in onion export,Onion
2013-08-14,city.kolkata,Onion may touch Rs 100/kg by Durga Puja in Kolkata,Onion
2013-08-14,city.bhubaneswar,Teary eyes over onion price,Onion
2013-08-14,city.chandigarh,Weep away as onion prices hit Rs 60 mark,Onion
2013-08-14,city.jaipur,Vegetable prices too soar after onion,Onion
2013-08-14,city.ranchi,Radish replaces expensive onion on hotel platters,Onion
2013-08-15,city.nashik,Onion prices stabilise at Lasalgaon,Onion
2013-08-15,city.mumbai,Onion rates stabilize for first time in a week,Onion
2013-08-15,city.bhubaneswar,Suspend export of onion: CM,Onion
2013-08-15,city.allahabad,BJP protests against onion prices,Onion
2013-08-15,city.pune,Onion price hovers around 80/kg; brace to pay more,Onion
2013-08-15,city.varanasi,Encourage Vindhya farmers to grow kharif onion: Scientist,Onion
2013-08-16,city.delhi,Pricey onion cut down to size,Onion
2013-08-17,city.pune,Onion supply dips further; price to go up,Onion
2013-08-17,city.mumbai,Onion defies pricing logic; scales Rs 80 in slum pockets but stays at Rs 60 elsewhere,Onion
2013-08-17,india,Hoarding pushing onion prices up; govt finds,Onion
2013-08-17,city.delhi,Onion price chopped to Rs 50 in Delhi,Onion
2013-08-18,city.nashik,Onion auction on in Lasalgaon during weekend; prices drop marginally,Onion
2013-08-19,city.kolkata,Our onion sells cheap in Bangla,Onion
2013-08-19,india,Can't predict when onion prices will ease; Sharad Pawar says,Onion
2013-08-20,city.hyderabad,Onion prices to drop with supply boost,Onion
2013-08-20,india,Sheila hits back; slams rivals for onion 'gimmick',Onion
2013-08-20,city.mysuru,Rising onion price makes hoteliers cry in Mysore,Onion
2013-08-20,city.nashik,Onion prices fall 20 at Lasalgaon,Onion
2013-08-20,city.pune,Small eateries charge for extra onion in Pune,Onion
2013-08-20,city.jaipur,Robbers escape with truck carrying onion; recovered after 2 hours,Onion
2013-08-20,city.jaipur,Onion to be sold for Rs 35 from cooperative stores,Onion
2013-08-20,business.india-business,Onion prices show signs of cooling,Onion
2013-08-20,india,Lok Sabha adjourned thrice on onion price; Telangana; coalgate,Onion
2013-08-21,city.ludhiana,Netizens' take on 'exotic' onion,Onion
2013-08-21,city.chandigarh,Onion story not that much of a tearjerker,Onion
2013-08-22,city.hyderabad,Onion touches Rs 80 in Vizag,Onion
2013-08-22,city.jaipur,Soaring onion prices bring tears to cultivators,Onion
2013-08-22,city.jaipur,As onion prices soar; kachoris become bitter,Onion
2013-08-22,city.ludhiana,Onion story not that much of a tearjerker,Onion
2013-08-22,city.visakhapatnam,Onion price touches Rs 80 in parts of Visakhapatnam,Onion
2013-08-23,city.goa,Tears of joy as onion prices drop,Onion
2013-08-23,city.delhi,Government to sell onion at Rs 40 onions,Onion
2013-08-23,city.nashik,Marginal decline in onion prices at Lasalgaon Agriculture Produce Market Committee,Onion
2013-08-23,city.nashik,Onion import decision wrong: Experts,Onion
2013-08-23,city.nashik,Fire destroys 300 quintals of onion gutted,Onion
2013-08-24,india,Onion traders made Rs 150 crore in four days,Onion
2013-08-25,india,States ignored Nafed's June offer to book onion stocks,Onion
2013-08-25,city.jaipur,Robbers escape with truck carrying onion in Nagaur,Onion
2013-08-26,city.nagpur,Arrivals from Andhra ease onion rates,Onion
2013-08-26,city.aurangabad,As onion prices rise hotels switch to cucumber carrot for complimentary items,Onion
2013-08-28,city.patna,Stopped eating onion? Doctors advise otherwise,Onion
2013-08-28,city.delhi,BJP's onion attack in House fails to rattle govt,Onion
2013-08-28,city.mumbai,Onion festoons at dahi handi to focus on inflation,Onion
2013-08-29,city.nashik,Largest onion market halts auction,Onion
2013-08-30,business.india-business,Onion auction resumes in Lasalgaon,Onion
2013-08-30,city.delhi,HC directs govt to check onion price,Onion
2013-09-01,city.kanpur,District magistrates ordered to to check onion price hike,Onion
2013-09-03,city.pune,Onion prices likely to drop in two weeks,Onion
2013-09-06,city.nagpur,Onion selling at Rs 60 per kg in retail markets,Onion
2013-09-08,city.mumbai,Onion prices to stay high till Sept end,Onion
2013-09-08,city.nashik,Govt's stand on onion's status helps hoarding,Onion
2013-09-11,city.nashik,Onion prices stay at Rs 4;300 per quintal,Onion
2013-09-12,city.nashik,Onion prices continue to rise at Lasalgaon,Onion
2013-09-14,city.nashik,Onion prices hit all-time high at Lasalgaon,Onion
2013-09-17,business.india-business,Onion prices soar to Rs 5;300 a quintal in Lasalgaon,Onion
2013-09-17,city.pune,Onion prices hover around Rs 70 per kg,Onion
2013-09-18,city.delhi,Crop shortage pulls onion to Rs 80/kg,Onion
2013-09-18,india,Onion price rise may be due to hoarding: Centre,Onion
2013-09-18,city.mumbai,Sharad Pawar's speculation leads to onion price increase yet again,Onion
2013-09-18,city.madurai,Spiralling onion prices take the fizz off in eateries,Onion
2013-09-18,city.ludhiana,Onion price story again a tearjerker,Onion
2013-09-19,business.india-business,90% of onion stocks over; hoarders could look to make a killing,Onion
2013-09-20,city.indore,Onion prices leave households teary-eyed,Onion
2013-09-20,city.ahmedabad,High prices cut onion use by 40%,Onion
2013-09-20,business.india-business,Centre's advisory to states on onion prices falling on deaf ears,Onion
2013-09-20,city.kolhapur,Delay in arrival of fresh stocks to market likely to keep onion prices high,Onion
2013-09-20,city.bhopal,Madhya Pradesh govt refuses to take blame for spiralling onion prices,Onion
2013-09-20,business.india-business,Onion price stays high despite wholesale dip,Onion
2013-09-21,city.delhi,Maharashtra to bail Delhi out of onion chaos,Onion
2013-09-21,business.india-business,Wholesale onion prices drop in Lasalgaon,Onion
2013-09-21,city.mumbai,Maharashtra denies onion hoarding by farmers; sniffs retail cartel,Onion
2013-09-21,city.mumbai,Pricier oil; eggs; milk add to common man's onion tears,Onion
2013-09-21,city.ludhiana,Expect onion back on palette in Oct,Onion
2013-09-21,city.hubballi,Angry onion growers block highway over price crash,Onion
2013-09-21,city.indore,Lack of storage encourages onion black-marketing: Minister,Onion
2013-09-22,india,Pakistani traders profit from India's onion crisis as Maharashtra blames retailers,Onion
2013-09-22,city.hyderabad,Rains to send onion prices soaring,Onion
2013-09-22,business.india-business,Competition Commission of India seeks information from state governments as onion prices soar,Onion
2013-09-23,city.jaipur,Onion price set to skyrocket; wholesalers expect dip only in November,Onion
2013-09-23,india,Do prices of onion and tomato have nothing to do with government?,Onion
2013-09-24,city.madurai,History-sheeter done to death in onion market,Onion
2013-09-25,city.pune,Onion supply up; prices set to fall,Onion
2013-09-27,city.nashik,Average onion rates up 11% at Lasalgaon,Onion
2013-09-28,business.india-business,Onion prices decline 7.69% in Lasalgaon APMC,Onion
2013-09-29,city.ahmedabad,Rains hit onion crop; hold up new arrivals,Onion
2013-09-29,city.jaipur,Onion price set to skyrocket; wholesalers expect dip only in November,Onion
2013-10-01,city.nashik,Kharif crop fails to rein in onion prices,Onion
2013-10-01,unknown,ET: Why onion prices will singe consumers again,Onion
2013-10-02,city.nashik,Onion prices decline by 12.94%,Onion
2013-10-04,city.nashik,Onion prices up by 7.5%,Onion
2013-10-05,city.nashik,Nabard starts pilot project for better onion crop; storage; sale,Onion
2013-10-09,city.nashik,Onion prices see sharp jump of 12% at Lasalgaon,Onion
2013-10-10,city.nashik,Onion prices up with decline in arrival of crop,Onion
2013-10-10,city.rajkot,Onion prices to remain high,Onion
2013-10-11,city.nashik,Onion prices dip over 4%,Onion
2013-10-15,city.mumbai,Wholesale onion prices up 19 over 1 working day,Onion
2013-10-15,india,After minor dip; onion prices on the rise again,Onion
2013-10-15,city.nashik,Onion prices soar again at Lasalgaon,Onion
2013-10-15,blogs,Pyaralal Raghavan: How the lowly onion humbled the mighty UPA,Onion
2013-10-16,city.ahmedabad,I-T searches offices of builders; onion trader,Onion
2013-10-16,city.ahmedabad,Thali cost up; onion rates bring tears to eyes,Onion
2013-10-16,city.mumbai,Onion; potato prices on an upward spiral again,Onion
2013-10-18,city.nashik,Onion price rises in Lasalgaon,Onion
2013-10-19,city.lucknow,Onion leads green surge in Lucknow; yet again,Onion
2013-10-19,city.nashik,Onion prices hit all-time high at Lasalgaon,Onion
2013-10-19,business.india-business,Onion prices hit all-time high at Lasalgaon,Onion
2013-10-21,city.bhopal,Political parties are silent over over rising onion prices,Onion
2013-10-22,city.nashik,Fresh crop in; onion prices drop at Lasalgaon,Onion
2013-10-22,city.guwahati,Onion prices continue to bring tears to people's eyes,Onion
2013-10-22,city.delhi,Delhi: Onion prices touch Rs 90 per kg; may hit Rs 100 soon,Onion
2013-10-22,business.india-business,Delhi: Onion prices touch Rs 90 per kg; may hit Rs 100 soon,Onion
2013-10-23,city.delhi,Onion prices to dip next week: CM,Onion
2013-10-23,city.jaipur,Onion prices bring tears ahead of festive season,Onion
2013-10-23,city.patna,Onion costlier than petrol; sells at Rs100/kg,Onion
2013-10-23,city.nashik,Onion mapping to enter 4th year,Onion
2013-10-23,india,Panic grips Union govt as onion price hits Rs 100 a kg,Onion
2013-10-23,city.pune,Onion prices likely to fall after Diwali,Onion
2013-10-23,city.chandigarh,Onion prices skyrocket to Rs 90 per kg,Onion
2013-10-24,india,Onion crisis to last 2-3 weeks: Pawar,Onion
2013-10-24,city.lucknow,Govt to blame for high onion prices: BJP,Onion
2013-10-24,city.lucknow,Onion consumption drops 60% in Lucknow,Onion
2013-10-24,india,Rush for onion cultivation in Kullu,Onion
2013-10-24,city.mumbai,Onion at Rs 80; Pawar says no pre-Diwali relief,Onion
2013-10-24,india,Monopoly of wholesale traders behind onion price rise; govt officials say,Onion
2013-10-24,city.delhi,Sheila Dikshit promises drop in onion price today,Onion
2013-10-24,city.delhi,Crop loss or hoarding Peeling onion crisis not easy,Onion
2013-10-24,city.chennai,Onion prices drop in Tamil Nadu but northern states weep,Onion
2013-10-24,city.ranchi,Vegetable prices compete with onion,Onion
2013-10-24,city.goa,Onion prices again touch Rs 70/kg in Goa,Onion
2013-10-24,city.nashik,Wholesale onion prices stabilise at Lasalgaon,Onion
2013-10-24,india,Centre gives Maharashtra Rs 921.98 crore to compensate loss of onion farmers,Onion
2013-10-24,india,Onion shortage temporary; government says,Onion
2013-10-25,city.bengaluru,Cold storages for onion; chillies in the offing,Onion
2013-10-25,india,Jharkhand BJP leaders apply for 'Onion Loan',Onion
2013-10-25,city.ahmedabad,Now; CCTVs work as 24x7 onion guards!,Onion
2013-10-25,city.nashik,Delhi team in Nashik to assess onion prices,Onion
2013-10-25,city.mumbai,New onion supplies arrive in Mumbai; but price still at Rs 60-65,Onion
2013-10-25,city.nashik,Onion prices continue to decline at Lasalgaon,Onion
2013-10-25,unknown,Onion Crisis: Best Substitutes for Onions,Onion
2013-10-25,city.kanpur,27 trucks of onion arrive from Maharashtra,Onion
2013-10-25,india,Onion prices to come down in next 10 days; food minister says,Onion
2013-10-26,city.kolkata,Potato goes the onion way; govt freezes price,Onion
2013-10-26,india,Onion crisis will be over in 10 days: Tariq Anwar,Onion
2013-10-26,city.mumbai,Maharashtra CM charts onion solution for Delhi; forgets Mumbai,Onion
2013-10-26,city.thiruvananthapuram,No tears: Onion now their pet hate,Onion
2013-10-27,city.delhi,Onion prices tamed but meat turns dear,Onion
2013-10-27,city.delhi,CM speaks out on onion issue to take edge off the pinch,Onion
2013-10-27,city.mumbai,Price of tomato rises in tandem with onion,Onion
2013-10-27,city.nashik,Jittery over onion crisis; Delhi govt turns to Nashik in election run-up,Onion
2013-10-27,city.kochi,Eateries return to 'nadan' style as onion prices soar,Onion
2013-10-28,city.ahmedabad,Tomato joins onion in price race; gravy in trouble,Onion
2013-10-29,city.ahmedabad,Wholesale onion prices fall by Rs 15 to touch Rs 50 per kg,Onion
2013-10-30,city.nashik,Onion markets heading for a glut,Onion
2013-11-01,city.nashik,Lasalgaon onion rates dip further,Onion
2013-11-01,city.noida,Onion costs less; potato and tomato prices go up,Onion
2013-11-01,city.nagpur,After onion; now potato turns pricey,Onion
2013-11-01,city.varanasi,Cops bust inter-state gang of onion looters,Onion
2013-11-02,city.ranchi,After onion; potato prices on festive rally,Onion
2013-11-02,india,Gang loots onion truck; kills driver and cleaner in UP,Onion
2013-11-02,city.lucknow,Gang loots onion truck; kills driver; cleaner,Onion
2013-11-02,city.nashik,Absence of labourers and supply halts onion auction at Lasalgaon,Onion
2013-11-02,india,Congress blames Modi for rise in onion prices,Onion
2013-11-02,city.bhubaneswar,Onion stir: 8 BJP men held,Onion
2013-11-03,city.jaipur,After onion; tomato prices hit the roof,Onion
2013-11-04,city.hubballi,Onion growers block roads over low prices,Onion
2013-11-06,city.delhi,Diwali pushes onion; tomato up to Rs 80/kg again in Delhi,Onion
2013-11-08,home.science,This onion won't make you cry,Onion
2013-11-09,india,Onion prices up 21.95% at Lasalgaon; supply still low,Onion
2013-11-09,city.kolhapur,After onion; potato prices skyrocket with falling supplies,Onion
2013-11-10,city.nashik,Onion prices rise by Rs 15/kg within a week,Onion
2013-11-10,city.kolkata,Bengal-bound fish; onion cargoes blocked in Odisha,Onion
2013-11-12,city.nashik,Fresh arrival sees onion prices drop to Rs 50 per kg,Onion
2013-11-13,india,No let-up in prices of onion; potato; tomato,Onion
2013-11-14,city.pune,Onion prices continue to drop,Onion
2013-11-15,business.india-business,Onion prices up 278%; tomato 122% in one year,Onion
2013-11-21,city.nashik,Onion trader duped of Rs 10 lakh,Onion
2013-11-21,city.nashik,Onion prices go up 10.7% at Lasalgaon,Onion
2013-11-23,city.nashik,Onion prices fall 19.35% at Lasalgaon,Onion
2013-11-23,business.india-business,Onion price-rise: Food programmes on TV dish out recipes for inflation-stung middle class viewers,Onion
2013-11-23,city.guwahati,Onion still costs 60 per kg in city markets,Onion
2013-11-25,city.aurangabad,Price stable; now it's onion quality that's troubling,Onion
2013-11-26,city.nashik,Onion price falls to season's lowest at Lasalgaon,Onion
2013-11-29,city.nashik,Wholesale onion prices steady at Lasalgaon,Onion
2013-12-03,india,Massive fall in onion prices expected in January,Onion
2013-12-03,city.delhi,Onion; potato prices in Delhi go down,Onion
2013-12-03,assembly-elections-2013.delhi-assembly-elections,Onion; potato prices in Delhi go down,Onion
2013-12-04,city.nashik,Onion prices fall 68% in a month to 1;600/quintal,Onion
2013-12-06,city.nashik,Onion prices may fall to Rs 1;000 per quintal: Expert,Onion
2013-12-06,city.thane,Onion prices down to Rs 20 per kg; tomatoes Rs 22,Onion
2013-12-11,city.nashik,Marginal decline in average wholesale onion price at Lasalgaon,Onion
2013-12-13,city.nashik,Kharif crop brings down onion prices,Onion
2013-12-15,business.india-business,Wholesale onion prices drop to season's lowest at Rs 12 per kg,Onion
2013-12-15,city.navimumbai,Wholesale onion prices slump; but retail remains high,Onion
2013-12-18,city.nashik,Farmers protest over falling onion prices,Onion
2013-12-18,city.nagpur,Govt now rushes to push up onion prices,Onion
2013-12-18,india,Now; onion over-supply leads to crisis,Onion
2013-12-19,city.nashik,Onion prices hit a new six-month low,Onion
2013-12-20,city.ahmedabad,Wholesale onion prices fall to Rs 9/kg,Onion
2013-12-20,business.india-business,Minimum export price for onion fixed at $350 per tonne to boost export,Onion
2013-12-21,city.mumbai,Farmers cry foul as onion prices crash,Onion
2013-12-21,city.nashik,Onion prices up 34% after minimum export prices slash,Onion
2013-12-21,business.india-business,Onion exports decline by 32.4% in current fiscal,Onion
2013-12-22,city.nashik,Onion markets head for glut despite drop in MEP,Onion
2013-12-24,city.nashik,Onion at seven-month low of Rs 950/Q,Onion
2013-12-25,city.nashik,Scrap MEP for onion; says Pawar,Onion
2013-12-27,city.nashik,Respite to farmers as onion price rises by Rs 10,Onion
2013-12-27,business.india-business,Minimum export price for onion likely to be scrapped,Onion
2013-12-28,city.nashik,Minimum export price reduced again; but onion market yet to pick up,Onion
2013-12-31,city.nashik,Farmers rejoice as onion prices rise by 20%,Onion
2014-01-07,city.nashik,Average wholesale onion prices fall to Rs 1;125/q sees slight drop at Lasalgaon,Onion
2014-01-14,city.ahmedabad,Onion; mustard; cumin are flavour of rabi season,Onion
2014-01-21,city.nashik,Onion price drops to 12/kg in retail markets,Onion
2014-01-31,city.nashik,FDA to launch drive to register onion traders,Onion
2014-02-04,city.rajkot,Turning tide of onion prices sinks farmers,Onion
2014-02-05,city.ahmedabad,Bumper crop signs reduce onion farmers to tears,Onion
2014-02-09,business.india-business,Wholesale onion price dips to 5 per kg in Mumbai,Onion
2014-03-06,city.nashik,Removal of MEP will boost onion exports,Onion
2014-03-12,city.nashik,Onion costlier by 18% at Rs 890 per quintal,Onion
2014-03-13,city.nashik,Onion exports decline 26.82% by Feb end,Onion
2014-03-21,business.india-business,Rabi onion production may fall by 20% due to rain; hail,Onion
2014-03-26,city.nashik,Onion prices rise 24% in a week,Onion
2014-03-27,city.pune,Half of onion crop in Nashik district lost,Onion
2014-04-02,india,Onion farmers shed old techniques for high yield,Onion
2014-04-04,city.nashik,Onion auction restarts after a week,Onion
2014-04-18,city.nashik,Onion prices rise by 40% in a week,Onion
2014-04-18,india,Onion prices rise about 40% in a week,Onion
2014-04-20,city.trichy,Onion farmers shift to tapioca farming to evade water scarcity,Onion
2014-04-20,city.bhubaneswar,Onion and potato get dearer due to short supply,Onion
2014-04-27,city.nashik,Marginal dip in Lasalgaon onion price,Onion
2014-04-29,city.navimumbai,Onion truck topples off Turbhe flyover,Onion
2014-05-07,city.nashik,Now; helpline launched for onion growers,Onion
2014-05-08,city.nashik,Onion prices decline on poor quality of arrival,Onion
2014-05-09,city.nashik,Hailstorms and rain leave onion growers jittery,Onion
2014-05-13,city.nashik,Onion touches Rs 1;000/quintal mark in Nashik,Onion
2014-05-22,city.pune,Onion prices go up in wholesale market,Onion
2014-05-28,india,Rising potato; onion and milk prices worry for Modi govt,Onion
2014-06-11,business.india-business,Govt may check onion export to curb price rise,Onion
2014-06-12,city.mumbai,Rise in onion prices adds to summer inflation in Mumbai,Onion
2014-06-12,city.goa,Onion rates bring tears to eyes again,Onion
2014-06-17,business.india-business,Centre asks Maharashtra govt to resolve Nasik onion labourers' issues,Onion
2014-06-17,business.india-business,Govt imposes US$ 300/tonne MEP on onion exports to check price,Onion
2014-06-19,city.trichy,Poor supply pushes up onion prices,Onion
2014-06-19,city.nashik,Onion auction resumes in APMCs,Onion
2014-06-19,business.india-business,Onion prices may hit Rs 100 per kg by October,Onion
2014-06-20,business.india-business,Despite record onion yield; prices shoot up,Onion
2014-06-21,city.delhi,Nafed to procure 300 tonnes of Onion to check prices in Delhi,Onion
2014-06-22,city.chandigarh,Onion prices rise; but stability may return,Onion
2014-06-25,city.mumbai,Don't panic over onion prices yet; says Vashi APMC,Onion
2014-06-30,india,Retail onion prices soar to double of wholesale rates,Onion
2014-07-01,city.chandigarh,Here's how you can beat onion prices,Onion
2014-07-01,india,Rein in onion retailers; states told,Onion
2014-07-02,city.delhi,Onion prices stable; may rise in August,Onion
2014-07-02,blogs,Sanjiv Shankaran: A bogeyman called onion hoarder,Onion
2014-07-03,business.india-business,Food inflation: Of onion tears and potato fears,Onion
2014-07-03,india,Farmers stocking onion expecting delayed harvest,Onion
2014-07-03,india,Onion; potato now essential items; stocks to be capped,Onion
2014-07-04,city.patna,Onion; potato should be sold at milk outlets,Onion
2014-07-04,city.bengaluru,Govt set to act against hoarders as onion prices touch Rs 40 per kg,Onion
2014-07-04,city.chandigarh,Prices of onion; potato surge in Amritsar as buyers panic,Onion
2014-07-04,city.nashik,Onion price drops 7% at Lasalgaon,Onion
2014-07-04,blogs,Pyaralal Raghavan: Imposing Essential Commodities Act is menacing talk that won't reduce onion tears,Onion
2014-07-06,city.nagpur,Onion prices upset eateries this Ramzan,Onion
2014-07-06,city.bhubaneswar,Onion; potato become essential commodities,Onion
2014-07-07,city.delhi,Govt plea 'misread'; onion costs Rs 40,Onion
2014-07-07,budget-2015.politics-budget-2015,Maharashtra onion politics may bring tears to Modi govt's eyes,Onion
2014-07-07,india,Maharashtra onion politics may bring tears to Modi govt's eyes,Onion
2014-07-08,city.ahmedabad,State govt seeks onion stock details from APMCs,Onion
2014-07-08,city.indore,In Indore onion prices double in a week,Onion
2014-07-09,business.india-business,Onion shortage despite the best-ever harvest,Onion
2014-07-10,city.chennai,Onion price drives Chennai mad; worse may be yet to come,Onion
2014-07-11,city.ahmedabad,Onion; potato under EC Act,Onion
2014-07-13,india,Govt to check onion prices with imports,Onion
2014-07-17,city.chennai,Onion prices drop to Rs 30/kg; but tomato hits high at Rs 50,Onion
2014-07-18,city.bengaluru,Onion prices double; tomato prices triple,Onion
2014-07-19,india,Food ministry's plan to ban onion export shot down,Onion
2014-07-20,city.nashik,Pawar opposes onion export ban,Onion
2014-07-23,city.lucknow,After onion; retail prices of tomatoes soar,Onion
2014-07-24,city.bengaluru,No check on hoarders as onion; potato prices rise,Onion
2014-07-26,city.nashik,Avg onion price settles at 1;800 a quintal at Lasalgaon,Onion
2014-07-29,city.nashik,Onion prices drop at Lasalgaon,Onion
2014-08-12,city.nashik,15% drop in onion prices due to poor demand,Onion
2014-08-26,city.ludhiana,Expected onion price rise worries homemakers,Onion
2014-09-07,city.nashik,Demand dip brings onion rates down 11%,Onion
2014-09-08,city.ahmedabad,State tops in onion; potato output,Onion
2014-09-19,city.nashik,Congress readies agri ammo in onion belt,Onion
2014-09-30,city.nashik,Kharif onion crop to arrive next month,Onion
2014-10-04,city.nashik,Kharif onion start reaching Umrane APMC,Onion
2014-10-11,home.specials.assembly-elections-2014.maharashtra-news,Sharad Pawar breathes fire at PM over onion prices,Onion
2014-10-11,india,Sharad Pawar breathes fire at PM over onion prices,Onion
2014-10-17,city.nashik,Average wholesale onion prices drop 10% at Lasalgaon,Onion
2014-10-31,city.nashik,Market opens to 14% rise in onion rates; tomatoes stabilise,Onion
2014-11-09,city.hubballi,Farmers block road after onion price drops to Rs 200,Onion
2014-11-12,city.hubballi,Onion prices fall; farmers block road,Onion
2014-11-16,city.nashik,Poor supply raises onion prices by 9% in a week,Onion
2014-11-20,city.nashik,Traders served notices for halting onion auction,Onion
2014-11-25,city.nashik,Onion auction resumes at Lasalgaon,Onion
2014-11-27,city.nashik,Onion irradiation trial likely from next summer,Onion
2014-12-13,city.guwahati,Assam plans steps to push up onion yield,Onion
2014-12-14,city.nashik,Decline in supply: Average wholesale onion price up 10%,Onion
2014-12-25,city.nashik,Onion prices fall 13% after kharif crop arrival,Onion
2014-12-26,city.nashik,Onion export falls 19.2% in 1st half of fiscal,Onion
2014-12-30,city.nashik,Onion prices drop 4% as supply rises,Onion
2015-01-02,city.nashik,Onion prices fall 8.77% at Lasalgaon,Onion
2015-02-05,life-style.food.recipes,Onion soup for the winters,Onion
2015-02-05,city.nashik,Avg onion price up 15% in a week at Lasalgaon,Onion
2015-02-15,city.nashik,Onion export down in first half of fiscal,Onion
2015-02-17,life-style.health-fitness.diet,How to get rid of bad breath after having onion,Onion
2015-02-17,unknown,DIET: How to get rid of bad breath after having onion,Onion
2015-02-17,city.nashik,Utilise price stability fund to control onion prices,Onion
2015-02-17,city.thiruvananthapuram,Recreating Virgin Mary and Jesus in onion peel collage,Onion
2015-02-26,city.nashik,Supply rises; onion prices drop by 18%,Onion
2015-02-26,city.nashik,Onion traders lobby for wagon freight as per actual weight,Onion
2015-03-09,life-style.health-fitness.health-news,Onion extract lowers high blood sugar; cholesterol,Onion
2015-03-12,city.madurai,Falling small onion prices leave farmers teary-eyed,Onion
2015-03-13,city.nashik,Avg wholesale onion prices at Lasalgaon increase marginally,Onion
2015-03-14,city.nashik,Rain damages crops on 2;414 ha; onion and wheat worst affected,Onion
2015-03-16,india,Govt to stock up on onion; potato to tame price rise,Onion
2015-03-24,city.nashik,Onion prices at Lasalgaon APMC decline 37% in 7 days,Onion
2015-03-29,business.india-business,Onion export declines by 11.44 per cent in first three quarters of 2014-15,Onion
2015-04-10,city.nashik,MEP cut to $250/tonne to boost onion exports,Onion
2015-04-14,city.nashik,Wholesale onion prices decline,Onion
2015-04-23,city.nashik,Onion export declined by 19.20% due to policy decisions; crop delay,Onion
2015-05-07,india,Red onion crop loss reduces Karnataka farmers to tears,Onion
2015-05-07,home.science,Now; muscles created from onion cells,Onion
2015-05-09,city.allahabad,An onion a day; keeps the doctor away,Onion
2015-05-16,india,Average wholesale onion prices up 10%,Onion
2015-05-26,city.nashik,Onion exports drop due to MEP hike; crop delay,Onion
2015-06-05,city.nashik,Onion price jump 24% in a week at Lasalgaon,Onion
2015-06-11,city.nashik,Marginal decline in average wholesale onion prices at Lasalgaon,Onion
2015-06-13,city.nashik,Onion export declines by 20% in 2014-15,Onion
2015-06-14,sports.football.copa-america-2015,Uruguay down Jamaica as 'Onion' strikes in Copa America,Onion
2015-06-27,business.india-business,Govt raises minimum export price of onion by $175,Onion
2015-06-28,city.nashik,Hike in MEP to affect country's onion export,Onion
2015-07-02,india,Cabinet extends onion stock limits for one year to curb prices,Onion
2015-07-06,life-style.food.quick-food,Sunday Special Recipe: Onion paratha,Onion
2015-07-09,city.navimumbai,10 years on; APMC onion-potato market remains 'dangerous',Onion
2015-07-13,city.nashik,Onion auction at Lasalgaon up 32 per cent,Onion
2015-07-15,city.ahmedabad,Onion prices may rise by 10-15%: Assocham,Onion
2015-07-19,city.nashik,Drought-hit farmers hoard onion; prices up 20%,Onion
2015-07-23,business.india-business,Wholesale onion prices up 30% in three days at Nashik,Onion
2015-07-23,city.nashik,Wholesale onion prices up 30% in three days at Nashik,Onion
2015-07-23,city.nashik,Onion prices shoot up 30% in just three days,Onion
2015-07-24,city.goa,State feels the onion pinch,Onion
2015-07-28,city.nashik,2;500 tonnes of onion heads for Delhi market,Onion
2015-07-29,city.nagpur,Onion rates bring tears; potatoes some cheer,Onion
2015-08-01,city.pune,Onion prices rise over short supply,Onion
2015-08-01,city.nashik,NAFED to supply onion to 8 cities to meet shortage,Onion
2015-08-02,city.mumbai,Onion prices continue to sting; despite govt efforts,Onion
2015-08-03,india,Onion prices up; govt to import 10;000 tonne,Onion
2015-08-03,city.nagpur,Onion prices on the rise again,Onion
2015-08-03,city.visakhapatnam,Onion prices touch 50 per kg in city,Onion
2015-08-03,city.ahmedabad,Supply crunch raises onion prices over Rs 60,Onion
2015-08-04,city.chandigarh,Onion prices shoot up,Onion
2015-08-04,city.goa,Onion prices up by 30%,Onion
2015-08-05,delhi,Onion prices Rs 60 per kg; Delhi govt to sell cheaper,Onion
2015-08-07,city.lucknow,Rains; poor supply make onion prices spiral,Onion
2015-08-08,city.nagpur,Onion at Rs 60/kg but traders hope for a dip next week,Onion
2015-08-08,city.goa,High onion rates turn Panaji vendors innovative,Onion
2015-08-08,city.delhi,BJP playing onion politics: AAP,Onion
2015-08-12,city.delhi,Safal corrects onion prices,Onion
2015-08-13,city.delhi,As onion price pinches; govt to cut it down to Rs 30,Onion
2015-08-14,city.nashik,Onion prices hit 22-month high at Lasalgaon,Onion
2015-08-16,entertainment.english.hollywood,Actress eats frogs; worms; but not onion,Onion
2015-08-19,unknown,Why do I smell like onion? Dr Jamuna Pai explains,Onion
2015-08-19,city.nashik,Onion prices triple in a month-and-a-half in Lasalgaon,Onion
2015-08-19,city.nagpur,Onion prices touch Rs 70 mark; set to go higher,Onion
2015-08-19,india,Centre orders onion imports; mulls increase in export price to bring prices under control,Onion
2015-08-21,city.delhi,Onion prices may rise due to supply crunch,Onion
2015-08-21,city.ahmedabad,Rising onion prices in the Ahmedabad leave consumers teary-eyed,Onion
2015-08-21,city.nashik,Onion exports dip 8% at start of fiscal,Onion
2015-08-22,city.mumbai,Feeling the pinch: Onion prices hit Rs 70/kg,Onion
2015-08-22,city.ahmedabad,Onion tale: Supply drops; price soars,Onion
2015-08-22,city.pune,Onion commands Rs 70/kg in city,Onion
2015-08-22,city.ludhiana,Onion prices leave bitter taste for consumers,Onion
2015-08-22,business.india-business,Onion prices threaten to cross Rs 100 a kg in Delhi as stockists make a killing,Onion
2015-08-23,india,Two-pronged assault to control onion prices,Onion
2015-08-23,city.delhi,Onion prices at nationwide high in Delhi despite no shortage in supply,Onion
2015-08-23,business.india-business,Two-pronged assault to control onion prices,Onion
2015-08-23,city.nashik,Govt raid across dist to check onion hoarding,Onion
2015-08-23,city.bhubaneswar,Onion price touches 60 a kg in retail market,Onion
2015-08-23,mocktale,Mocktale: Onion prices leaving people teary eyed,Onion
2015-08-24,city.nagpur,Onion prices may go further up this week,Onion
2015-08-24,city.hyderabad,Govt to continue onion sale at subsidized rate: Harish Rao,Onion
2015-08-24,city.chandigarh,Rising high; onion prices go up again,Onion
2015-08-24,city.indore,Soaring onion prices bring tears to eyes of common man,Onion
2015-08-25,city.chennai,Onion prices up on supply cut; traders for Pak imports,Onion
2015-08-25,city.kolhapur,Wholesale onion prices slide to 65 a kg,Onion
2015-08-25,city.pune,Spiralling onion prices await correction,Onion
2015-08-25,city.coimbatore,Onion prices soar to Rs 70 per kilo in 2 weeks; supply drops,Onion
2015-08-25,india,As onion prices soar; potato and tomato prices crash,Onion
2015-08-25,india,Hoarders may be using storage facilities of farmers to create artificial onion scarcity,Onion
2015-08-26,city.delhi,Fresh onion stock to reach market; prices likely to fall,Onion
2015-08-26,city.goa,Now; onion price touches 70 per kg,Onion
2015-08-26,city.kolhapur,Wholesale prices of onion decline to 58/kg in Kolhapur,Onion
2015-08-26,city.visakhapatnam,Onion prices touch 80 per kg in city,Onion
2015-08-26,city.madurai,Shallots; cabbages take onion's place as prices skyrocket,Onion
2015-08-27,city.nashik,Lasalgaon onion prices dip; stabilize at Rs 4;850 a quintal,Onion
2015-08-27,city.nashik,Onion stabilizes at Rs 4;850 a quintal,Onion
2015-08-28,india,Bangladesh export adds to onion crisis,Onion
2015-08-28,city.nashik,Lasalgaon onion prices dip Rs 100/quintal,Onion
2015-08-28,india,Centre okays import of 1;000 tonnes of onion; will reach India by Sep 10,Onion
2015-08-28,centre,Govt okays bids for 1k tonnes of onion import to check prices,Onion
2015-08-31,city.nagpur,Onion from Nashik-Dhule is Rs70 a kg,Onion
2015-08-31,city.chennai,Sales fall by 50% as onion prices continue to rise,Onion
2015-09-01,city.ahmedabad,Onion breaches 3-figure mark,Onion
2015-09-01,city.visakhapatnam,CPM stages protest over rising onion prices,Onion
2015-09-01,city.jammu,Shiv Sena; Dogra Front protest hike in onion prices,Onion
2015-09-01,city.jaipur,Fall in demand stabilises onion prices,Onion
2015-09-02,city.jaipur,Guard; woman arrested for facilitating onion theft in Jaipur,Onion
2015-09-03,city.nashik,Onion prices up marginally; arrival of fresh crop begins,Onion
2015-09-05,city.visakhapatnam,Pricey onion the icing on mantri's b'day cake!,Onion
2015-09-05,city.nashik,Poor monsoon to dry up kharif onion supply,Onion
2015-09-08,city.pune,Pune vegetable market shut as traders protest 400kg onion theft,Onion
2015-09-08,city.pune,Egyptian; Pune local onion bring little cheer,Onion
2015-09-14,city.nagpur,Onion selling at Rs70 a kg; tur Rs150,Onion
2015-09-14,city.navimumbai,Onion prices drop as new; cheaper produce hits market,Onion
2015-09-14,city.jaipur,Cong says govt insensitive to onion price hike,Onion
2015-09-16,city.visakhapatnam,CPM protests against high onion prices,Onion
2015-09-19,india,After onion; red gram brings tears to the eyes in Telangana,Onion
2015-09-22,city.delhi,Capital runs low on onion stocks; eyes Afghan pie,Onion
2015-09-23,city.madurai,Onion prices begin to fall in Madurai region,Onion
2015-09-24,city.delhi,ACB launches probe into onion scam,Onion
2015-10-02,life-style.food.food-features,Onion prices make eateries weep,Onion
2015-10-05,life-style.food.food-features,Mumbai is still crying over onion prices,Onion
2015-10-06,city.mumbai,New crop brings onion prices down in Mumbai,Onion
2015-10-06,city.nagpur,Transport strike ends with governmant assurance; onion prices steady due to good arrivals,Onion
2015-10-06,city.hubballi,Lorry strike hits onion trading,Onion
2015-10-08,city.nashik,Onion prices up 11% in a day as supply goes down,Onion
2015-10-09,life-style.food.food-features,Missing onion in your meals Try these tricks,Onion
2015-10-14,city.bhubaneswar,Odisha to increase onion production in kharif,Onion
2015-10-17,india,Volatility in onion prices can be managed through appropriate measures; says Niti Aayog member,Onion
2015-10-20,city.nashik,Onion prices drop to 2;500/quintal at Lasalgaon,Onion
2015-10-28,city.aurangabad,Fresh onion crop in; but prices shoot,Onion
2015-11-06,city.nashik,At 2;100/quintal; onion prices hit season's low,Onion
2015-11-29,city.nashik,Lasalgaon onion prices at record 4-month low,Onion
2015-12-03,city.bengaluru,Rain brings down onion price; tomato remains expensive,Onion
2015-12-10,city.navimumbai,Onion prices plunge with fresh supply; further drop likely,Onion
2015-12-11,city.nashik,Less export price hope stabilises onion prices,Onion
2015-12-15,city.nashik,Onion prices rise by 8.69% as MEP finally drops to US $400,Onion
2015-12-17,city.nashik,MEP cut fails to rein in falling onion prices,Onion
2015-12-22,city.nashik,Lasalgaon onion prices decline to six-month low,Onion
2015-12-25,business.india-business,Govt abolishes MEP on onion to boost exports,Onion
2015-12-30,city.goa,Good tidings we bring! Onion prices may drop to 20/kg,Onion
2016-01-02,city.nashik,Onion export fell by almost 18% in first half of fiscal,Onion
2016-01-12,world.us,Fox News claims Barack Obama used 'raw onion' to make him cry during gun control speech,Onion
2016-01-31,city.nashik,Average wholesale onion prices record nine-month low @ Rs 950 per quintal at Lasalgaon,Onion
2016-02-08,life-style.food.food-features,Using spring onion in winter,Onion
2016-02-09,city.nashik,Onion prices drop to 22-month low of 850 per quintal,Onion
2016-02-11,business.india-business,Onion prices crash to 2-year low; now at Rs 700 a quintal,Onion
2016-02-11,city.coimbatore,Bumper harvest halves small onion prices,Onion
2016-02-12,city.nashik,Onion prices stabilise at 2-yr low,Onion
2016-02-13,city.nashik,Central team reviews Lasalgaon onion price crash,Onion
2016-02-14,city.nashik,Onion prices dip 33% in 12 days,Onion
2016-02-18,city.nashik,Onion buffer stock to curb scarcity,Onion
2016-02-23,city.nashik,Summer onion crop trickles in at 900/quintal,Onion
2016-02-26,city.nashik,Onion prices fall to two-year low of Rs 675/Q,Onion
2016-03-08,city.nashik,Onion arrival at Lasalgaon set to go up,Onion
2016-03-17,city.nashik,NAFED expands its onion storage capacity,Onion
2016-03-24,city.nashik,No onion auction for 12 days at Lasalgaon; mkt to reopen on April 4,Onion
2016-03-27,city.delhi,Onion exports fall 10% to 6.95 lakh tonnes in Apr-Dec,Onion
2016-04-05,city.nashik,Mathadi workers' day-long strike hits onion auction,Onion
2016-04-15,city.ahmedabad,Good yield in state to keep onion prices low,Onion
2016-04-16,city.bhopal,Bumper onion crop has farmers in tears,Onion
2016-04-21,city.nagpur,Bulk rate of onion down to 5-7/kg; potato rising,Onion
2016-05-03,city.nashik,NAFED procures 625 tonnes of onion so far as buffer,Onion
2016-05-03,city.nashik,Onion farmer fails to break even; dumps crop on road,Onion
2016-05-06,city.pune,Farmers to boycott onion auction to protest price fall,Onion
2016-05-13,city.nashik,Onion prices dip slightly at Lasalgaon,Onion
2016-05-15,city.hubballi,Debt-ridden onion grower ends life in Vijayapura,Onion
2016-05-17,city.nashik,Onion prices touch 2-year low,Onion
2016-05-17,city.nashik,Farmers demand better onion price,Onion
2016-05-19,city.nashik,Onion prices up 25% in two days at Lasalgaon,Onion
2016-05-20,city.nashik,Farmers stay away from market; onion arrivals fall by 30%,Onion
2016-05-23,city.nashik,Fadnavis steps in to help state's onion farmers,Onion
2016-05-23,city.nashik,Chief Minister steps in to help Maha onion farmers,Onion
2016-05-24,city.pune,Farmers in tears as onion prices dive,Onion
2016-05-26,city.nashik,Wholesale onion prices up by 12%,Onion
2016-05-30,city.nashik,Farmers body to stage agitation on Thursday to protest fall in onion prices,Onion
2016-06-01,city.bhopal,Yield glut; poor storage make onion farmers cry,Onion
2016-06-02,city.bhopal,CM steps in to bail out stressed onion farmers,Onion
2016-06-05,city.bhopal,Private traders pip govt's onion move,Onion
2016-06-07,city.nashik,Onion arrivals up but prices remain steady,Onion
2016-06-07,city.indore,Onion crisis plotted by wholesalers?,Onion
2016-06-11,city.coimbatore,Onion and tomato cultivation begins after 10-day delay,Onion
2016-06-13,city.nashik,Onion farmers seek Minimum Support Price of Rs2;000 per quintal,Onion
2016-06-16,city.nashik,Onion buffer stock of 4;500T to keep inflation under control,Onion
2016-06-19,city.nashik,Onion buffer stock of 17;000 tonnes created,Onion
2016-06-21,city.nashik,Onion traders call off strike; auction to resume today,Onion
2016-06-23,city.bhopal,Madhya Pradesh CM's onion plan turns Rs 100-crore tear-jerker,Onion
2016-06-23,city.nashik,6% hike in onion prices at Lasalgaon,Onion
2016-06-24,city.coimbatore,Small onion price may touch Rs50 per kg during monsoon,Onion
2016-06-28,city.nashik,After glut; onion shortage scare looms large,Onion
2016-07-05,city.nashik,Onion prices may shoot up after Ramzan,Onion
2016-07-13,city.aurangabad,6-year-old dead as dad shoves onion in throat as punishment,Onion
2016-07-20,india,Amendments to Child Labour Bill: Minister recalls days as onion seller,Onion
2016-07-20,city.hyderabad,Bandaru Dattatreya recalls days as onion seller,Onion
2016-07-26,city.nashik,Onion auction in gunny bags now,Onion
2016-07-27,city.nashik,After 17 days of stir; onion auction starts at Lasalgaon,Onion
2016-07-27,city.nashik,After stir of 17 days; onion auction starts at Lasalgaon,Onion
2016-07-29,city.nashik,Onion auction in gunny bags a damp squib,Onion
2016-08-06,city.nashik,Onion scarcity looms; cultivation yet to begin,Onion
2016-08-08,city.nashik,Onion supply down 75% over gunny bag row,Onion
2016-08-20,city.nashik,Onion prices tumble to Rs 650 per quintal,Onion
2016-08-24,city.nashik,Onion plantation on at snail's pace,Onion
2016-08-25,city.nashik,NCP stir to push for onion MSP,Onion
2016-08-28,city.mumbai,Maharashtra govt's onion grant unlikely to be helpful for farmers,Onion
2016-08-29,city.nashik,NCP blames BJP govts for onion farmers' crisis,Onion
2016-08-30,city.nashik,Onion plantation dips 68% in Nashik,Onion
2016-08-30,city.nashik,Kharif onion plantation dips 68% this season,Onion
2016-08-31,city.mumbai,Wholesale onion price hits 10-year record low of 2/kg,Onion
2016-09-02,city.nashik,Tomato; onion retail prices crash,Onion
2016-09-04,city.nashik,Govt seeks onion auction details from APMCs,Onion
2016-09-07,city.nashik,APMCs fail to give onion auction details even after deadline,Onion
2016-09-07,city.hubballi,Wholesale price of onion down; but consumers do not benefit,Onion
2016-09-08,city.nashik,Half of buffer onion stock rots in storage,Onion
2016-09-08,city.nashik,50% of 17;000 tonnes onion buffer stock rots in storage,Onion
2016-09-10,city.nashik,Farmers protest crash in onion prices,Onion
2016-09-13,city.nashik,Wholesale onion prices drop by 34% in a week,Onion
2016-09-13,city.indore,Govt to build 300 onion storage units in Indore,Onion
2016-09-14,business.india-business,In last 4 months; onion farmers lost Rs 800 crore,Onion
2016-09-14,city.nagpur,At Rs5 to 8kg; onion rates lowest in years,Onion
2016-09-15,city.nashik,Lasalgaon onion prices stabilise at Rs 425 per quintal,Onion
2016-09-21,city.nashik,Onion prices plunge to 350 a quintal,Onion
2016-09-26,city.nashik,Onion exports up over 73% in first quarter,Onion
2016-09-27,city.nashik,Fall in supply stabilises onion prices at 350 per quintal,Onion
2016-09-28,city.nashik,Onion farmers launch indefinite hunger stir,Onion
2016-09-29,city.nashik,Onion farmers to intensify agitation,Onion
2016-10-01,city.bengaluru,Onion; potato growers shed tears as prices plunge,Onion
2016-10-05,city.nashik,NCP conference to focus on onion crisis; farmers' issues,Onion
2016-10-07,city.nashik,Wholesale onion prices rise 71% in a week at Lasalgaon,Onion
2016-10-07,city.hubballi,Fall in onion price drives farmer to attempt suicide,Onion
2016-10-08,city.hubballi,Onion farmers to get relief for loss,Onion
2016-10-08,city.nashik,Low supply pushes onion prices up by 25% at Lasalgaon,Onion
2016-10-09,city.mysuru,She has a special taste for onion peels-not culinary; but artistic,Onion
2016-10-17,city.mysuru,Raitha Sangha demands minimum support price for onion,Onion
2016-10-21,city.nashik,Stocks and supply peter out; onion prices may soar in Nov,Onion
2016-10-21,city.nashik,Stocks and supply peter out onion prices may soar in November,Onion
2016-10-21,city.nashik,Onion supply a trickle; prices to soar in November,Onion
2016-10-21,city.mumbai,Onion supply a trickle; prices to soar in November,Onion
2016-10-22,city.nashik,Stocks and supply peter out; onion prices may soar in November,Onion
2016-10-23,city.hubballi,JD(S) threatens statewide protest over onion farmers' problems,Onion
2016-10-24,city.nashik,Increase in demand stabilises onion price,Onion
2016-10-24,city.bengaluru,Infant dies after accidentally swallowing onion in Karnataka,Onion
2016-10-24,life-style.health-fitness.health-news,Onion compound may treat ovarian cancer,Onion
2016-10-24,spirituality,Health secrets of Onion as mentioned in Charaka Samhita,Onion
2016-10-25,city.bengaluru,1 year old girl swallows onion; chokes to death,Onion
2016-10-27,city.hubballi,Prices crash - Onion farmer in Bagalkot ends life,Onion
2016-10-27,city.nashik,No onion auction at Lasalgaon for nine days,Onion
2016-10-28,city.nashik,Few farmers opt for onion grants,Onion
2016-10-29,city.bengaluru,Govt to buy onion at Rs 6.24 per kg,Onion
2016-11-05,city.nashik,Wholesale onion prices rise 12.5% at Lasalgaon,Onion
2016-11-05,city.hyderabad,Crashing onion price: Centre's help sought,Onion
2016-11-08,city.navimumbai,Fresh crop delay ups onion rates by 2/kg,Onion
2016-11-08,city.hubballi,Onion purchase begins at APMC procurement centre,Onion
2016-11-08,city.nashik,Retail onion prices set to increase,Onion
2016-11-11,city.nashik,Onion auction suspended at Lasalgaon for 5 days,Onion
2016-11-17,city.hyderabad,Malakpet onion traders shutter-up,Onion
2016-11-23,city.nashik,Onion trade back to normal at Lasalgaon,Onion
2016-11-24,city.nashik,Onion auction called off for a day,Onion
2016-12-02,city.noida,Robbers try to sell looted onion in cash crunch-hit market; nabbed,Onion
2016-12-08,city.hubballi,On last day; heavy rush of farmers to sell onion at APMC,Onion
2016-12-22,city.nashik,Onion prices dip over 27% in a week at Lasalgaon market,Onion
2016-12-27,city.nashik,Marginal drop in wholesale onion prices,Onion
2016-12-29,city.nashik,13% rise in onion prices,Onion
2017-01-02,city.nashik,Three-fold rise in onion export,Onion
2017-02-08,city.nashik,Lasalgaon onion prices down 33% on high supply,Onion
2017-02-16,city.mumbai,Farmers want to export onion after glut in market,Onion
2017-02-27,city.mumbai,At Rs 450/quintal; onion prices dive to 5-year low,Onion
2017-03-11,city.nashik,7 months on; govt grant eludes onion farmers,Onion
2017-03-12,city.indore,Farmer's will get 50% subsidy for onion storage,Onion
2017-03-20,city.nashik,Onion export registers all-time high of 24 lakh tonne,Onion
2017-04-01,city.bengaluru,Not onion or garlic; politics and logistics deal-breaker: Iskcon,Onion
2017-04-19,city.hyderabad,Most carrot; onion samples in Hyderabad found to contain E-coli,Onion
2017-05-09,city.indore,Onion farmers may turn to other crops,Onion
2017-05-10,city.ahmedabad,Onion sowing shoots up,Onion
2017-05-17,city.patna,Onion bizman shot in Fatuha,Onion
2017-05-23,city.nashik,Onion prices rise 40% due to decline in supply,Onion
2017-05-23,city.bhubaneswar,BJP tells Centre about distress sale of onion,Onion
2017-06-13,city.bhopal,No limit on onion; dal purchase: Govt,Onion
2017-06-17,entertainment.english.music.news,Lorde admits reviewing 'onion rings' on Instagram secretly!,Onion
2017-06-18,city.coimbatore,27-yr-old arrested for stealing 100kg onion from Pollachi market,Onion
2017-06-21,city.ahmedabad,Rs 100 crore subsidy announced for potato; onion farmers,Onion
2017-06-21,city.nashik,22% rise in wholesale onion prices at Lasalgaon,Onion
2017-06-23,city.madurai,Farmers want support from govt for raising onion crops,Onion
2017-06-27,city.indore,Government urges Indore traders to buy onion,Onion
2017-07-09,city.bhopal,Farmers' strike; onion glut take away happiness from kids,Onion
2017-07-11,city.bhopal,Brace for onion tears in your market,Onion
2017-07-28,india,Wholesale onion price surges 118% in two weeks,Onion
2017-07-29,city.bhopal,For Rs 109cr onion spend; farmers got Rs 62cr in 2016,Onion
2017-07-29,city.bhopal,73 per cent onion procured last year rotted in Madhya Pradesh,Onion
2017-07-29,city.indore,73 per cent onion procured last year rotted in Madhya Pradesh,Onion
2017-07-31,city.lucknow,Rise in onion price disrupts veggie budget further,Onion
2017-08-01,city.visakhapatnam,Onion rate doubles in five days;other veggie prices also soar,Onion
2017-08-01,city.bhopal,After onion; pulse procurement raises a stink,Onion
2017-08-04,india,Wholesale price of onion rises 80% in a day in Nashik,Onion
2017-08-04,city.goa,Onion prices set to sting in days to come,Onion
2017-08-04,business.india-business,Wholesale price of onion rises 80% in a day in Nashik,Onion
2017-08-05,city.pune,Onion prices spiral after poor supply; tomato falls,Onion
2017-08-07,city.kolhapur,Despite supply onion prices not coming down,Onion
2017-08-08,city.kolkata,Price surge makes Kolkata shed onion tears,Onion
2017-08-08,city.nashik,Onion auction to begin at Lasalgaon after 3-day break,Onion
2017-08-17,city.ahmedabad,Onion prices bring tears,Onion
2017-08-19,city.delhi,Special raids to prevent onion hoarding,Onion
2017-08-21,city.bhopal,After orange & onion; soya crisis stares Agar farmers,Onion
2017-09-09,business.india-business,Onion importers worry over drop in prices,Onion
2017-09-15,city.nashik,Onion prices fall 35% after I-T raids on Nashik traders,Onion
2017-09-16,city.nashik,Traders boycott onion auction after I-T raids,Onion
2017-09-16,city.delhi,Maharashtra trader strike may increase Delhi onion prices,Onion
2017-09-17,india,I-T uncovers Nashik onion traders' hawala deals; Dubai links,Onion
2017-09-17,city.nashik,Income Tax department uncovers Nashik onion traders' hawala deals; Dubai links,Onion
2017-09-17,city.nashik,Onion traders asked to start auction or face action,Onion
2017-10-10,india,Onion prices to soar further this Diwali,Onion
2017-10-10,city.nashik,Onion prices rise 80% in 10 days at Lasalgaon,Onion
2017-11-08,city.guwahati,Onion prices soar beyond fixed rates,Onion
2017-11-12,business.india-business,Onion export jumps 56% in Apr-July; but India now importing,Onion
2017-11-13,city.chandigarh,Onion; peas join pricey group of radish; tomato,Onion
2017-11-17,city.chennai,Koyambedu Market Registers Average Hike Of 40%; Onion Price Rises By 125%,Onion
2017-11-18,city.nashik,Wholesale onion prices up 25% in 5 days,Onion
2017-11-24,city.bengaluru,Onion prices double in Bengaluru; may cross Rs 80 per kg,Onion
2017-11-24,city.bhubaneswar,Menu suffers as onion prices head north,Onion
2017-11-30,city.jaipur,Limited supply sees tomato; onion prices soaring,Onion
2017-11-30,city.gurgaon,Winter sets in; yet onion prices on fire,Onion
2017-11-30,india,Controlling onion prices not in our hands: Paswan,Onion
2017-12-01,city.mumbai,Wholesale onion prices dip by Rs 15; retailers yet to budge,Onion
2017-12-01,city.nashik,Onion prices drop further at Lasalgaon,Onion
2017-12-01,city.chandigarh,Onion prices reach Rs 80/kg; consumers cry,Onion
2017-12-01,city.navimumbai,Wholesale onion prices dip by Rs 15; retailers yet to budge,Onion
2017-12-03,city.hubballi,Onion prices may drop in Hubballi; thanks to Cyclone Ockhi,Onion
2017-12-05,city.nashik,Onion exports increase by 30%,Onion
2017-12-07,city.nashik,Ockhi effect: Onion prices increase by 48% in 2 days,Onion
2017-12-15,city.hyderabad,Onion prices bring tears; sharp spike since last year,Onion
2017-12-17,city.kolkata,IIT-Kgp turns onion skin into electricity,Onion
2017-12-18,city.madurai,Dindigul farmers overjoyed as onion prices take upward curve,Onion
2017-12-21,city.ahmedabad,Onion farmers in Gujarat demand MSP,Onion
2018-01-11,home.science,Now selling: A tear-free onion,Onion
2018-01-17,city.bhubaneswar,Minister caution for those inflating onion prices,Onion
2018-02-06,india,Onion prices up by 46% after MEP removal,Onion
2018-02-07,city.madurai,Onion market faces corporation's music for encroachment,Onion
2018-02-12,city.mumbai,40% of teachers believed smelling onion or chappal a key first-aid for epilepsy: Study,Onion
2018-02-27,city.rajkot,Onion prices dive on heavy influx,Onion
2018-03-06,city.vijayawada,Relief for commoners as onion; vegetable prices plummet in markets of Vijayawada,Onion
2018-03-08,city.nashik,Average wholesale onion price drops to 8-month low at Lasalgaon,Onion
2018-03-16,city.bengaluru,He began onion; chilli business in Yeshwantpur market,Onion
2018-03-17,city.rajkot,Farmers see red as white onion prices plummet,Onion
2018-03-27,city.jaipur,Vasundhara Raje seeks Centre's approval for scheme on onion; garlic,Onion
2018-03-28,city.rajkot,Onion trading resumes,Onion
2018-04-20,india,Wholesale onion price hits new low of Rs 3/kg,Onion
2018-04-26,city.nashik,Onion trader planned fake heist of Rs 9 lakh to pay off his debts,Onion
2018-05-14,city.chandigarh,27-year-old driving car falls onto onion field,Onion
2018-05-19,city.ahmedabad,Low onion prices bring tears to farmers' eyes,Onion
2018-05-22,city.nashik,Onion prices crash 65% in 3 months,Onion
2018-05-23,spirituality,This is what happens when you place onion in your ear,Onion
2018-06-03,city.trichy,New onion market to open today amid worries about traffic safety,Onion
2018-06-03,city.trichy,Private onion market opened in Trichy,Onion
2018-06-05,india,Onion supply drops 97% at Lasalgaon APMC,Onion
2018-06-06,city.trichy,Primary processing centre for banana; onion to open in October,Onion
2018-06-08,city.trichy,IIFPT to hold training for onion farmers,Onion
2018-06-09,city.trichy,Protest against employing cheap labour at onion market,Onion
2018-07-05,city.trichy,117 load men resort to road blockade at new onion market,Onion
2018-07-06,city.trichy,Onion workers protest denial of employment in new market,Onion
2018-07-14,city.ahmedabad,Gujarat woman forced to eat onion & garlic; files FIR,Onion
2018-07-20,city.trichy,Onion labourers kept off new market hold black flag protest,Onion
2018-09-16,city.nashik,Onion farmers seek Rs 500 per quintal grant as prices crash,Onion
2018-09-25,city.trichy,Traders at onion market issue ultimatum to workers on protest,Onion
2018-09-25,city.coimbatore,Small onion farmers in tears as prices nosedive,Onion
2018-09-27,city.ahmedabad,Ahmedabad: Prices make onion; garlic hot potatoes,Onion
2018-10-03,city.nashik,Centre's buffer onion stock rotting in godowns,Onion
2018-10-09,city.hubballi,Bumper crop; but onion growers still in trouble,Onion
2018-10-19,business.india-business,Nafed to boost onion supply in Delhi; Mother Dairy asked to cut price,Onion
2018-10-20,city.delhi,Centre steps in as onion prices in NCR touch Rs 40/kg,Onion
2018-10-20,city.noida,Centre steps in as onion prices in NCR touch Rs 40/kg,Onion
2018-10-20,business.india-business,Why is it always onion that's on fire?,Onion
2018-10-21,business.india-business,Nafed to offload 200 tonnes of onion daily in Delhi to check prices,Onion
2018-10-24,city.rajkot,No end to woes for white onion growers in Bhavnagar,Onion
2018-10-24,city.pune,78% drop in Nashik onion yield; prices set to spiral,Onion
2018-10-24,city.nashik,78% drop in Nashik onion yield; prices set to spiral,Onion
2018-10-25,city.pune,Supply dips; onion prices double in retail market within a week,Onion
2018-10-31,city.agra,Uttar Pradesh wonder onion grows faster; can be stored longer,Onion
2018-11-04,home.sunday-times,Iron Man? You could also call him the Onion Man of India,Onion
2018-11-18,city.hubballi,Onion growers protest as prices drop sharply,Onion
2018-11-23,city.patna,Lack of buyers hits Nalanda onion farmers,Onion
2018-12-04,city.trichy,Onion farmers seek relief for pest-hit crop post Gaja,Onion
2018-12-04,city.bhopal,Onion at 50paisa/kg leaves Neemuch farmers in tears,Onion
2018-12-06,city.ahmedabad,Low onion acreage could mean tears for consumers,Onion
2018-12-10,city.nashik,In two days; two Nashik onion farmers kill selves,Onion
2018-12-14,city.nagpur,As onion brings tears; middlemen blame Maharashtra reforms for plight of farmers,Onion
2018-12-14,city.bengaluru,Akshaya Patra says no to garlic; onion in midday meals in Karnataka,Onion
2018-12-16,city.pune,Centre orders more storage to check fall in onion prices,Onion
2018-12-20,city.pune,Initiative gives fair price to onion farmers; sets right rate for buyers,Onion
2018-12-21,city.mumbai,Maharashtra government offers Rs 200 a quintal; onion farmers call it paltry,Onion
2018-12-26,city.nashik,Onion farmers set to hold protest march,Onion
2019-01-01,city.coimbatore,Small onion farmers in tears as prices nosedive,Onion
2019-01-12,city.ahmedabad,Onion; garlic; coriander sowing dips in Gujarat,Onion
2019-01-17,city.pune,Now; onion farmers can apply for government grant till January 25,Onion
2019-01-17,city.nashik,Now; onion farmers can apply for government grant till January 25,Onion
2019-01-24,city.nashik,Nafed shortlists five sites in district for onion cold storage,Onion
2019-02-01,city.pune,Drought dries up rabi onion cultivation to two-year low,Onion
2019-02-01,city.nashik,Drought dries up rabi onion cultivation to two-year low,Onion
2019-02-01,city.mumbai,Drought dries up rabi onion cultivation to two-year low,Onion
2019-03-02,city.ahmedabad,Ahmedabad: Onion prices may shoot up in summer,Onion
2019-04-26,city.nashik,Fluctuating onion prices to set voting trend in Nashik,Onion
2019-05-02,city.ahmedabad,Gujarat tear-jerker: Onion sowing dips 80%,Onion
2019-05-06,city.bengaluru,Bengaluru: Actvists want onion; garlic in midday meals,Onion
2019-05-16,life-style.food-news,Here's how onion helps in managing diabetes,Onion
2019-06-08,city.ahmedabad,Smaller area sown with onion could mean higher prices in Gujarat,Onion
2019-06-11,city.nashik,Nashik: Rising onion prices make farmers cry tears of joy,Onion
2019-06-17,city.patna,Patnaites feel the pinch as potato and onion prices soar,Onion
2019-07-30,city.bhopal,Onion probe panel seeks 3 months extension in term,Onion
2019-08-13,city.nashik,Nashik: Demand boosts wholesale onion price at Lasalgaon,Onion
2019-08-15,city.nashik,Nashik: Average wholesale onion price reaches 10-month high,Onion
2019-08-21,city.nashik,Average wholesale onion price up by 25% in a day,Onion
2019-08-27,india,Use buffer stock; curb onion price rise; Centre tells states,Onion
2019-08-28,city.delhi,Action against onion hoarders in Delhi,Onion
2019-08-31,city.chennai,Chennai: Tomato prices go down; onion gets dearer,Onion
2019-08-31,city.salem,Chennai: Tomato prices go down; onion gets dearer,Onion
2019-09-10,city.nashik,Onion price records season's new high,Onion
2019-09-16,city.nashik,MP Bharti Pawar seeks withdrawal of onion MEP,Onion
2019-09-20,india,Onion prices at 4-yr high; jump Rs 1;000/quintal in single day,Onion
2019-09-20,city.nashik,Onion prices at 4-year high; jump Rs 1;000 per quintal in a day,Onion
2019-09-21,city.patna,Veggie prices head north Bihar; onion brings tears to eyes,Onion
2019-09-21,city.visakhapatnam,Surprise check conducted at wholesale onion market in Visakhapatnam,Onion
2019-09-21,city.delhi,Delhi government irons out plan to check onion prices,Onion
2019-09-21,city.mumbai,Mumbai: Onion prices rise to 60/kg and counting,Onion
2019-09-22,city.bhopal,Onion prices hit the roof as monsoon plays spoiler,Onion
2019-09-23,city.rajkot,Onion shortage likely in Gujarat after Diwali,Onion
2019-09-23,city.chennai,Chennai: Prices of onion double at retail stores; buyers baffled,Onion
2019-09-23,city.goa,Onion prices soar; 2 more months of pain; say vendors,Onion
2019-09-24,city.visakhapatnam,Onion prices shoot up to Rs 60 per kg in Visakhapatnam,Onion
2019-09-24,city.ranchi,Jharkhand Congress plans stir over onion prices,Onion
2019-09-25,city.delhi,Govt taking steps to curb onion prices; says Delhi minister Imran Hussain,Onion
2019-09-25,india,Better supply to tame onion prices soon; say ministers,Onion
2019-09-28,city.kolkata,Soaring onion price likely to pinch pockets in Kolkata till November,Onion
2019-09-30,city.noida,As onion rates soar in NCR; small traders feel the pinch,Onion
2019-09-30,city.nashik,After imposition of MEP; Centre bans onion export,Onion
2019-09-30,city.ghaziabad,As onion rates soar in NCR; small traders feel the pinch,Onion
2019-10-01,india,Onion prices dip after export ban; farmers protest,Onion
2019-10-02,city.kolkata,Kolkata: Onion still pricey as retail & wholesale gap widens,Onion
2019-10-03,city.noida,Noida: Hoarders stock up as onion prices soar,Onion
2019-10-03,city.delhi,Delhi govt gears up to fight onion shortage,Onion
2019-10-03,city.nashik,Nashik onion farmers threaten to boycott auctions at agricultural produce market committees,Onion
2019-10-05,city.nashik,Onion trucks halted at border finally allowed to enter Bangladesh,Onion
2019-10-07,city.nashik,Farmers set on boycotting onion auction from today,Onion
2019-10-07,city.delhi,Delhi: Mobile van in each ward for onion supply,Onion
2019-10-08,india,At Lasalgaon; onion prices up 30% as farmers boycott auction,Onion
2019-10-08,city.nashik,Nashik: Onion prices soar by Rs 800 as farmers boycott auction,Onion
2019-10-09,city.chandigarh,Tomato prices down; but onion continues to be a tearjerker,Onion
2019-10-10,city.nashik,Average wholesale price of onion stays at Rs 3;550 per quintal at Lasalgaon,Onion
2019-10-18,city.nashik,Sharad Pawar blames Centre for onion farmers' plight,Onion
2019-10-19,city.delhi,Onion trucks rejected by Delhi: Centre,Onion
2019-10-20,city.goa,Tears of joy as onion prices drop to Rs 50 in Goa,Onion
2019-10-23,city.nashik,Nashik: Wholesale onion price goes up by Rs 920 per quintal at Lasalgaon,Onion
2019-10-25,city.nashik,Maharashtra assembly elections 2019: Falling onion prices bring tears to Shiv Sena in Niphad,Onion
2019-11-01,city.navimumbai,Onion prices spike to Rs 60/kg yet again in Mumbai,Onion
2019-11-02,city.navimumbai,Navi Mumbai: Onion sells at Rs 70; veggie prices bring some relief,Onion
2019-11-04,city.visakhapatnam,Visakhapatnam: Onion prices touch sky again due to high demand; low supply,Onion
2019-11-04,city.chandigarh,Chandigarh: Onion prices skyrocket to Rs 70 per kg,Onion
2019-11-05,city.hubballi,Farmers protest demanding fair price for onion; withdraw agitation later,Onion
2019-11-05,city.bengaluru,Bengaluru: Onion prices shoot up; drill holes in consumers pockets,Onion
2019-11-05,city.pune,rain effect onion prices at 4 yr high maha to have impact on city on nov 6 7,Onion
2019-11-05,city.bhopal,At Rs 80/kg; Bhopal sheds onion tears; veggie prices throw budgets haywire,Onion
2019-11-05,city.chennai,As onion touches 90/kg; government vows to stop hoarding in Chennai,Onion
2019-11-06,city.hubballi,Onion growers stage protest; demand fair price,Onion
2019-11-06,city.surat,Gujarat: Unseasonal rain sends prices of potato; onion skyrocketing,Onion
2019-11-06,business.india-business,Onion prices rise by up to 40% in a week,Onion
2019-11-07,city.nashik,Maharashtra: Onion price keeps going down on second consecutive day,Onion
2019-11-07,city.ahmedabad,Gujarat: Onion hovers near Rs 100/kg mark; garlic shoots to Rs 300,Onion
2019-11-07,city.delhi,Onion nears Rs 100/kg; doorstep sales back in Delhi,Onion
2019-11-07,city.goa,Onion prices soar in Goa; touch Rs 70 per kg,Onion
2019-11-08,city.goa,Goa: Onion prices soar; touch Rs 70 per kg,Onion
2019-11-08,city.vijayawada,AP: Onion bringing tears to both farmers; buyers,Onion
2019-11-08,city.vijayawada,603 quintal onion seized; 47 booked for hoarding,Onion
2019-11-08,city.delhi,Onion prices in Delhi: Congress takes to the streets; BJP alleges scam,Onion
2019-11-09,city.jaipur,Rajasthan: Local produce to bring down onion prices soon,Onion
2019-11-10,city.trichy,Trichy: Onion to remain pricey for next 2 months; say traders,Onion
2019-11-11,india,Onion crunch at home; but India assures Male of non-stop supply,Onion
2019-11-12,city.nashik,I-T department conducts searches on premises of 11 onion traders in Nashik,Onion
2019-11-13,city.jaipur,Jaipur: Onion prices shoot up; traders blame it on supply shortage,Onion
2019-11-14,city.pune,Onion supply to Pune's wholesale market dips to two-month low,Onion
2019-11-15,city.visakhapatnam,Eateries in Visakhapatnam suffer as onion prices keep rising,Onion
2019-11-18,city.vijayawada,Other vegetables follow the onion way; prices shoot up,Onion
2019-11-19,city.pune,Maharashtra: Onion prices may fall after January,Onion
2019-11-21,business.india-business,Govt OKs onion imports to rein in prices,Onion
2019-11-22,city.mangaluru,Onion from Egypt arrives in Mangaluru; but lacks quality,Onion
2019-11-22,city.vijayawada,Onion sale at subsidised price,Onion
2019-11-22,city.pune,Pune: Onion prices soar to Rs 100/kg; supply shrink,Onion
2019-11-23,city.visakhapatnam,Long queues for onion at Rythu bazaars in Visakhapatnam,Onion
2019-11-24,city.bhopal,Onion prices likely to skyrocket in Bhopal again,Onion
2019-11-24,city.jaipur,Rajasthan: Onion; garlic prices surge due to crop loss; poor supply,Onion
2019-11-25,city.chandigarh,Tears in store as onion rates touching Rs 90/kg in Chandigarh,Onion
2019-11-26,city.surat,Onion prices likely to cross Rs 100 in city shortly,Onion
2019-11-26,city.kolkata,'Pink' century: Kitchen tears after onion crosses Rs 100 a kilo in Kolkata,Onion
2019-11-27,city.kolkata,Kolkata: Roadside stalls shed onion tears; fast-food chains take loss on chin,Onion
2019-11-27,city.madurai,Eateries in Madurai take onion off dishes after prices skyrocket,Onion
2019-11-27,city.kolkata,West Bengal government eyes Rajasthan supply as onion brings tears,Onion
2019-11-28,city.patna,Bihar: Biscomaun to close counters for onion sales; blames administration,Onion
2019-11-28,city.kolkata,Onion prices unlikely to dip much in Kolkata till Nagpur; Bengaluru supply arrives,Onion
2019-11-28,city.kolkata,Kolkata: At Rs 6 a piece and rising; eggs add to onion burden in kitchen,Onion
2019-11-28,city.bhopal,Onion prices across Bhopal skyrocket; sell at Rs 100 per kg,Onion
2019-11-28,city.delhi,No early respite from high onion prices; Delhi government pins hope on imports,Onion
2019-11-29,city.bhopal,Onion prices sky-rocket; MP government sells it for Rs 70 per kg,Onion
2019-11-29,city.jaipur,Rajasthan: Tears roll as onion prices soar to Rs 100/kg,Onion
2019-11-29,city.delhi,Delhi: BJP; Congress look to corner AAP govt on onion prices,Onion
2019-11-29,city.delhi,Delhi asks Centre to continue onion supply at Rs 15.6/kg,Onion
2019-11-29,city.bengaluru,Bengaluru: Onion price spiral leaves bakers in tears,Onion
2019-11-30,city.patna,Tejashwi Prasad Yadav takes jibe at govt over onion prices,Onion
2019-11-30,city.nagpur,Nagpur: Onion price skyrockets to Rs 100 a kg,Onion
2019-11-30,city.trichy,Trichy: Farmers protest half-naked seeking onion procurement from locals,Onion
2019-11-30,city.lucknow,Onion prices shoot to Rs 100 per kg: Staple flies off plates; budgets hit,Onion
2019-11-30,city.navimumbai,Navi Mumbai: At Rs 100/kg; onion prices hit the roof,Onion
2019-12-01,city.jaipur,Rising onion prices fail to move Rajasthan government,Onion
2019-12-01,city.delhi,AAP: Centre to blame for soaring onion prices in Delhi,Onion
2019-12-02,city.thiruvananthapuram,Onion price up 363% in just 1 year,Onion
2019-12-02,city.kolkata,West Bengal government to tackle onion 'century' through ration-shop sales,Onion
2019-12-02,city.delhi,Centre creating onion shortage,Onion
2019-12-03,city.goa,Goa looking at Karnataka; Maharashtra onion suppliers,Onion
2019-12-03,india,IT dept puts lens on crooked onion traders of Delhi; MP; Maharashtra,Onion
2019-12-03,city.delhi,Ram Vilas Paswan must answer on onion prices,Onion
2019-12-03,city.mumbai,No onion; no bhajji: Eateries pull out the bulb from menus across Mumbai,Onion
2019-12-04,city.bhopal,Digvijaya Singh takes a dig at PM Modi over onion tears,Onion
2019-12-04,city.bengaluru,Karnataka onion thefts: Gadag farmers burn midnight oil to save pricey crop,Onion
2019-12-05,city.patna,Onion prices close to Rs 120/kg in Patna,Onion
2019-12-05,city.dehradun,Onion prices hog limelight inside and outside U'khand assembly,Onion
2019-12-05,city.nashik,Collector reviews onion situation in Nashik district,Onion
2019-12-06,city.mangaluru,Mangaluru: Protest against onion inflation; Turkish variety sells at Rs 150/kg,Onion
2019-12-06,city.kolkata,Kolkata: Retailers decide to stop selling pricey onion,Onion
2019-12-06,city.nagpur,Onion now at Rs 120 in local markets,Onion
2019-12-06,city.rajkot,Rajkot: 700kg onion 'stolen' from market yard,Onion
2019-12-06,city.goa,Onion prices shoot up to Rs 200/kg in Panaji,Onion
2019-12-06,city.lucknow,At Rs 120 a kg; onion a tear-jerker in Lucknow,Onion
2019-12-07,city.mumbai,Lasalgaon; country's largest onion mandi; sees 70% price rise in a mth,Onion
2019-12-07,city.kolkata,Nashik onion reaches Kolkata; price drop likely,Onion
2019-12-07,city.mumbai,Maharashtra: Onion supply to state APMCs down 69% in a year; prices see 10-fold rise,Onion
2019-12-07,city.goa,Mahila Congress protests rising onion prices,Onion
2019-12-07,city.nashik,Nafed's onion buffer stock of 57;000 quintal entirely used,Onion
2019-12-07,city.nashik,Sluggish onion trade at Lasalgaon keeps rates high,Onion
2019-12-08,city.rajkot,Premature harvest hits quality of onion produce,Onion
2019-12-08,city.bengaluru,Bengaluru: Onion price touches Rs 170/kg; pinches hoteliers and residents,Onion
2019-12-08,city.trichy,Onion to be sold at ration shops: Minister,Onion
2019-12-08,city.ahmedabad,Gujarat: Crop loss delays onion dehydration season by two months,Onion
2019-12-09,city.vijayawada,Vijayawada: Onion touches Rs 180; but farmers sell for only Rs 30,Onion
2019-12-09,city.vijayawada,Onion stocks run out; clamour grows for improved supply,Onion
2019-12-09,city.visakhapatnam,Broiler chicken cheaper than onion in Visakhapatnam,Onion
2019-12-09,city.nagpur,Onion rates ease on fears of imports; potato's moving up,Onion
2019-12-09,city.kolkata,Daily onion demand 800 tonnes; Kolkata left with 50,Onion
2019-12-09,city.surat,donate one unit of blood get 1kg onion free,Onion
2019-12-09,city.nashik,Baba Ramdev bats for PM Narendra Modi over onion prices,Onion
2019-12-09,city.hyderabad,Onion samosas go off plates in Hyderabad eateries as prices soar,Onion
2019-12-09,city.goa,Onion crisis: Street snacks lose their pungent punch; vendors feel the pinch,Onion
2019-12-09,city.goa,Stop onion subsidies: Ramkrishna Dhavalikar,Onion
2019-12-09,india,5 held for plotting onion-laden truck's accident,Onion
2019-12-10,city.delhi,Stand-up comedians on soaring onion prices: Wear onion rings and gift onion bouquets,Onion
2019-12-10,life-style.spotlight,Stand-up comedians on soaring onion prices: Wear onion rings and gift onion bouquets,Onion
2019-12-10,city.varanasi,2 men 'loot' 50kg onion from rickshaw-puller in Gorakhpur,Onion
2019-12-10,city.trichy,At 136/kg; black gram goes onion's way,Onion
2019-12-10,city.trichy,To check price; traders import 30 tonnes of onion from Egypt,Onion
2019-12-10,city.vijayawada,Jagan slams TDP for raising hue and cry over onion crisis,Onion
2019-12-10,city.vijayawada,TDP MLAs protest outside assembly over onion crisis,Onion
2019-12-10,city.hyderabad,Hyderabad: With price hitting Rs 200; low-grade onion only choice,Onion
2019-12-10,city.hyderabad,Telangana: Are eggs next in line to go the onion way?,Onion
2019-12-10,city.hyderabad,Horticulture department plans onion crop colonies to boost production in Telangana,Onion
2019-12-10,city.pune,Pune: At Rs 170 per kg; buyers find onion weighs on the pocket,Onion
2019-12-10,city.kochi,PIL seeking action on rising onion price in Kerala high court,Onion
2019-12-10,city.kolkata,CM Mamata Banerjee prod; fresh stock from Nashik likely to pull price of onion down soon,Onion
2019-12-10,city.amaravati,Jagan slams TDP for raising hue and cry over onion crisis,Onion
2019-12-11,city.patna,Patna: No respite in sight as onion prices still high,Onion
2019-12-11,city.mysuru,Mysuru: Onion prices come down; to stabilise by weekend,Onion
2019-12-11,city.vijayawada,Vijayawada: Onion price comes down by Rs 50 in village market yards,Onion
2019-12-11,city.nagpur,Onion prices crash as farmers rush fresh stocks to market,Onion
2019-12-11,city.kolkata,Onion price dips within 24 hours of CM Mamata Banerjee tough talk,Onion
2019-12-11,city.amaravati,Amaravati: 'Onion price unprecedented',Onion
2019-12-11,city.chennai,Chennai: Import brings down onion prices,Onion
2019-12-11,city.pune,Onion supplies surge; retail price drops by Rs 10-20 per kg,Onion
2019-12-11,city.surat,Surat: Fresh supply in 15 days to bring down onion prices,Onion
2019-12-11,city.goa,Goa: With fresh stock from Maharashtra; onion prices may drop further,Onion
2019-12-11,city.madurai,Respite as onion import brings down price to Rs 100 a kg in Madurai,Onion
2019-12-11,city.trichy,Miscreants decamp with 50 kg onion from veggie shop,Onion
2019-12-12,city.mangaluru,Onion prices down but are still quite costly,Onion
2019-12-12,city.kolkata,Kolkata: Items struck off menu; eateries wait for onion to go below Rs 100,Onion
2019-12-12,city.nashik,Average wholesale onion price rises at Lasalgaon,Onion
2019-12-12,city.kolhapur,Onion price in local retail markets buck Lasalgaon trend,Onion
2019-12-12,city.goa,Onion prices dip to Rs 79/kg at Goa horticulture units,Onion
2019-12-12,city.lucknow,After slide; onion prices rise again in Lucknow,Onion
2019-12-13,city.kolkata,Steady supply of onion to bring price below Rs 100/kg in Kolkata,Onion
2019-12-14,city.kolkata,West Bengal: After 18-day upward run; onion dips to Rs 100 per kg,Onion
2019-12-14,city.ahmedabad,Gujarat: Onion sowing picks up; may soften prices soon,Onion
2019-12-14,city.pune,Pune: Onion prices rise after a brief slide,Onion
2019-12-14,city.lucknow,Onion effect: Biryani brands mull price hike,Onion
2019-12-15,city.goa,Heartburn for consumers as onion rates climb to Rs 78 per kg,Onion
2019-12-15,india,Bumper onion harvest makes debt-hit farmer a crorepati,Onion
2019-12-16,city.nagpur,Onion prices up again; but farmers left with little stock,Onion
2019-12-17,city.bhubaneswar,After breather; onion inches back to Rs 120/kg,Onion
2019-12-17,city.vijayawada,Some consolation finally as onion prices fall to Rs 85/kg,Onion
2019-12-17,city.hyderabad,Hyderabad: Onion supplies hit; artificial price hike in market expected,Onion
2019-12-17,city.goa,Onion rate at horticulture outlets shoots up to Rs 94,Onion
2019-12-18,city.goa,Short-lived relief: After brief dip; onion prices climb to Rs 94,Onion
2019-12-18,city.lucknow,Lucknow: Onion sizzles at Rs 140 per kg once more,Onion
2019-12-19,city.coimbatore,Horticulture dept to promote big onion cultivation in dist,Onion
2019-12-19,city.nashik,Rise in supply leads to drop in wholesale onion prices at Lasalgaon,Onion
2019-12-19,city.pune,Pune: Garment store offers onion freebie for Rs 1;000 shopping to pep up sales,Onion
2019-12-20,city.chennai,As more truckloads arrive; onion prices drop to Rs 120 a kg in Chennai,Onion
2019-12-22,city.visakhapatnam,Visakhapatnam: Onion prices likely to fall by mid-January,Onion
2019-12-24,city.vijayawada,In capital region; onion crop brings smiles to farmers' faces,Onion
2019-12-27,city.kolkata,Onion price woes persist despite wholesale rate dip,Onion
2019-12-28,city.patna,Patna: Garlic leaves onion behind as price crosses Rs 200 per kg,Onion
2019-12-30,city.chandigarh,Punjab Agricultural University develops technology of preserving onion products,Onion
2019-12-31,city.rajkot,Thief arrested for stealing onion; ground nut supply,Onion
2019-12-31,city.kolkata,West Bengal: Additional 5;000-tonne off-season onion produce likely to check price rise,Onion
2019-12-31,city.goa,Goa: Onion; veggie supply to be hit by New Year's Eve rush,Onion
2020-01-01,city.hyderabad,Onion price in Hyd dips to Rs 90/kg,Onion
2020-01-01,city.nashik,Maharashtra: Onion prices dip 34 per cent in two days as supply increases,Onion
2020-01-02,city.nashik,Avg wholesale onion price crashes by Rs 1;000 in a day,Onion
2020-01-02,city.lucknow,No cheer: Spurt in tomato; onion & potato prices burns hole in pockets,Onion
2020-01-04,city.kolkata,Kolkata: Onion price starts to ease; expected to drop further,Onion
2020-01-05,city.bhopal,After onion; tomato price in the red with three-fold hike,Onion
2020-01-05,city.jaipur,Import from Maha; Guj drops onion prices in Raj,Onion
2020-01-05,city.lucknow,Lucknow: After onion tears; garlic may now fly off your plate,Onion
2020-01-06,city.mysuru,Onion prices dip below Rs 60 in wholesale market,Onion
2020-01-11,city.nashik,Average wholesale onion price drops to 3;000 per quintal,Onion
2020-01-15,city.kolkata,Onion price dips below government subsidy rate in West Bengal,Onion
2020-01-16,city.lucknow,UP: Onion truck; driver looted in Jalaun,Onion
2020-01-17,city.goa,Onion prices down to Rs 60; likely to normalise next week,Onion
2020-01-22,city.pune,Pune: Potato going the onion way as supplies fall in markets,Onion
2020-01-25,city.kolkata,Onion price rises to Rs 80/kg yet again; traders blame short supply,Onion
2020-01-28,city.nashik,Onion prices crash by 35% at Lasalgaon,Onion
2020-02-01,city.nashik,Maharashtra: Onion glut at Lasalgaon; 70% drop in average wholesale price,Onion
2020-02-01,city.trichy,Onion farmers seek relief for crop loss,Onion
2020-02-02,city.nashik,Onion; grape farmers at odds in Nashik,Onion
2020-02-06,city.nashik,Nashik traders seek rollback of onion export ban,Onion
2020-02-08,city.bhopal,After record highs; onion brings tears with new lows,Onion
2020-02-11,city.nashik,Farmers protest against ban on onion export,Onion
2020-02-12,city.goa,Onion prices stabilise; now sell at Rs 29/kg at state outlets; Rs 40/kg in retail market,Onion
2020-02-12,city.chennai,Onion prices drop to Rs 25/kg in Chennai,Onion
2020-02-17,city.nashik,Farmers seek Maharashtra CM Uddhav Thackeray intervention on withdrawal of ban on onion export,Onion
2020-02-29,city.nashik,Govt lifts export ban; onion starts fetching higher rates at Lasalgaon,Onion
2020-03-03,city.nashik,Farmers stop onion auction after wholesale price crashes below Rs 1;500,Onion
2020-03-04,city.rajkot,Gujarat: Onion prices expected to rise as Union government lifts export ban,Onion
2020-03-06,city.nashik,NCP blocks highway over 'delay' in lifting onion export ban,Onion
2020-03-09,city.kolkata,In three months; onion goes from Rs 100 to Rs 20 in Kolkata,Onion
2020-03-11,city.nashik,Harvest of summer onion begins; crop arrives at Lasalgaon,Onion
2020-03-13,city.nashik,Centre lifts stock limits on onion wholesalers; retailers,Onion
2020-03-16,city.nashik,41% drop in onion exports from Halcon this year,Onion
2020-03-17,city.nashik,Increased onion arrival causes minor price cut,Onion
2020-03-19,city.nashik,Wholesale onion prices drop 30% in 3 days at Lasalgaon,Onion
2020-03-31,city.nashik,Lasalgaon onion market to be shut from today,Onion
2020-03-31,city.pune,Less arrival of onion and potato to jack up prices in Pune,Onion
2020-04-01,city.hubballi,Onion growers struggle to sell produce,Onion
2020-04-01,city.nashik,Onion auctions shut in APMCs across Nashik district; scarcity likely,Onion
2020-04-02,city.pune,Onion rates dip below Rs 10/kg for the first time this season in Pune,Onion
2020-04-07,city.rajkot,Onion shortage likely as lockdown affects harvesting,Onion
2020-04-07,city.pune,Marginal rise in wholesale price of onion & potato,Onion
2020-04-09,city.nashik,Maharashtra: District APMCs reduce onion auction timings; curtail auction,Onion
2020-04-16,city.nashik,Avg wholsesale onion price drops 20% at Lasalgaon,Onion
2020-04-17,city.nagpur,Lockdown hits Akola onion growers hard,Onion
2020-04-21,city.trichy,Small onion farmers in Trichy district struggle to sell 1;000 tonnes of produce,Onion
2020-04-27,india,Mumbai to Prayagraj: Man uses onion passport to cross lockown barriers,Onion
2020-04-28,city.nashik,Wholesale onion prices rise by Rs 50 to stabilise at Rs 900/quintal,Onion
2020-05-02,city.indore,Madhya Pradesh: Bumper crops; no market leave onion farmers in tears,Onion
2020-05-11,city.mysuru,After lockdown woes; onion farmers hit by twister blight,Onion
2020-05-14,city.rajkot,Onion farmers wail over meagre prices of produce,Onion
2020-05-15,city.rajkot,Onion farmer ends life; family blames meagre returns on produce,Onion
2020-05-16,city.nashik,Maharashtra: Onion auction at Lasalgaon begins after 8-day break,Onion
2020-05-19,city.pune,Retail price of onion plummets in Pune,Onion
2020-05-21,city.nashik,Nashik: Average wholesale onion price stabilizes at Lasalgaon,Onion
2020-05-28,city.ahmedabad,Ahmedabad: Onion; green chilli prices plunge amid low demand from hotels,Onion
2020-06-09,city.nashik,Onion prices rise by 18% at Lasalgaon as demand goes up,Onion
2020-06-10,city.nashik,Wholesale onion price up 13%,Onion
2020-06-12,city.nashik,Onion price stays around Rs 900/quintal,Onion
2020-07-08,city.nashik,Centre increases onion procurement target,Onion
2020-07-29,city.nashik,Onion farmers begin missed call agitation,Onion
2020-08-11,city.nashik,Rs 100 rise in wholesale price as rain hits onion supplies,Onion
2020-08-14,city.nashik,Onion prices up 30% as supply falls at Lasalgaon,Onion
2020-08-18,city.nashik,Onion wholesale price crosses Rs 1;000/quintal,Onion
2020-08-19,city.chennai,Chennai: Rs 1.3cr ganja seized from onion-laden truck; 2 held,Onion
2020-08-20,city.nashik,Avg wholesale onion price shoots up by 48% at Lasalgaon APMC,Onion
2020-08-24,city.nashik,Onion prices up 33% at Lasalgaon,Onion
2020-08-25,city.nashik,Avg wholesale onion price falls by 30% to Rs 1;200/quintal in Lasalgaon,Onion
2020-09-01,city.rajkot,Onion hub cries for biz as nCov drags down exports,Onion
2020-09-05,city.nashik,Onion fetches Rs 2;000 per quintal at Lasalgaon amid short supply,Onion
2020-09-10,city.nashik,Average wholesale onion price rises to Rs 2;400/quintal,Onion
2020-09-10,city.mumbai,Maharashtra: Prices of tomato; potato and onion hit the roof,Onion
2020-09-10,city.thane,Maharashtra: Prices of tomato; potato and onion hit the roof,Onion
2020-09-10,city.navimumbai,Maharashtra: Prices of tomato; potato and onion hit the roof,Onion
2020-09-16,city.ahmedabad,Ahmedabad: Onion price may touch Rs 100/kg by end of October,Onion
2020-09-18,city.hubballi,Karnataka onion growers staring at huge losses as Centre bans exports,Onion
2020-09-18,india,Revoke ban on onion exports; urges B'desh,Onion
2020-09-19,city.nashik,Nashik: Onion farmers plan sit-in in front of MPs' houses,Onion
2020-09-20,city.nashik,Onion traders from Nashik relieved; no joy for farmers,Onion
2020-09-20,city.kolkata,Onion export to Bangla resumes after DGFT nod,Onion
2020-09-22,city.coimbatore,Lift onion export ban: Farmers,Onion
2020-09-23,city.nashik,At Rs 3;800/quintal; onion prices hit season's highest,Onion
2020-09-26,city.mumbai,Respond to exporters' plea on onion ban: Bombay HC to govt,Onion
2020-09-26,city.nashik,Avg wholesale onion price stabilizes at Rs3;200/quintal,Onion
2020-09-26,city.nashik,Nashik: Ban on onion export delays first CRT freight,Onion
2020-09-28,city.hyderabad,Onion prices start climbing down; consumption rises,Onion
2020-09-29,city.kolkata,Onion touches Rs 60; other vegetables too pinch pockets,Onion
2020-10-13,city.nashik,Avg wholesale onion price records season's highest at Rs 4;100,Onion
2020-10-15,city.nashik,Onion wholesale price touches season's high,Onion
2020-10-15,city.nashik,I-T search on premises of 12 Nashik onion traders,Onion
2020-10-16,city.nashik,Nashik: Onion auction stops at Lasalgaon amid I-T searches on big traders,Onion
2020-10-20,city.pune,Onion prices rise in Pune amid supply crunch,Onion
2020-10-20,business.india-business,Lasalgaon onion price hits this year's high of Rs 6;200 a quintal,Onion
2020-10-21,city.surat,Rain hits onion supply; prices go through roof in Surat,Onion
2020-10-21,city.trichy,Onion-shallot prices shoot up in Tamil Nadu due to rain; crop loss in other states,Onion
2020-10-21,city.nashik,Onion sells at Rs 7;100 per quintal in Maharashtra's Lasalgaon,Onion
2020-10-22,city.mumbai,Onion prices soar to Rs 100/kg in Mumbai; Pune,Onion
2020-10-22,city.coimbatore,Coimbatore: AIDWA members in district protest onion price hike; blame govts,Onion
2020-10-22,city.kolkata,Onion price in Kolkata shoots up to Rs 80/kg,Onion
2020-10-22,city.hyderabad,Supply crunch pushes onion prices to Rs 110/kg in Hyderabad,Onion
2020-10-22,city.pune,Onion prices soar to Rs 100/kg in Mumbai; Pune,Onion
2020-10-23,city.hubballi,Onion prices skyrocket during festive season,Onion
2020-10-23,city.kochi,Kerala: Soaring onion price brings tears,Onion
2020-10-23,city.nashik,Onion prices rise to Rs 6;200/quintalafter falling a day earlier at Lasalgaon,Onion
2020-10-23,city.delhi,Delhi: Onion and potato prices hit the roof in festive season,Onion
2020-10-23,city.madurai,Pricey onion leaves omelette lovers in tears,Onion
2020-10-24,city.visakhapatnam,Onion prices spike; subsidised sale starts in Visakhapatnam,Onion
2020-10-24,business.india-business,Onion prices soar; govt puts cap on stock with EC Act,Onion
2020-10-25,city.ahmedabad,Onion price set to cross Rs 100/kg mark in Ahmedabad,Onion
2020-10-26,city.indore,Indore: Soaring onion prices pinching pockets in festive season,Onion
2020-10-28,city.nashik,On day 2; wholesale onion markets wear deserted look,Onion
2020-10-28,city.trichy,Tamil Nadu: Onion; shallot prices down by Rs 20/kg,Onion
2020-10-29,city.kolkata,At Rs 100; onion price brings tears to eyes,Onion
2020-10-29,city.coimbatore,Salem dist administration arranges onion at Rs 45 per kilo for residents,Onion
2020-10-29,city.chennai,Chennai: Wholesale cost of onion drops by Rs 20,Onion
2020-10-30,city.nashik,Nashik traders set to resume onion auction at 15 APMCs on Friday,Onion
2020-10-30,business.india-business,Onion traders to get three days' time before enforcement of stock limits: Government,Onion
2020-10-31,city.nashik,Onion auctions resume; traders welcome Centre's relaxation,Onion
2020-10-31,city.trichy,Trichy: Bellary onion yet to be sold for Rs 45/ kg,Onion
2020-11-02,city.lucknow,UP CM Yogi Adityanath orders crackdown on hoarding of potato; onion,Onion
2020-11-04,city.nashik,Nashik: Onion price drops by 1;300 to 4k/quintal,Onion
2020-11-04,city.coimbatore,Onion will stay pricey till December; says TNAU,Onion
2020-11-04,city.lucknow,CM for cap on onion stock for retail; wholesale traders,Onion
2020-11-05,city.nashik,Onion prices drop for 2nd day in a row at Lasalgaon,Onion
2020-11-05,city.lucknow,Uttar Pradesh govt outlets to sell onion; other veggies cheap,Onion
2020-11-06,city.goa,Goa Forward Party: Why different onion rates at ration; horticulture stores,Onion
2020-11-06,city.aurangabad,Man booked for selling onion seeds,Onion
2020-11-10,city.trichy,483 tonnes of onion seized from poultry farms,Onion
2020-11-12,city.nashik,Average onion price falls as farmers rush to clear stock,Onion
2020-11-13,city.rajkot,Promote dehydrated onion in local markets; demands traders' body,Onion
2020-11-22,city.nashik,Onion farmer cheated of Rs 58K in Nashik,Onion
2020-11-26,city.ranchi,Rising onion; potato prices send family budgets haywire in Steel City,Onion
2020-11-28,city.jaipur,Villagers uproot onion plants from agri centre,Onion
2020-12-01,city.jaipur,Onion prices in Jaipur dip with improved supply,Onion
2020-12-05,city.kolkata,Dilip hits out at Trinamool over spiralling prices of potato; onion,Onion
2020-12-06,city.navimumbai,Navi Mumbai: APMC onion at Rs 15 per kg,Onion
2020-12-08,city.nashik,Two politicians seek onion export ban withdrawal,Onion
2020-12-10,city.nashik,Summer onion prices rise by 44% at Lasalgaon,Onion
2020-12-10,city.goa,Onion rates start to stabilise in Panaji; prices down by half,Onion
2020-12-10,city.hyderabad,Govt issues order imposing curbs on stocking of onion,Onion
2020-12-15,city.nagpur,Low onion output worries farmers as hopes of profits dim,Onion
2020-12-17,city.nashik,Tillers seek intervention of guv; Fadnavis to lift onion export ban,Onion
2020-12-18,india,Onion import relaxation to stay till Jan 31,Onion
2020-12-24,city.nashik,Maharashtra agriculture minister asked to help lift onion export ban,Onion
2020-12-31,city.nashik,Halcon starts getting onion export enquiries,Onion
2021-01-15,city.nagpur,Farmers to agitate if onion export ban returns: SC panel member,Onion
2021-01-15,city.kolkata,West Bengal: Onion pinches pocket; price jumps by Rs 20 in four days,Onion
2021-01-20,city.kochi,Kerala: 'Onion challenger' sets shining example for organic farmers,Onion
2021-01-21,city.nashik,Average wholesale onion price drops to Rs 2;600/quintal,Onion
2021-02-01,city.trichy,Farmers destroy onion crops damaged in rain,Onion
2021-02-03,city.nashik,Nashik: Low supply keeps average onion price on the higher side,Onion
2021-02-11,city.delhi,Delhi: Onion prices rise to Rs 60/kg; traders say relief likely soon,Onion
2021-02-14,city.ahmedabad,Gujarat: Bumper onion crop to boost exports,Onion
2021-02-15,city.pune,Pune: Onion price falls in retail market; slump in produce expected soon,Onion
2021-02-21,city.mumbai,Retail rates of onion soar to Rs 55-60 after 'unseasonal rain',Onion
2021-02-21,city.nashik,Marginal rise in wholesale onion price,Onion
2021-02-24,city.jaipur,Jaipur: Onion prices shoot up as rain damages crop in Maharashtra,Onion
2021-02-25,city.kolkata,Kolkata: Diesel price upswing makes onion dearer,Onion
2021-02-25,city.trichy,Horticulture dept to develop onion seedlings to stabilize price,Onion
2021-03-06,city.nashik,Wholesale onion prices fall 25% at Lasalgaon,Onion
2021-03-06,city.pune,Onion prices decrease after glut of new harvest,Onion
2021-03-17,city.goa,Surplus supply sees retail onion prices drop to Rs 35/kg,Onion
2021-03-20,city.nashik,Wholesale onion price at Rs 950/quintal,Onion
2021-04-02,city.nashik,Onion auction begins at Lasalgaon after five days,Onion
2021-04-07,city.nashik,Avg wholesale onion price drops below Rs 800 per quintal,Onion
2021-04-21,city.mumbai,Onion prices drop as supply beats demand in Mumbai,Onion
2021-05-04,city.nashik,Onion auction resumes after 6 days,Onion
2021-05-19,city.ahmedabad,Onion dehydration units battered; Alang infra hit,Onion
2021-05-21,city.ahmedabad,Cyclone Tauktae: Onion dehydration units in Gujarat stare at Rs 300 crore in damage,Onion
2021-05-21,city.trichy,Trichy's fish; onion traders decide to shut for more days,Onion
2021-06-07,city.kolkata,Kolkata: High transport cost pushes up onion price across retail markets,Onion
2021-07-02,city.nashik,Nashik: 7% drop in average onion price at Lasalgaon,Onion
2021-08-03,city.nashik,15% drop in average wholesale onion price at Lasalgaon market,Onion
2021-09-16,city.trichy,More farmers dump onion bulb; embrace seeds,Onion
2021-09-25,city.vijayawada,Andhra Pradesh: Onion prices crash at Kurnool market yard,Onion
2021-09-30,city.nashik,Rain hits onion; vegetable supplies to APMCs; wholesale rates increase,Onion
2021-10-03,city.navimumbai,Maharashtra: Alibaug white onion gets GI tag for health benefits,Onion
2021-10-07,city.nashik,Average wholesale onion price rises at Lasalgaon,Onion
2021-10-07,city.navimumbai,Maharashtra: Erratic rains lead to rise in onion prices,Onion
2021-10-07,city.madurai,Onion prices shoot up in Madurai due to rain-induced short supply,Onion
2021-10-13,city.nashik,Nashik: Onion prices climb to 6-month high at Lasalgaon,Onion
2021-10-15,city.mumbai,Maharashtra: Tomato hits Rs 80 a kg & onion strikes half century; skewing home budgets,Onion
2021-10-17,city.delhi,Twin trouble: Tomato; onion costlier in Delhi,Onion
2021-10-18,business.india-business,Onion & tomato prices rise in festive season; oil rates stable,Onion
2021-10-19,city.nashik,Average wholesale onion price falls 16% at Lasalgaon in a week,Onion
2021-10-19,city.vijayawada,Vijayawada: Onion; tomato go out of poor man's menu,Onion
2021-10-22,city.nashik,I-T searches on premises of seven onion traders in Nashik,Onion
2021-10-23,city.nashik,Onion prices up 15 per cent at Lasalgaon APMC,Onion
2021-10-25,city.nagpur,I-T raids on onion traders; Rs24Cr cash seized,Onion
2021-10-25,city.mumbai,maharashtra i t raids on onion traders in nashik yield rs 24 crore in cash,Onion
2021-11-01,city.hubballi,Onion growers; consumers in tears as middlemen make merry,Onion
2021-11-10,city.nashik,Onion auction resumes at Lasalgaon after 11 days,Onion
2021-11-17,city.nashik,Onion prices continue to drop at Lasalgaon,Onion
2021-12-02,city.nashik,Grape; onion & vegetable farmers worry as rain lashes Nashik dist,Onion
2021-12-20,city.bhopal,IAS officer in Madhya Pradesh orders probe into onion 'scam'; is shunted out,Onion
2021-12-31,city.indore,New crop pulls down prices of old onion in Madhya Pradesh,Onion
2022-01-06,city.nashik,15% rise in wholesale onion price,Onion
2022-02-10,city.indore,Drop in onion supplies lifts prices in wholesale market,Onion
2022-02-18,city.rajkot,Gujarat expects bumper onion crop,Onion
2022-02-22,city.nashik,Marginal rise in avg wholesale onion price at Lasalgaon,Onion
2022-03-02,city.nashik,Maharashtra: Average wholesale onion price falls by 15% at Lasalgaon,Onion
2022-03-06,city.mysuru,Karnataka: After steady rise; onion prices dip sharply in twin districts,Onion
2022-03-07,city.nashik,Area under summer onion cultivation up by 40% in Nashik district,Onion
2022-03-15,city.rajkot,Onion glut; farmers demand policy for price,Onion
2022-03-24,city.nashik,Onion prices drop 20% in Maharashtra's Lasalgaon,Onion
2022-04-06,city.nashik,Maharashtra: Average wholesale onion prices drop Rs 120 per quintal at Lasalgaon,Onion
2022-04-07,city.kolkata,Onion price bucks trend; stays low in Bengal,Onion
2022-04-13,city.hubballi,Karnataka: Price of onion plummets; farmers reduced to tears,Onion
2022-04-28,city.ahmedabad,Onion farmers to be paid Rs 2 more per kg in Gujarat,Onion
2022-05-01,city.chandigarh,Hry agri varsity to promote 'Hisar onion',Onion
2022-05-04,city.nashik,Drop in average wholesale onion price at Lasalgaon,Onion
2022-05-10,city.ahmedabad,100 crore allotted for onion assistance: State agri minister,Onion
2022-05-12,city.nashik,onion farmer cheated of over 9 5 lakh in nashik,Onion
2022-05-27,city.nashik,15% rise in avg wholesale onion prices,Onion
2022-06-06,city.nashik,Darekar blames state govt for onion farmers' problems,Onion
2022-06-09,city.nagpur,Low onion prices: Farmers hit back by holding produce,Onion
2022-06-12,city.nashik,Rain hits onion stock; houses in Nashik dist,Onion
2022-06-22,city.nashik,Nashik: Average wholesale onion price stabilises at Rs 1;300 per quintal at Lasalgaon,Onion
2022-07-04,city.nashik,Maha's 2021-22 onion exports 27.4% lower than past year,Onion
2022-07-10,india,Government throws open grand onion challenge,Onion
2022-09-06,city.nagpur,call for opening onion exports for relief to farmers in india and consumers in pak,Onion
2022-09-07,city.indore,Indore: Garlic; onion farmers hold protest; demand 'right price',Onion
2022-09-11,city.hubballi,Karnataka: Scientists encourage farmers to grow 'Bhima Super' onion,Onion
2022-09-18,times-special,India's biggest onion market is ready to pick up the tab,Onion
2022-09-30,city.pune,Nashik: Onion farmers block highway,Onion
2022-09-30,city.nashik,Nashik: Onion farmers block highway,Onion
2022-11-06,city.kolkata,Kolkata: Onion prices hit Rs 50/kg; traders blame demand-supply gap,Onion
2022-11-06,city.kolkata,Onion prices hit 50/kg; traders blame demand-supply gap,Onion
2022-11-08,city.bengaluru,bengaluru onion potato prices soar as supply hit due to rain,Onion
2022-11-14,city.kolkata,Nashik-UP supply brings down onion; potato prices across Kolkata,Onion
2022-11-15,city.nashik,Nashik: 20% rise in average wholesale onion price at Lasalgaon,Onion
2022-11-29,life-style.beauty,Remedy to hair loss with onion-based oil,Onion
2023-01-03,city.nashik,Maharashtra's onion exports up by 27% in April-October period,Onion
2023-02-01,city.nashik,30% drop in average wholesale onion price at Nashik's Lasalgaon APMC,Onion
2023-02-13,city.goa,Bountiful winter harvest sees tomato; onion prices drop,Onion
2023-02-25,world.rest-of-world,Onion shortage could trigger a global food crisis; fuel healthy diet worries,Onion
2023-02-26,city.nashik,nashik onion cultivator fears poor returns destroys ready to harvest 200 quintals of crop,Onion
2023-02-28,city.nashik,Onion farmers stall auction at Lasalgaon; Nandgaon markets,Onion
2023-02-28,india,Onion farmers protesting price crash stall auction at Lasalgaon,Onion
2023-03-01,city.mumbai,No business in Vidhan Parishad amid onion crash uproar in Maharashtra,Onion
2023-03-02,india,Relief for onion farmers; Nafed procurement pushes up price,Onion
2023-03-04,city.nashik,CM: Will talk to Centre about B'desh onion import duty,Onion
2023-03-08,city.ahmedabad,Rs 330 crore package for onion; potato farmers announced in Gujarat,Onion
2023-03-09,city.nashik,Avg wholesale onion price rises by 25 in Lasalgaon,Onion
2023-03-11,city.hyderabad,Onion prices crash due to excess stock,Onion
2023-03-11,city.nashik,Maharashtra's onion exports up by 40% in 8 months,Onion
2023-03-14,city.nashik,Eknath Shinde govt's ex gratia fails to appease onion growers in Maharashtra,Onion
2023-03-14,city.mumbai,Shinde's Rs 300 per quintal ex gratia fails to satisfy oppn; onion farmers in Maharashtra,Onion
2023-03-14,city.mumbai,Shinde's 300 per quintal ex gratia fails to satisfy oppn; onion farmers,Onion
2023-03-17,city.mumbai,Talks halt 'long march'; farmers claim Maharashtra CM Eknath Shinde's promised to up onion ex gratia,Onion
2023-03-20,life-style.beauty,How coconut; Bhringraj and onion reduce hair loss,Onion
2023-04-21,india,Unseasonal rains set to hit onion output,Onion
2023-05-06,city.nashik,Nafed to start onion procurement from May 15; supply glut hits price,Onion
2023-05-29,city.pune,Pune farmers stare at losses as heat affects onion stock,Onion
2023-06-30,city.nashik,Wholesale onion prices rise to Rs 1;300 per quintal,Onion
2013-07-02,city.lucknow,UP govt admits missing wheat purchase target,Wheat
2013-07-04,city.bengaluru,Cong's rice plan takes wheat toll,Wheat
2013-07-09,city.patna,Wheat scam worth Rs 3 cr detected,Wheat
2013-08-16,blogs,Distinguish between wheat and chaff,Wheat
2013-08-16,blogs,Dileep Padgaonkar: Distinguish between wheat and chaff,Wheat
2013-08-17,blogs,Deeba Rajpal: Dark Chocolate Whole Wheat Almond Biscotti ... healthy twice baked Italian cookies,Wheat
2013-08-23,city.chandigarh,3 held for sale of 150q wheat meant for BPL families,Wheat
2013-09-04,city.kanpur,Scientists discuss ways to improve wheat production at CSA meet on 3rd day of meet,Wheat
2013-09-07,city.bhubaneswar,Wheat dumped behind ICDS office,Wheat
2013-09-11,india,Overseas markets see rise in value of Indian wheat,Wheat
2013-09-29,city.bhubaneswar,200 quintals of wheat thrown into river,Wheat
2013-10-05,city.bhubaneswar,1 held in wheat dumping case,Wheat
2013-10-09,city.ahmedabad,Wheat bowl Bhal turns to cumin crop for profit,Wheat
2013-10-16,india,Minimum support price for wheat likely to be raised by Rs 50 per quintal,Wheat
2013-10-18,business.india-business,Minimum support price of wheat raised by Rs 50 to Rs 1;400 a quintal,Wheat
2013-10-21,business.india-business,Global buyers quote lower prices for Indian wheat,Wheat
2013-10-26,business.india-business,Dip in Indian wheat's global demand prompts price revision,Wheat
2013-11-13,city.chandigarh,Confed GM was last accused in wheat scam,Wheat
2013-11-15,city.thiruvananthapuram,Dead rats found in wheat given under central scheme,Wheat
2013-11-18,city.jaipur,Cong promises free 35kg wheat for BPL families; computer training to all,Wheat
2013-12-05,city.varanasi,Farmers informed about high yielding wheat seeds,Wheat
2013-12-12,city.chandigarh,Khemka seeks probe against HSDC officials siphoning off wheat seed,Wheat
2013-12-25,india,Procurement Scam: 27.5k quintal wheat goes missing in MP,Wheat
2014-01-19,city.gurgaon,Wheat allocated to districts,Wheat
2014-02-03,india,Multi-crore wheat scam in Madhya Pradesh,Wheat
2014-02-03,business.india-business,India's wheat; rice exports raise hackles at WTO,Wheat
2014-02-06,city.bhopal,Govt orders probe into wheat scam; teams to visit two districts,Wheat
2014-02-07,life-style.food.recipes,Recipe: Whole Wheat Chilla,Wheat
2014-02-14,city.thiruvananthapuram,Centre sanctions wheat distribution for APL families Wheat for APL families,Wheat
2014-02-14,india,Khemka sees conspiracy in wheat seed sale loss charge,Wheat
2014-02-15,india,Thousand tonnes of wheat rot on Bathinda plinth,Wheat
2014-04-15,india,Hail effect: Wheat output may fall in Maharashtra,Wheat
2014-04-19,city.chandigarh,TOI impact: CM visits native grain market to oversee wheat procurement process,Wheat
2014-04-20,city.lucknow,Weather change hits wheat crop,Wheat
2014-04-20,india,Despite adverse weather; wheat output expected to rise by 10% in Haryana,Wheat
2014-04-21,city.chandigarh,Wheat procurement hit as inspectors; commission agents spar over moisture content,Wheat
2014-04-26,city.gurgaon,AAP talks 'wheat' to woo farmers,Wheat
2014-05-02,city.gurgaon,Haryana procures 56L tonnes wheat,Wheat
2014-05-04,city.chandigarh,Procured wheat yet to be lifted from mandis causing glut,Wheat
2014-05-06,business.india-business,ITC; Cargill and other private companies increase wheat procurement,Wheat
2014-05-11,india,Rain; hailstorm destroy wheat; fruit crops in Himachal's Kangra,Wheat
2014-05-26,city.bhopal,69.17L MT wheat procured on support price in MP,Wheat
2014-06-03,india,Wheat: Problem of plenty in MP; Rajasthan,Wheat
2014-06-13,city.bhubaneswar,Wheat diversion tip of iceberg; says BJP,Wheat
2014-06-13,city.bhopal,In wheat bowl Madhya Pradesh; ghost farmers drain coffers of Rs 60 crore,Wheat
2014-06-19,city.chennai,High-yield wheat wins Indian scientist Rajaram 'Agri Nobel',Wheat
2014-06-29,city.patna,Paswan allows State Food Corporation to lift wheat; paddy allotted in April; May,Wheat
2014-07-08,city.bhopal,1 lakh quintals of wheat sent out of MP by FCI go 'missing',Wheat
2014-07-23,business.india-business,CCEA to discuss proposal to sell 10 million tonnes of wheat from FCI,Wheat
2014-07-26,india,SAD sold Rs 4/kg wheat to poor but held back Rs 1;600 crore: CAG,Wheat
2014-07-31,city.vadodara,Rainwater soaks tonnes of wheat,Wheat
2014-07-31,city.vadodara,Wasting wheat a regular affair now,Wheat
2014-08-01,city.vadodara,Day after protests; all wheat bags shifted to godown,Wheat
2014-08-30,city.kanpur,Boy suffers serious burns after falling into a wheat porridge cauldron,Wheat
2014-09-24,city.chandigarh,Punjab Agricultural University cautions farmers against yellow rust in wheat crop in advance,Wheat
2014-09-29,city.jaipur,Government to distribute free wheat in Baran,Wheat
2014-10-27,business.india-business,India seeks transit from Pakistan to supply wheat to Afghanistan,Wheat
2014-10-30,india,Govt increases minimum support price for Rabi crops; including wheat,Wheat
2014-10-31,city.chandigarh,Wheat MSP hike too little too late; say farmer unions,Wheat
2014-11-16,city.kanpur,CSA releases new variety of wheat for cultivation,Wheat
2014-11-22,city.chandigarh,Food bowl states' population allergic to wheat protein: Study,Wheat
2014-12-07,home.science,Wheat people vs rice people,Wheat
2015-01-05,city.chandigarh,Shanta writes to Centre over wastage of wheat in Punjab,Wheat
2015-01-20,city.kanpur,24 peacock found dead in wheat field,Wheat
2015-03-02,city.bhopal,Rain hits wheat crop in MP; sharbati likely to lose its sheen,Wheat
2015-03-04,india,Sangrur farmer gets PM award for highest wheat yield,Wheat
2015-03-09,home.environment.developmental-issues,Tech-savvy farmer saves wheat crop in Chandigarh,Wheat
2015-03-11,city.pune,India's food exports dip; wheat hit hardest,Wheat
2015-03-12,city.chandigarh,Wheat grains may not meet quality specifications: Haryana govt,Wheat
2015-03-14,city.nashik,Rain damages crops on 2;414 ha; onion and wheat worst affected,Wheat
2015-03-22,life-style.health-fitness.diet,Gluten-wheat-diary free food fad is dangerously unhealthy,Wheat
2015-03-31,india,Crop damage: Haryana reduces wheat procurement target to 65 lakh tonnes,Wheat
2015-04-02,city.jaipur,No bonus as wheat procurement begins in state,Wheat
2015-04-05,india,Sonia can't tell wheat crop from rice: Sukhbir Singh Badal,Wheat
2015-04-05,india,Sonia can't tell wheat crop from rice: Sukhbir Badal,Wheat
2015-04-07,city.chandigarh,Wheat crop gone; Hisar farmer hangs himself,Wheat
2015-04-07,business.india-business,India's 2015 wheat output could fall by 4-5%: Minister,Wheat
2015-04-08,city.varanasi,Centre to increase wheat procurement in UP,Wheat
2015-04-08,city.bhubaneswar,Pulses; wheat scarcity looms large in state,Wheat
2015-04-09,videos,Heavy rains in northern India may clip wheat output,Wheat
2015-04-12,city.chandigarh,FCI toughens stand on wheat storage in Punjab,Wheat
2015-04-14,life-style.food.recipes,Recipe: Homemade whole wheat pizza,Wheat
2015-04-14,city.bhopal,Rain wreaks havoc; wheat crop damaged,Wheat
2015-04-16,home.science,Soya-wheat mix can help protect immunity of HIV patients: Study,Wheat
2015-04-16,city.varanasi,Rain continues for third day; wheat yield goes down,Wheat
2015-04-17,city.jaipur,Centre's relief on wheat quality norms insufficient,Wheat
2015-04-18,city.patna,Wheat procurement scam surfaces in Rohtas,Wheat
2015-04-18,city.chandigarh,Centre asks Haryana to cut rain-hit wheat MSP; Punjab won't,Wheat
2015-04-19,city.chandigarh,Bathinda farmers protest to seek relaxation in wheat buying norms,Wheat
2015-04-19,india,Wheat lacks lustre; Haryana approaches Centre,Wheat
2015-04-21,india,Wheat crop loss in Haryana massive,Wheat
2015-04-22,city.chandigarh,Fire ravages 143 acres of wheat crop in 7 villages,Wheat
2015-04-22,city.chandigarh,Weather-hit Haryana scales down wheat output by 10 lakh tonnes,Wheat
2015-04-23,city.chandigarh,Farmers to get full MSP for low grade wheat,Wheat
2015-04-25,city.chandigarh,Farmers block traffic for 7 hours over wheat procurement,Wheat
2015-04-25,city.chandigarh,10L acre wheat damaged in Haryana,Wheat
2015-04-25,city.chandigarh,P'kula cops to check wheat supply from other states,Wheat
2015-04-25,india,10L acre wheat damaged in Haryana,Wheat
2015-04-26,city.chandigarh,Upset farmers pours kerosene over his wheat,Wheat
2015-04-26,city.chandigarh,Tardy lifting of wheat worries farmers,Wheat
2015-04-26,city.chandigarh,Kiran accuses state of forcing farmers to make distress sale of wheat,Wheat
2015-04-29,business.india-business,Will FCI be compelled to procure poor quality wheat?,Wheat
2015-04-29,india,Wheat piles up at mandis; bodies at Anaconda Canal in Punjab,Wheat
2015-04-29,city.chandigarh,Wheat piles up at mandis; bodies at Anaconda Canal,Wheat
2015-04-30,india,Centre to reimburse six states amount of value-cut for wheat,Wheat
2015-05-01,life-style.food.recipes,Whole wheat carrot cake recipe,Wheat
2015-05-02,life-style.food.recipes,Oats; cracked wheat; rava idli,Wheat
2015-05-03,city.chandigarh,Haryana buying wheat faster than 2014,Wheat
2015-05-05,city.chandigarh,Robbers intoxicate workers to decamp with 100 bags of wheat from grain market,Wheat
2015-05-07,city.chandigarh,Man dies as bike collides in thick smoke due to burning of wheat stubble,Wheat
2015-05-09,city.bareilly,Thieves squirrel away wheat from 10 acres of Army fields!,Wheat
2015-05-09,india,63.85 lakh tonne of wheat procured in Haryana,Wheat
2015-05-10,city.chandigarh,Farmers; commission agents yet to receive Rs 213.95 cr for wheat in Ferozepur,Wheat
2015-05-11,city.bengaluru,Dead rats; gutka sachets in Annabhagya wheat shocks villagers,Wheat
2015-05-11,city.bengaluru,Rats; gutka; beedis found in Anna Bhagya wheat,Wheat
2015-05-11,city.hubballi,Villagers in Hubballi find dead rats; gutka sachets in Anna Bhagya wheat,Wheat
2015-05-14,city.chandigarh,Farmer ends life after suffering huge losses in potato; wheat crops,Wheat
2015-05-20,city.chandigarh,Tardy lifting of wheat: Farmers block highway,Wheat
2015-06-02,city.chandigarh,Badal urges Centre to fix Rs 1;950 per Q as wheat MSP,Wheat
2015-06-06,city.ludhiana,Punjab Agro starts marketing first batch of organic wheat,Wheat
2015-06-22,city.chennai,Biography of 'Wizard of Wheat' out,Wheat
2015-06-29,india,FCI stuck with 24m tonnes of poor wheat,Wheat
2015-07-25,city.chandigarh,Subsidised wheat to be distributed to 336546 families under new Atta Dal scheme in district Ludhiana,Wheat
2015-07-31,city.bhopal,Wheat scam whistleblower found dead in Jabalpur,Wheat
2015-08-30,city.chandigarh,After Raxil; CBI may probe wheat seed scam,Wheat
2015-09-06,city.chandigarh,Wheat paddy crop cycle reason for declining soil fertility,Wheat
2015-09-07,city.pune,15 tonnes of wheat for PDS seized,Wheat
2015-09-26,city.chandigarh,After wheat and cotton; basmati to bleed farmers more,Wheat
2015-11-09,city.chandigarh,CM welcomes hike in wheat MSP,Wheat
2015-11-11,city.chandigarh,1.82 lakh wheat bags go missing; 7 officials booked,Wheat
2015-11-14,india,Wheat worth Rs 12.5 crore rots in Bathinda,Wheat
2015-12-05,india,Gujarat's 3.5cr poor to get wheat and rice at Rs 2/kg,Wheat
2015-12-05,city.chandigarh,High temperatures may hit wheat yield: IIWBR,Wheat
2015-12-07,city.amritsar,Kidney bean king kills wheat-paddy cycle,Wheat
2015-12-08,india,Punjab to auction 2 lakh tonne rotten wheat,Wheat
2015-12-08,city.chandigarh,Punjab to auction 2L tonne rotten wheat,Wheat
2015-12-08,removed,Gujarat's poor to get wheat and rice at Rs 2/kg,Wheat
2015-12-27,city.vadodara,Two held for stealing wheat,Wheat
2015-12-29,india,No wheat or cotton; Malwa trio cashes in on strawberries,Wheat
2016-01-02,city.chandigarh,PAU cautions farmers about yellow rust in wheat,Wheat
2016-01-04,city.vijayawada,Andhra Pradesh CM orders inquiry into 'adulterated' wheat flour given to poor,Wheat
2016-01-07,city.chandigarh,Pathankot air base attackers strolled over garlic; wheat fields in Bamiyal,Wheat
2016-01-10,home.environment.global-warming,Higher temperatures during winter can hit wheat crop: Experts,Wheat
2016-01-12,city.jaipur,Soaring temperature may hit wheat; mustard crop; fear farmers,Wheat
2016-01-30,city.chandigarh,Gang of wheat lifters busted,Wheat
2016-02-15,life-style.health-fitness.weight-loss,Avoid wheat; sugar; dairy products to lose weight: Katrina Kaif,Wheat
2016-02-15,entertainment.hindi.bollywood,Avoid wheat; sugar and dairy products to lose weight: Katrina Kaif,Wheat
2016-02-20,city.ludhiana,PAU warns farmers of fungal infection in wheat,Wheat
2016-02-20,city.ludhiana,Agri varsity warns farmers of fungal infection in wheat,Wheat
2016-03-04,city.vadodara,Man held with 3.5 tonne of illegal wheat,Wheat
2016-03-07,city.chandigarh,Untimely rain threatens wheat crop,Wheat
2016-03-10,city.chandigarh,Start wheat procurement on April 1: Arhtiyas,Wheat
2016-03-13,city.noida,Untimely rain and hail damage Gautam Budh Nagar wheat-fields,Wheat
2016-03-14,city.noida,Surprise rain; hail damage wheat crop,Wheat
2016-03-18,city.chandigarh,Start wheat procurement on April 1: Arhtiyas to govt,Wheat
2016-03-20,city.jaipur,Rajasthan tops in wheat production,Wheat
2016-03-26,city.delhi,Wheat; other grains weaken on low demand,Wheat
2016-03-29,city.jaipur,Punjab farmers praying for good wheat yield in Rajasthan,Wheat
2016-03-29,city.kanpur,Erratic weather harmful for wheat; mango crops,Wheat
2016-04-03,world.pakistan,Gangrape case settled for 1;200kg of wheat in Pakistan,Wheat
2016-04-05,city.chandigarh,Punsup strike to affect wheat procurement in state; distribution of pulses,Wheat
2016-04-05,city.chandigarh,In Patiala; gunny bags in demand gunny bags as wheat arrivals yet to begin in Patiala,Wheat
2016-04-14,city.chandigarh,Wheat procurement begins in Patiala; neighbouring districts,Wheat
2016-04-15,city.chandigarh,Wheat crop over 200 acres gutted,Wheat
2016-04-18,city.chandigarh,Wheat scam: Badal should resign; says CLP chief,Wheat
2016-04-21,city.chandigarh,RBI cleared Rs 17k cr for wheat purchase: Govt,Wheat
2016-04-22,city.chandigarh,Fire destroys wheat crop on 40 acres in Phagwara,Wheat
2016-04-23,india,In Jammu; fire razes wheat spread over 8 acres,Wheat
2016-04-27,city.bhopal,MP to procure 2cr tonnes of wheat,Wheat
2016-05-04,city.chandigarh,Congress to move HC over 'faulty' wheat procurement,Wheat
2016-05-08,india,Wheat packaging: Government seeks to boot out jute,Wheat
2016-05-21,city.amritsar,Govt claims on wheat stock misleading; says Congress leader Sunil Jakhar,Wheat
2016-06-04,city.kolhapur,Centre to get surplus rice; wheat for drought-hit states,Wheat
2016-06-04,india,Centre to get surplus rice; wheat for drought-hit states,Wheat
2016-06-25,city.chandigarh,CM trying to hush up wheat grain scam: Amarinder,Wheat
2016-07-30,life-style.health-fitness.health-news,Non-celiac 'wheat sensitivity' is an immune disorder; too,Wheat
2016-08-01,city.hubballi,400 wheat bags seized,Wheat
2016-08-02,city.bhopal,High Court rejects MP govt plea on lifting of 4;000 MT wheat,Wheat
2016-08-02,city.jaipur,Thief steals 40kg wheat; leaves trail of grain to get caught red-handed,Wheat
2016-08-08,city.ahmedabad,548 bags of FCI wheat; rice seized from private godown,Wheat
2016-08-13,city.delhi,Wheat edges up on increased offtake by flour mills,Wheat
2016-09-29,city.chennai,Centre jacks up rice; wheat prices for Tamil Nadu,Wheat
2016-10-17,life-style.health-fitness.health-news,Certain kind of protein in wheat may escalate chronic health conditions,Wheat
2016-11-04,india,Govt to release 1 million tonnes of wheat in market,Wheat
2016-11-04,city.jaipur,9 quintal of wheat meant for students stolen in Baran district,Wheat
2016-11-05,city.jaipur,9 quintals of wheat meant for schoolchildren stolen,Wheat
2016-11-07,city.jaipur,No wheat for new ration card holders in Baran villages,Wheat
2016-11-17,city.kanpur,Demonetisation may lead to rise in wheat price,Wheat
2016-11-22,india,FCI to double wheat supply to check prices,Wheat
2016-12-18,city.ranchi,BAU scientists to show farmers way to grow wheat without tilling land,Wheat
2016-12-22,city.chennai,MS Swaminathan warns against cheap imports of wheat,Wheat
2016-12-25,city.lucknow,We needed money to sow wheat,Wheat
2017-01-03,city.pune,Textbooks of sugar cane and wheat on cards,Wheat
2017-01-03,city.bhopal,Madhya Pradesh expects bumper wheat output after record sowing,Wheat
2017-01-05,city.chandigarh,Wheat stock meant for poor seized from godown,Wheat
2017-01-05,city.chandigarh,Poll code: Wheat distribution through PDS halted midway,Wheat
2017-01-23,city.jaipur,Centre plans to provide fortified wheat flour for mid day meal in Rajasthan,Wheat
2017-01-27,business.india-business,Wheat acreage up 7.87%; rains boosting crop prospects,Wheat
2017-01-28,business.india-business,Wheat; rice basmati strengthen on increased offtake,Wheat
2017-02-16,city.rajkot,Climate change won't hit wheat crop anymore,Wheat
2017-02-28,city.chandigarh,AAP wants all-party meet for smooth wheat procurement,Wheat
2017-03-05,city.kolkata,Deadly fungi in wheat crop on Bangla border?,Wheat
2017-03-07,city.bhopal,Farmers being fleeced in mandis; paid less for wheat: BJP MLA,Wheat
2017-03-10,city.jind,Hailstorm damages wheat; mustard in Bhiwani,Wheat
2017-03-11,city.chandigarh,Rain; hailstorm damage wheat crop in Ferozepur,Wheat
2017-03-13,city.rajkot,FPS wheat; rice seized in raid at Banaskantha,Wheat
2017-03-16,city.thiruvananthapuram,Wheat balls; chappatis and a business model,Wheat
2017-03-23,city.chandigarh,Capt Amarinder Singh meets Arun Jaitley; seeks CCL for wheat harvest,Wheat
2017-03-28,city.noida,Farmers hail CM'S offer of wheat buy,Wheat
2017-03-29,india,10% import duty to be levied on wheat; pulses,Wheat
2017-03-31,city.lucknow,No mediator in wheat purchase: Uttar Pradesh CM,Wheat
2017-04-06,city.bareilly,Authorities set Rs 3.02Lakh metric tonnes wheat purchase target for Pilibhit,Wheat
2017-04-06,city.chandigarh,Rain; hailstorm damage wheat crop in parts of Patiala,Wheat
2017-04-10,city.patna,Nor'wester damages wheat; pulse crops in state,Wheat
2017-04-11,city.chandigarh,Congress MLAs accompany DCs to oversee wheat procurement,Wheat
2017-04-12,city.chandigarh,Over 20 acres of wheat crop lost in fire,Wheat
2017-04-12,city.lucknow,Make payment to wheat farmers within 72 hours,Wheat
2017-04-16,city.ludhiana,Fire destroys wheat crop on 134 acres in 3 villages,Wheat
2017-04-19,city.chandigarh,Trying to save wheat crop from fire; farmer burns to death,Wheat
2017-04-19,business.india-business,Wheat procurement up 14% to 119 LT,Wheat
2017-04-21,city.bhopal,State bags fifth Krishi Karman for wheat output,Wheat
2017-04-24,city.meerut,15-min hailstorm damages wheat; mango crops in Meerut region,Wheat
2017-04-24,city.chandigarh,Wheat crop gutted: Navjot Singh Sidhu announces Rs 24 lakh compensation to farmers,Wheat
2017-04-25,city.amritsar,Farmer outfits allege fraud in wheat procurement,Wheat
2017-05-02,city.agra,Agra wheat procurement at just 7.5% of target; officials want government to revise figure,Wheat
2017-05-04,city.chandigarh,296 Haryana farmers challaned for burning wheat stubble,Wheat
2017-05-10,city.chandigarh,Farmers defy ban; burn wheat stubble in more than 10 villages,Wheat
2017-05-12,city.lucknow,Wheat purchase lagging despite strict CM orders,Wheat
2017-05-13,city.chandigarh,Haryana detected 826 wheat stubble burning cases in rabi season,Wheat
2017-05-22,city.patna,JD(U) assails Centre over wheat price,Wheat
2017-05-22,business.india-business,Wheat; rice basmati edge up on increased offtake,Wheat
2017-05-22,business.india-business,Wheat; rice basmati strengthen on rising demand,Wheat
2017-05-22,business.india-business,Record payment made to wheat growers in Punjab,Wheat
2017-07-13,business.india-business,Wheat edges up on scattered demand,Wheat
2017-08-05,city.chandigarh,Wheat worth Rs 700 crore damaged in 4 years,Wheat
2017-08-10,city.chandigarh,Phoolka alleges Rs127 crore wheat scam in 'atta-dal' scheme,Wheat
2017-08-17,city.chandigarh,2 food inspectors suspended over pilferage of PDS wheat,Wheat
2017-09-04,city.chandigarh,Bags of wheat found wet at Amritsar's godown,Wheat
2017-09-04,city.amritsar,Bags of wheat found wet at Amritsar's godown,Wheat
2017-10-31,city.bengaluru,Govt to restore 2kg wheat under Anna Bhagya for North Karnataka,Wheat
2017-11-10,city.nagpur,Prices of white peas; wheat rise,Wheat
2017-11-21,city.dehradun,SIT to visit Uttar Pradesh; Bihar to investigate 16 crore wheat seeds scam,Wheat
2017-11-21,city.bengaluru,The grapes of rot: Govt bought 56;000 quintals of wheat; only to waste,Wheat
2017-12-07,city.bhopal,Day after raid; 5 held for hoarding wheat,Wheat
2017-12-10,business.india-business,Wheat sowing down 6.23%; to pick pace in coming weeks: Govt,Wheat
2017-12-12,city.noida,Low rainfall; high sowing costs likely to reduce wheat production by 25%,Wheat
2017-12-14,city.bhopal,Wheat sowing may go down this year,Wheat
2017-12-21,city.agra,Dalit lynched for 'stealing' wheat,Wheat
2017-12-27,city.indore,Barwani truck dec 26 Truck carrying stolen wheat seized; driver held,Wheat
2018-01-02,home.science,NASA-inspired technique boosts wheat production threefold,Wheat
2018-01-14,city.ahmedabad,Narmada canal breached; wheat crop damaged,Wheat
2018-01-27,city.chandigarh,Wheat crop in over 200 acres damaged; farmers blame spurious weedicide,Wheat
2018-02-26,city.chennai,Gang attempts to smuggle wheat worth Rs 7 lakh; held,Wheat
2018-03-07,city.jaipur,Farmer leader seeks loan waiver; bonus on wheat,Wheat
2018-03-17,city.chandigarh,Truck operators oppose wheat-loading policy,Wheat
2018-03-23,city.chandigarh,Negligence led to damage of 20;000 metric tonne of wheat: CAG,Wheat
2018-03-29,city.chandigarh,Truckers protest in Bathinda against wheat-loading policy calling it 'anti-operator',Wheat
2018-03-31,city.chandigarh,Food security? 6;000 tonne wheat turns manure in Moga,Wheat
2018-04-02,city.chandigarh,Wheat procurement: Truckers still adamant; government looks to tractors,Wheat
2018-04-04,city.chandigarh,Truckers in Punjab not to lift wheat; govt unfazed,Wheat
2018-04-05,city.chandigarh,Punjab to get Rs 21;000 crore CCL for wheat procurement today,Wheat
2018-04-06,city.chandigarh,Don't force truckers to lower rates of wheat transport: Sukhbir,Wheat
2018-04-06,city.chandigarh,Congress leader slaps food inspector accused of siphoning off PDS wheat,Wheat
2018-04-06,business.india-business,Punjab CM chairs meeting; asks police to ensure smooth wheat procurement,Wheat
2018-04-11,city.chandigarh,RBI releases Rs 18;124 crore CCL to Punjab for purchase of wheat,Wheat
2018-04-11,business.india-business,CCL cleared for purchase of wheat,Wheat
2018-04-11,city.chandigarh,RBI releases Rs 18 crore cash credit limit for purchase of wheat,Wheat
2018-04-14,city.chandigarh,Agencies instructed to ensure smooth procurement of wheat: Sunil Jakhar,Wheat
2018-04-19,city.chandigarh,Space shortage hits FCI wheat procurement in Bathinda; Mansa,Wheat
2018-04-19,city.noida,Crop destroyed in fire as power line falls on wheat field,Wheat
2018-04-21,city.chandigarh,UP; Rajasthan farmers sell wheat in Haryana mandis,Wheat
2018-04-21,city.gurgaon,Wheat procurement: Punjab farmers say UP; Rajasthan tillers ate up their quota,Wheat
2018-04-22,city.chandigarh,Rs 378 crore released to farmers against wheat procurement,Wheat
2018-04-24,city.chandigarh,Record wheat procurement in Fazilka,Wheat
2018-04-24,city.chandigarh,Tardy lifting of wheat hits farmers; traders,Wheat
2018-04-24,city.jaipur,Peasants cheated by agents at wheat procurement centre,Wheat
2018-04-25,city.chandigarh,Tardy lifting of wheat hits farmers; traders,Wheat
2018-04-25,city.chandigarh,Will ensure timely procurement of wheat from mandis,Wheat
2018-04-26,city.chandigarh,Need additonal trains to move wheat in mandis,Wheat
2018-04-28,city.gurgaon,Wheat crop in over 85 acres gutted in Haryana,Wheat
2018-04-30,city.chandigarh,Space crunch: Wheat being stored in village cremation ground,Wheat
2018-05-01,city.chandigarh,Punjab govt to compensate for damage to wheat on 793 acres,Wheat
2018-05-01,city.chandigarh,Standing wheat crop destroyed in fire,Wheat
2018-05-13,city.vadodara,4;000 kg wheat seized from truck,Wheat
2018-05-16,city.chandigarh,Over 125 lakh tonnes of wheat procured in Punjab,Wheat
2018-05-17,city.gurgaon,Sudden rain damages wheat in Meham; Kiloi grain markets,Wheat
2018-05-28,city.patna,Wheat farmers struggle to sell crop at fair prices,Wheat
2018-06-27,city.noida,522 rice and wheat sacks of Food Corporation of India seized from private godown,Wheat
2018-07-19,city.surat,FPS owner sells wheat at Rs 150/kg; held,Wheat
2018-07-27,city.bareilly,Akhilesh Kumar Mishra orders probe into use of rotting wheat for making midday meal,Wheat
2018-09-10,city.mangaluru,PDS rice; wheat worth Rs 8.2 lakh misappropriated: police,Wheat
2018-09-24,business.india-business,Wheat edges up on flour mills offtake,Wheat
2018-10-06,city.chandigarh,stubble burningmechanization of wheat sowing only option but will take few years,Wheat
2018-10-27,city.pune,As festival nears; prices of bajra; wheat & jowar rise,Wheat
2018-10-27,city.chandigarh,Punjab to probe after 3.94 lakh ration card holders didn't use up their wheat quota,Wheat
2018-11-02,city.amritsar,Punjab farmers fear loss of wheat yield due to delayed sowing,Wheat
2019-01-04,city.bengaluru,Better; not bitter: Breweries say cheers to wheat beer,Wheat
2019-03-03,city.bareilly,Farmers demand Rs 2;400/quintal minimum support price for wheat; paddy,Wheat
2019-03-14,city.ludhiana,Three held for selling wheat kept for poor,Wheat
2019-03-25,city.bareilly,Large mugger croc rescued from wheat field,Wheat
2019-04-17,city.amritsar,Untimely rain damages wheat crop in Punjab's Malwa region,Wheat
2019-04-21,city.agra,Farmers fear variation in temperature will affect wheat crop,Wheat
2019-04-22,city.dehradun,Fire season causes worry for wheat farmers in Terai,Wheat
2019-04-26,city.chandigarh,Slow lifting of wheat irks farmers; arhtiyas; payments yet to be released,Wheat
2019-04-27,city.jaipur,Wheat procurement to begin soon in Rajasthan,Wheat
2019-04-28,city.meerut,massive fire destroys standing wheat crop across 1500 bigha od land,Wheat
2019-04-29,city.dehradun,Shortage of gunny bags; storage godowns leading to slow pace of wheat procurement in Udham Singh Nagar,Wheat
2019-05-01,city.gurgaon,Lifting slow; huge stocks of wheat pile up in Haryana grain markets,Wheat
2019-05-07,elections.lok-sabha-elections-2019.punjab.news,Amarinder Singh rally tomorrow; all wheat procured,Wheat
2019-05-22,city.delhi,Two workers trapped in wheat factory,Wheat
2019-06-14,city.lucknow,Uttar Pradesh fails to meet wheat purchase target,Wheat
2019-06-20,home.science,This wheat crop can survive drought,Wheat
2019-08-25,city.ludhiana,Wheat seeds for flood-hit farmers,Wheat
2019-09-17,life-style.food-news,Fight hidden hunger with wheat,Wheat
2019-10-24,city.chandigarh,Rs 85/quintal wheat MSP increase paltry: Chief minister Amarinder Singh,Wheat
2019-11-06,city.goa,Release 165 wheat sacks attached in raid: North Goa district court,Wheat
2019-11-07,city.chandigarh,Crop fires have roots in Green Revolution; government MSP for rice and wheat,Wheat
2019-12-21,city.gurgaon,Pest attack on wheat sown using stubble management machine,Wheat
2020-01-16,city.shimla,Hailstorm; rain damage wheat on 650 acres in Ladwa villages,Wheat
2020-01-24,city.pune,Wheat; gram sowing area rises in Maharashtra,Wheat
2020-01-30,city.dehradun,Untimely rains damage acres of wheat; mustard and peas in Terai,Wheat
2020-02-19,city.bhopal,Nimar chilli; Hoshangabad wheat to get pride of place,Wheat
2020-03-07,city.bareilly,Rain; hail damage wheat; lentil & mustard crops in west Uttar Pradesh,Wheat
2020-03-07,city.agra,Rain; hail damage wheat; lentil & mustard crops in west Uttar Pradesh,Wheat
2020-03-09,city.dehradun,Rain; hail damage 30% of wheat crop in Haridwar,Wheat
2020-03-21,city.bareilly,Farmers see red over new wheat procurement policy,Wheat
2020-03-27,city.dehradun,To ensure supply; govt to procure wheat from FCI on behalf of flour mills,Wheat
2020-03-31,city.patna,FCI to supply 55;000 MT wheat to Bihar: Sushil Kumar Modi,Wheat
2020-04-03,city.bareilly,Uncertainty over UP wheat crop procurement persists,Wheat
2020-04-04,city.kolkata,Resume wheat truck movement to avert flour crisis,Wheat
2020-04-05,city.gurgaon,Harvesting from April 14 in Haryana; farmers to delay wheat reaping,Wheat
2020-04-08,city.bhopal,Farmers worry as wheat yet to be harvested in most areas,Wheat
2020-04-10,city.bareilly,Procure entire wheat crop in country: Farmer panel to PM,Wheat
2020-04-13,city.lucknow,Wheat procurement to revving up rural economy in Uttar Pradesh,Wheat
2020-04-14,city.bareilly,Now; farmer organisations can directly procure wheat; veggies; fruits from farms,Wheat
2020-04-14,city.patna,Wheat harvesting gathers momentum in Bihar,Wheat
2020-04-15,city.lucknow,UP government to start wheat purchase from today,Wheat
2020-04-16,city.patna,Ensure max wheat procurement: Bihar CM,Wheat
2020-04-16,city.bhopal,Wheat procurement begins; but less than 3;000 farmers turn up,Wheat
2020-04-20,city.patna,Bihar: Farmers not willing to sell wheat to PACS and dealers,Wheat
2020-04-20,city.patna,Hailstorm; unseasonal rain damage wheat crops,Wheat
2020-04-22,city.bareilly,Farmer from Gujarat donates 220 quintals of wheat to Shahjahanpur admin to help feed needy,Wheat
2020-04-22,city.bareilly,Wheat procurement centre in charge booked for corruption in Pilibhit,Wheat
2020-04-23,city.jaipur,Rajasthan CM Ashok Gehlot demands wheat from Centre,Wheat
2020-04-25,city.dehradun,Will pay full MSP amount for wheat to farmers: State govt to HC,Wheat
2020-05-02,city.jaipur,Rajasthan: Poor Sikar village donates 35 quintal wheat to needy,Wheat
2020-05-11,city.ludhiana,FCI allocates 2.12 lakh metric tonnes of wheat for Punjab,Wheat
2020-05-13,city.meerut,UP: Bijnor stares at 30 per cent wheat loss due unseasonal rainfall,Wheat
2020-05-17,city.dehradun,US Nagar farmer grows colorful wheat crops,Wheat
2020-05-17,city.gurgaon,Lack of hands; strike: Why wheat procurement hit hurdle in Haryana,Wheat
2020-05-24,city.jaipur,Distribution of wheat doubled in April; May: CM Ashok Gehlot,Wheat
2020-05-25,city.agra,Agra: Distressed farmers forced to sell wheat below support price,Wheat
2020-05-27,city.indore,Madhya Pradesh: Congress and BJP spar over death of farmer at wheat procurement centre,Wheat
2020-05-29,city.jaipur,Women SHGs create 'grain bank'; distribute wheat; sanitary napkins,Wheat
2020-06-01,city.chandigarh,'Asia's largest wheat procurement' operation over: Punjab CM Amarinder Singh,Wheat
2020-06-03,city.amritsar,21% more wheat straw burning cases in Punjab,Wheat
2020-06-05,life-style.food-news,Easy wheat flour desserts that you can make in a jiffy,Wheat
2020-06-05,city.chandigarh,Haryana to stop wheat purchase from June 6,Wheat
2020-06-12,city.jaipur,Rajasthan: 10kg wheat per person; two kg dal/family for two mths,Wheat
2020-06-12,city.chandigarh,Pb seeks extra wheat; pulses for labourers,Wheat
2020-06-15,city.chandigarh,Amarinder Singh seeks free wheat; pulses for 6 months more,Wheat
2020-06-18,city.amritsar,Punjab: Good wheat crop spurs demand for gold in rural areas,Wheat
2020-06-24,city.jaipur,FCI clarifies allegation on delay in wheat delivery,Wheat
2020-06-27,city.gurgaon,Three arhtiyas flee with wheat worth crores,Wheat
2020-06-27,city.jammu,Three arhtiyas flee with wheat worth crores,Wheat
2020-06-30,city.jaipur,Record wheat procurement at MSP this year despite lockdown in Rajasthan,Wheat
2020-06-30,city.jodhpur,Record wheat procurement at MSP this year despite lockdown in Rajasthan,Wheat
2020-06-30,city.udaipur,Record wheat procurement at MSP this year despite lockdown in Rajasthan,Wheat
2020-07-09,city.rajkot,Illegally hoarded wheat worth Rs 51L seized,Wheat
2020-07-10,city.gurgaon,Climate change could lower wheat; rice yields in Haryana in 15 yrs: GJUST study,Wheat
2020-07-28,city.chandigarh,Pb dispatched 27 LMT wheat; 52 LMT rice to other states,Wheat
2020-08-09,city.agra,11-year-old brutally thrashed for stealing wheat in Agra village; father arrested,Wheat
2020-09-01,city.bareilly,Two die; three hurt as running wheat grinding machine explodes,Wheat
2020-09-18,india,MSP for paddy up 2.4 fold; wheat's 1.7x in 5 years: BJP,Wheat
2020-09-19,city.ludhiana,Gang stealing wheat bags from trains busted; 7 held,Wheat
2020-09-22,city.chandigarh,Farmers trash Rs 50 wheat MSP hike,Wheat
2020-09-26,city.jaipur,Rs 143 cr approved for free wheat and Aadhaar seeding,Wheat
2020-09-29,city.jaipur,State govt to provide free wheat; pulses to 4L families,Wheat
2020-11-02,city.chandigarh,Punjab approves wheat seed subsidy policy,Wheat
2020-11-04,city.vadodara,Wheat prices to remain moderate in 2021: Anand Agricultural University,Wheat
2020-12-08,city.nagpur,Vid wheat; paddy rates show pitfalls of diluting MSP regime,Wheat
2020-12-10,city.gurgaon,Wheat scam: Six officials arrested for swindling in Sirsa,Wheat
2021-01-03,city.jaipur,Many fail to buy wheat under NFSA due to Covid; old age,Wheat
2021-01-05,city.bareilly,Farmers happy with rain & cold; say it will help pulses; wheat & mustard,Wheat
2021-01-06,city.bareilly,Farmers happy with rain & cold; say it will help pulses; wheat & mustard,Wheat
2021-01-30,city.lucknow,Uttar Pradesh: 6;000 wheat procurement centres to be set up this year,Wheat
2021-02-02,city.lucknow,UP to ramp up wheat procurement after Budget agri push,Wheat
2021-02-27,city.jaipur,Food dept directs to inquire about huge gap in wheat lifted from godowns and delivered,Wheat
2021-02-27,city.chandigarh,Farm activists stop wheat train leaving pvt company's silo,Wheat
2021-02-28,city.gurgaon,Despite appeals; farmers in Haryana keep turning on own wheat crop,Wheat
2021-03-01,city.agra,Rising temperatures may affect wheat crop in Agra,Wheat
2021-03-11,city.agra,As mercury soars several notches above normal;Agriculturist fear adverse impact on wheat yield,Wheat
2021-03-22,city.lucknow,UP to buy 'limitless' wheat from farmers @ Rs 1;975/ quintal MSP,Wheat
2021-03-24,city.chandigarh,Punjab to double centres for wheat procurement: Bharat Bhushan Ashu,Wheat
2021-03-31,city.amritsar,Paddy to wheat; no retreat,Wheat
2021-03-31,city.lucknow,Wheat procurement set to start at 6;000 centres,Wheat
2021-04-01,city.lucknow,e-PoP machines to nix fixers at wheat procurement units,Wheat
2021-04-02,city.chandigarh,Punjab gears up to procure 130 LMT wheat at 3;972 grain markets,Wheat
2021-04-02,india,FCI helps Punjab stave off crisis by lifting wheat stock,Wheat
2021-04-03,city.bareilly,Wheat crop on hundreds of acres gutted in fire incidents in western UP in 15 days,Wheat
2021-04-03,city.chandigarh,Haryana starts buying wheat at 500 centres,Wheat
2021-04-03,city.lucknow,Wheat purchase to gain pace by Apr 15,Wheat
2021-04-04,city.dehradun,Farmers facing major losses due to wildfires in Uttarakhand; ripe wheat crop in over 30 acres gutted,Wheat
2021-04-04,city.chandigarh,3.5k farmers sell 2.5 lakh quintal wheat,Wheat
2021-04-05,city.chandigarh,Covid protocols in place for wheat procurement from April 10,Wheat
2021-04-06,city.chandigarh,High moisture content: 90% wheat unsold in Karnal grain markets,Wheat
2021-04-07,city.allahabad,City agri-scientist develops sugar-free wheat varieties,Wheat
2021-04-07,city.lucknow,UP government allows FPOs to purchase wheat directly from farmers,Wheat
2021-04-08,city.chandigarh,Karnal farmers sell wheat; not paid after 48 hours,Wheat
2021-04-08,city.chandigarh,Rain; squall hit wheat crop hard,Wheat
2021-04-10,city.chandigarh,Wheat business begins in Punjab today,Wheat
2021-04-10,city.chandigarh,5.5 lakh tonnes of wheat procured in Haryana so far,Wheat
2021-04-10,city.lucknow,Ensure Covid safety amid wheat purchase,Wheat
2021-04-10,city.delhi,Wheat being procured at MSP in city: BJP,Wheat
2021-04-10,city.chandigarh,Amid arhtiyas' strike call; Punjab to start buying wheat,Wheat
2021-04-11,city.dehradun,Wheat crop on 45 acres gutted in Uttarakhand,Wheat
2021-04-11,city.amritsar,tractors for fire tenders diy in punjabs barnala district villagers save wheat by innovating,Wheat
2021-04-12,city.chandigarh,In Punjab; control rooms to help farmers sell wheat,Wheat
2021-04-13,city.chandigarh,Day 3: Wheat procurement gathers pace in Punjab,Wheat
2021-04-13,city.chandigarh,Ripened wheat crop on 80 acres gutted in Pehowa,Wheat
2021-04-14,city.chandigarh,Wheat lifting crawls; space crunch in Haryana mandis,Wheat
2021-04-17,city.ludhiana,89% wheat procured in Ludhiana: District food and supply controller,Wheat
2021-04-17,city.chandigarh,As Covid cases surge; Haryana stops wheat procurement,Wheat
2021-04-18,city.bareilly,UP: Two farmers die as wheat thresher explodes in Badaun,Wheat
2021-04-18,city.chandigarh,Direct payment for wheat: In Punjab; arthiyas fear loss of control; farmers await resulting freedom,Wheat
2021-04-18,city.chandigarh,Wheat grain spills over due to shortage of gunny bags and space in Ambala,Wheat
2021-04-18,city.chandigarh,Cong MP Hooda asks Hayana to probe slow lifting of wheat,Wheat
2021-04-19,city.dehradun,Uttarakhand: Over 80 acres of wheat crop gutted in fire in Udham Singh Nagar,Wheat
2021-04-19,city.chandigarh,Procurement of HD 2967 variety of wheat smooth in Punjab: Minister,Wheat
2021-04-19,city.chandigarh,Haryana govt says it has procure 45L tonnes of wheat,Wheat
2021-04-19,city.chandigarh,7.33 LMT wheat procured on 9th day in Punjab,Wheat
2021-04-19,city.chandigarh,Patiala procures 95% of its arrived wheat; Ropar 100%,Wheat
2021-04-20,city.dehradun,Ripe wheat crop on 10 acres gutted in US Nagar,Wheat
2021-04-20,city.chandigarh,UP farmers allowed to sell wheat in Haryana after protest,Wheat
2021-04-20,india,11.6 lakh farmers have got 24k cr as MSP through wheat procurement,Wheat
2021-04-22,city.jaipur,2.92 lakh MT of wheat procured at MSP,Wheat
2021-04-23,city.chandigarh,Labour shortage keeps Punjab wheat lifting below 44%,Wheat
2021-04-25,city.chandigarh,1.57L tonnes of wheat procured in Haryana,Wheat
2021-04-25,city.chandigarh,93% wheat procured; Rs 7;594cr paid to farmers: Punjab top officer,Wheat
2021-04-27,city.chandigarh,SAD stages protest over inadequate arrangements for wheat procurement,Wheat
2021-04-29,city.chandigarh,77.8 lakh tonne wheat procured at MSP in Haryana mandis,Wheat
2021-04-29,city.lucknow,Despite corona spike; average wheat procurement up by 54%,Wheat
2021-04-30,city.patna,Wheat procurement target increased to 7 lakh MT: CM Nitish Kumar,Wheat
2021-05-05,city.lucknow,Uttar Pradesh procured 14.22 lakh MT wheat amid Covid: Yogi Adityanath,Wheat
2021-05-07,city.chandigarh,Huge spike in Punjab stubble burning cases after wheat harvest,Wheat
2021-05-10,city.chandigarh,Agencies in Punjab procure 128.50 LMT wheat in 30 days,Wheat
2021-05-10,india,Wheat procurement in Haryana crosses target; Punjab set to surpass,Wheat
2021-05-12,city.lucknow,Uttar Pradesh government for shifting of wheat to depots before monsoon,Wheat
2021-05-19,city.patna,Govt extends deadline for wheat procurement till June 15,Wheat
2021-05-19,city.bhopal,Kamal Nath urges Madhya Pradesh government to procure wet wheat; says farmers not at fault,Wheat
2021-06-02,city.patna,Slow progress of wheat procurement irks Gaya DM,Wheat
2021-06-03,city.lucknow,Every single grain of wheat to be purchased; says Uttar Pradesh CM Yogi Adityanath,Wheat
2021-06-04,india,Government revises wheat procurement target as most producing states create record buying,Wheat
2021-06-05,india,76000 crore sent directly to farmers accounts for their wheat,Wheat
2021-06-13,city.patna,Procure 3.5L MT wheat from farmers by June 15: Bihar CM Nitish Kumar,Wheat
2021-06-13,city.lucknow,Uttar Pradesh set to surpass its wheat purchase record,Wheat
2021-06-28,india,Wheat purchase all set to cross revised target of 433.5L tonnes,Wheat
2021-07-06,city.jaipur,FCI procures record 23.4 lakh MT of wheat from 2 lakh Rajasthan farmers,Wheat
2021-07-07,city.ahmedabad,Liquor stored in wheat sacks; 1 held,Wheat
2021-07-11,city.ahmedabad,Three held for smuggling 3;800kg of PDS wheat,Wheat
2021-07-22,city.chandigarh,Recover wheat damage loss from mandi officials; says Haryana chief minister Manohar Lal Khattar,Wheat
2021-07-28,city.madurai,PDS wheat; rice seized from godown,Wheat
2021-08-09,city.chandigarh,Rs 20cr wheat missing: Minister says will refer case to vigilance dept,Wheat
2021-08-10,city.chandigarh,CVC: Probe roots of wheat bungling; senior officials' role,Wheat
2021-08-31,city.chandigarh,Procure paddy; wheat in old manner: Punjab BJP chief,Wheat
2021-09-13,city.lucknow,High grain production to offset low MSP hike for wheat,Wheat
2021-09-20,india,Rice with zinc; wheat with protein to fight malnutrition,Wheat
2021-09-29,city.varanasi,PM dedicates disease-resistant IAS-BHU wheat variety to nation,Wheat
2021-10-09,life-style.spotlight,Ditch maida and wheat; cook your way to good health,Wheat
2021-10-17,city.nagpur,Wheat meant for PDS seized from pvt vehicles; 3 held,Wheat
2021-10-19,india,Afghanistan in food crisis; India plans to send 50;000MT of wheat,Wheat
2021-10-19,world.south-asia,Afghanistan in food crisis; India plans to send 50;000MT of wheat,Wheat
2021-10-22,city.chandigarh,UT to replace poor quality of wheat; but with conditions,Wheat
2021-11-12,city.agra,8 dead peacocks found near wheat field in Agra; pesticide poisoning suspected,Wheat
2021-11-13,city.delhi,Ending rice-wheat monopoly can ease Delhi woes,Wheat
2022-01-10,business.india-business,MSP's tilt in favour of oilseeds see 23% increase in acreage of mustard; wheat sown area decreases,Wheat
2022-01-10,india,MSP's tilt in favour of oilseeds see 23% increase in acreage of mustard; wheat sown area decreases,Wheat
2022-01-10,india,Iran ready to help India transport wheat to Afghanistan,Wheat
2022-01-23,india,India ready to ship wheat to Afghanistan via Pakistan early February,Wheat
2022-01-23,world.south-asia,India ready to ship wheat to Afghanistan via Pakistan early February,Wheat
2022-02-03,city.jaipur,Software for buying wheat at MSP soon,Wheat
2022-02-06,city.indore,Registration of wheat producers begins,Wheat
2022-02-28,city.indore,New season pulses; wheat arrive in mkt,Wheat
2022-03-04,city.bhopal,MSP for Rabi crops fixed: Wheat to be procured at Rs 2015 per quintal in Bhopal,Wheat
2022-03-06,business.india-business,Putin's war pushes up wheat price; may benefit Indian farmers,Wheat
2022-03-11,city.indore,75 wheat farmers ready to sell crop at MSP,Wheat
2022-03-14,city.chandigarh,Mann swearing-in: 40 acres of wheat fields being cleared for parking,Wheat
2022-03-23,business.india-business,Lebanon plans tender for Indian wheat; minister says,Wheat
2022-03-25,city.bhopal,Madhya Pradesh: Tax waiver in CM Shivraj Singh Chouhan's plan to boost wheat export,Wheat
2022-03-25,city.rajkot,How old is your wheat? Rapid test to tell in 15 mins,Wheat
2022-03-28,city.chandigarh,Procurement of wheat will start from April 1 in Hry,Wheat
2022-03-29,city.bhopal,Wheat procurement in Bhopal from April 4 to 16,Wheat
2022-03-29,city.indore,Only three farmers sell their crop at MSP on first day of wheat procurement,Wheat
2022-03-29,city.hubballi,Gadag farmer grows rare varieties of wheat,Wheat
2022-03-30,city.bhopal,Wheat exporters should make the most of boom: CM,Wheat
2022-04-02,city.jaipur,Purchase of wheat at MSP to continue in Raj till June 10,Wheat
2022-04-03,city.chandigarh,61MT wheat arrives in Patiala;6 nakas set up at state borders,Wheat
2022-04-06,city.indore,Wheat procurement drops as farmers prefer open market,Wheat
2022-04-08,city.bareilly,Fire chars wheat crop in 25 bighas,Wheat
2022-04-08,city.meerut,Mercury rising; wheat yield may dip by 2-3% in Uttar Pradesh,Wheat
2022-04-10,city.chandigarh,Fire destroys wheat crop in 10 acres,Wheat
2022-04-11,city.chandigarh,5.5 LMT wheat in Punjab mandis so far,Wheat
2022-04-12,city.indore,Egyptian delegation eyes wheat export from Indore,Wheat
2022-04-13,city.chandigarh,21 wheat straw burning cases so farin Punjab,Wheat
2022-04-15,city.indore,Not even 25% farmers show interest in govt's wheat procurement at MSP in Indore,Wheat
2022-04-16,india,Putin's war opens a window; India to export wheat to Egypt,Wheat
2022-04-17,city.kanpur,Fire destroys wheat crop in Sachendi,Wheat
2022-04-17,city.chandigarh,AAP govt must seek central aid to help farmers hit by poor wheat yield: SAD,Wheat
2022-04-18,city.chandigarh,LoP seeks relief for wheat growers,Wheat
2022-04-18,city.chandigarh,10 wheat straw burning cases,Wheat
2022-04-18,city.chandigarh,Announce relief for wheat crop loss: BJP,Wheat
2022-04-21,city.bareilly,Farmers in Uttar Pradesh avoid government centres as wheat price 'rises' due to Ukraine war,Wheat
2022-04-22,city.indore,Only 12000 wheat farmers book slots; last date extended to April 30,Wheat
2022-04-26,city.bhopal,Minor stripped; thrashed & tonsured for stealing wheat in Madhya Pradesh,Wheat
2022-04-26,city.jaipur,Wheat at MSP: One or more of family can log,Wheat
2022-04-28,city.amritsar,Daily wheat arrivals dip below 2 LMT in Punjab,Wheat
2022-04-29,city.bhopal,Market 'competition' for wheat procurement,Wheat
2022-04-29,city.bareilly,Wheat straw transportation ban: Dairy owners stop 5 trucks; farmers call it 'suppression',Wheat
2022-05-02,city.chandigarh,Pb wheat arrivals dip below 50k MT in a day,Wheat
2022-05-03,city.chandigarh,Haryana: BKU protest; demand bonus on wheat; claim for low yield through insurance,Wheat
2022-05-03,india,As wheat buy dips; govt may use more rice in Ann Yojana,Wheat
2022-05-04,india,Centre revises wheat allocation to 11 states,Wheat
2022-05-04,india,Indian Railways cuts number of rakes meant for wheat exports,Wheat
2022-05-04,city.chandigarh,Wheat output falls in country; but Punjab tops in contribution to national pool,Wheat
2022-05-04,city.chandigarh,979 wheat straw burning cases in a day,Wheat
2022-05-05,india,Govt's wheat buy estimate cut by 50%; lowest in 13 years,Wheat
2022-05-11,business.india-business,As Black Sea supplies fall; India sells record 1.4 millio tonnes wheat in April,Wheat
2022-05-15,business.india-business,Latest inflation data sparked action to tame wheat prices,Wheat
2022-05-15,business.india-business,Within hours of curbs; domestic traders claim wheat prices are softening,Wheat
2022-05-15,city.bhopal,Centre's decision to ban wheat export a setback for farmers & traders in Madhya Pradesh,Wheat
2022-05-16,business.india-business,As G7 frets; India says wheat export curbs to aid neighbours,Wheat
2022-05-16,city.chandigarh,Lift wheat export ban; say Sukhbir,Wheat
2022-05-17,business.india-business,India's export ban sends EU wheat to near all-time highs,Wheat
2022-05-18,india,India relaxes wheat export ban but global prices at 2-month high,Wheat
2022-05-18,city.rajkot,Gujarat: Wheat ban relaxed; but pile-up at Kandla port too huge to clear soon,Wheat
2022-05-19,city.kolkata,West Bengal govt to ration wheat distribution,Wheat
2022-05-20,india,Amid weather woes; India's wheat production to fall 3%,Wheat
2022-05-21,city.chandigarh,Vigilance committees to distribute wheat; atta,Wheat
2022-05-24,city.ahmedabad,10 lakh tonnes of wheat still stuck at Kandla port,Wheat
2022-05-24,city.jaipur,Soaring mercury takes toll on quality of wheat in Rajasthan,Wheat
2022-05-29,city.vadodara,Gujarat: Amul forays into organic food segment with wheat flour,Wheat
2022-06-03,business.india-business,Prices of wheat; sugar; rice on declining trend after govt measures: Report,Wheat
2022-06-05,city.indore,Indore admn may miss wheat procurement target by 80%,Wheat
2022-06-06,business.india-business,Global wheat prices jump after India export ban and Ukraine war: FAO,Wheat
2022-06-09,business.india-business,Wheat export curbs stall 12 goods trains headed for Bangladesh,Wheat
2022-06-16,business.india-business,India seeks written 'no re-export' vow from wheat buyers,Wheat
2022-06-22,city.ahmedabad,Plea asks Gujarat HC for nod to export wheat lying at port; godowns,Wheat
2022-06-25,business.india-business,India's wheat; rice stock to be just over buffer level in October,Wheat
2022-06-27,india,India exported 18L tonnes of wheat as 'food aid' since May restrictions: Govt,Wheat
2022-07-06,business.india-business,States must encourage farmers to increase paddy; wheat sowing to boost exports: Piyush Goyal,Wheat
2022-07-06,india,Gujarat; UP & MP demand full quota of NFSA wheat,Wheat
2022-07-07,city.bengaluru,Wheat and oil shortage: Bread costlier by Rs 5 in Bengaluru,Wheat
2022-07-08,city.bengaluru,Karnataka government puts curbs on wheat flour exports,Wheat
2022-07-19,business.india-business,Depleting wheat & rice stocks may make it tough to continue free food grain scheme beyond September,Wheat
2022-07-31,city.bareilly,4;700 quintals of wheat vanishes from Uttar Pradesh warehouse,Wheat
2022-08-08,india,States also told to increase rice; wheat acreage,Wheat
2022-08-18,india,Wheat production to fall by 3%; but grain output to hit new high,Wheat
2022-08-28,city.vijayawada,Andhra Pradesh: Traders welcome ban on wheat flour export,Wheat
2022-09-30,india,Free food plan will cut FCI wheat stock; hit scope for market intervention,Wheat
2022-10-18,india,Wheat stock above buffer level; says food secretary,Wheat
2022-10-19,india,Wheat MSP hiked by 5.4%; incentive for oilseeds; pulses,Wheat
2022-10-20,business.india-business,FSSAI mandates proper labels for whole wheat; brown bread,Wheat
2022-10-20,india,Brown or whole wheat? FSSAI issues norms for bread labels,Wheat
2022-10-27,business.india-business,Govt may sell wheat stock in tranches to check atta prices,Wheat
2022-11-13,city.bhopal,In Rewa; truckload of wheat 'procured' on paper; 3 held,Wheat
2022-11-15,city.goa,Smuggling rice; wheat from govt godowns; 5 held,Wheat
2022-11-16,city.goa,Goa: Five held for smuggling rice; wheat from govt godowns,Wheat
2022-11-20,india,Ensure timely sowing of wheat in rabi season: Centre to states,Wheat
2022-11-28,india,Procurement low but wheat stock helped meet demand,Wheat
2022-12-04,city.bareilly,Girl; 9; cut open; left to die in UP wheat field,Wheat
2022-12-08,india,Retail price of wheat rose 5%; pulses' by up to 4% in 1 month,Wheat
2022-12-12,india,States that grew less paddy bounce back with wheat,Wheat
2022-12-22,city.meerut,Uttar Pradesh: Wheat crop on 200 acres of 'illegally occupied' govt land destroyed,Wheat
2022-12-27,business.india-business,To cool prices; FCI to release 20 lakh tonnes of wheat for market,Wheat
2023-01-02,city.dehradun,Terai farmers welcome cold; term it favourable for wheat crop,Wheat
2023-01-10,world.pakistan,Pakistan flour crisis worsens; prices skyrocket amidst wheat shortage; stampedes reported,Wheat
2023-01-15,city.indore,Madhya Pradesh's wheat yield may fall short of target,Wheat
2023-01-25,business.india-business,Government won't lift curbs on wheat export before next crop,Wheat
2023-01-26,business.india-business,Prices of wheat; atta touch 10-year high; govt steps in,Wheat
2023-01-28,business.india-business,Wholesale wheat prices fall by 10% on Centre's intervention,Wheat
2023-02-03,business.india-business,FCI begins e-auction of wheat; sells over 9 lakh tonnes to cool down prices,Wheat
2023-02-09,india,16L tonnes of wheat to be released soon to rein in prices,Wheat
2023-02-09,city.bhopal,PDS wheat scam: Civil supplies corporation sacks two officials,Wheat
2023-02-10,city.meerut,Rising mercury; scant rainfall to adversely impact wheat crop in UP,Wheat
2023-02-12,india,Govt may continue export curbs; impose stock limits to control wheat prices,Wheat
2023-02-13,city.bareilly,Farmer hangs self after stray cattle destroy his wheat field in Uttar Pradesh,Wheat
2023-02-17,gadgets-news,3.85 LMT wheat stock sold for Rs 901 crore in second e-auction by Food Corporation of India,Wheat
2023-02-18,india,Govt further reduces reserve price of wheat to tame prices,Wheat
2023-02-19,city.pune,March-like high temperatures may affect Maharashtra wheat yield,Wheat
2023-02-22,india,Govt to release additional 20L tonnes of wheat,Wheat
2023-02-24,india,Wheat crop in good state; govt buy to be normal: FCI,Wheat
2023-02-24,city.pune,Wheat-growing states see 99% February rain deficit; yield likely to be affected,Wheat
2023-02-24,india,Wheat-growing states see 99% rain deficiency in February,Wheat
2023-02-28,city.gurgaon,Double whammy in Haryana: Mustard yield hit by extreme winter; wheat may take hit from early summer,Wheat
2023-03-03,business.india-business,Govt fixes wheat procurement target at 34.15 million tones for 2023-24,Wheat
2023-03-08,india,India to send extra 20k MT of wheat to Afghanistan via Iran port,Wheat
2023-03-15,india,Major procurement of wheat to start from March 25 with MP,Wheat
2023-03-15,india,High temperatures in February won't affect wheat adversely; says government,Wheat
2023-03-17,city.pune,Maharashtra: Stormy weather till tomorrow may ruin grape; wheat & jowar harvest,Wheat
2023-03-27,city.bhopal,85 centres set up for wheat procurement,Wheat
2023-03-29,city.bhopal,Wheat procurement suspended till March 31,Wheat
2023-04-03,city.dehradun,Heavy rainfall; strong winds 'damage over 50% wheat crop' in US Nagar,Wheat
2023-04-04,india,Rains hit wheat crop; but record output likely: Govt,Wheat
2023-04-05,city.bhopal,Wheat affected by rain will also be purchased: Shivraj Singh Chouhan,Wheat
2023-04-07,city.dehradun,A third of wheat crop ruined by unseasonal rains in Udham Singh Nagar: Data,Wheat
2023-04-08,india,Unseasonal rain won't impact wheat output much: Official,Wheat
2023-04-10,city.bhopal,Farmers turned away from wheat procurements centres: Cong MLA,Wheat
2023-04-12,city.gurgaon,Relief for rain-hit farmers; Haryana govt relaxes wheat procurement rules,Wheat
2023-04-12,city.faridabad,Relief for rain-hit farmers; Haryana govt relaxes wheat procurement rules,Wheat
2023-04-13,city.lucknow,Wheat MSP fixed at Rs 2;125 per quintal in UP,Wheat
2023-04-23,city.chandigarh,Grain market full; Rohtak village farmers lay down wheat at cremation ground,Wheat
2023-04-24,city.bhopal,Row over 'poor' quality of wheat procured in Mandla,Wheat
2023-04-26,india,Wheat procurement up by 25%; may surpass last year's figure by weekend,Wheat
2023-04-28,city.chennai,Centre has cut kerosene; wheat allocation for TN: Minister,Wheat
2023-04-30,india,Govt to sell buffer wheat stock every quarter to control price,Wheat
2023-04-30,business.india-business,Govt to sell buffer wheat stock every quarter to control price,Wheat
2023-05-02,city.bhopal,Untimely rain damage 6;000 MT of wheat in Madhya Pradesh,Wheat
2023-05-03,city.chandigarh,Lakhs of metric tonnes of wheat in mandis got wet due to government negligence; says former Haryana CM Bhupinder Singh Hooda,Wheat
2023-05-06,business.india-business,Govt looking at all options; including stock limit to check wheat & atta prices,Wheat
2023-05-24,city.bhopal,Warehouse owner; staff booked for 'fake' wheat procurement,Wheat
2023-05-24,india,Govt to have 90L tonne surplus wheat stock for market intervention,Wheat
2023-06-13,india,Govt imposes stock limits on wheat for first time in 15 years,Wheat
2023-06-24,india,Govt hints at wheat import duty cut to rein in prices,Wheat
2023-06-28,city.mumbai,Wheat eating into jowar farming; trend ill-suited to rising heat; says study,Wheat
2013-11-26,city.nagpur,Traders buying soybean cheap; make ryots sign papers,Soyabean
2015-03-08,life-style.health-fitness.health-news,Genetically modified soybean oil equally unhealthy,Soyabean
2015-05-28,city.pune,FDA seizes stock of adulterated soybean; sunflower oil,Soyabean
2015-08-12,city.nagpur,Two soyabean oil factories shut shop in region,Soyabean
2015-10-22,city.pune,Illegal stock of edible oil; soybean seized,Soyabean
2015-11-23,city.nagpur,Stock limits also hit soyabean farmers,Soyabean
2016-03-26,life-style.food.recipes,Recipe: Soyabean Biriyani,Soyabean
2016-04-16,city.indore,Soybean exports take a hit,Soyabean
2016-06-04,city.nagpur,Marginal hike in cotton; soyabean support price,Soyabean
2016-08-22,city.nagpur,Dry spell in August likely to badly affect soyabean yield,Soyabean
2016-09-16,city.indore,SOPA team set to meet international players for soybean export,Soyabean
2016-10-08,city.indore,Soybean output may rise by 60 %,Soyabean
2016-10-21,city.nagpur,Vidisha farmers in trouble again as soyabean rates dip,Soyabean
2017-04-15,city.indore,Soybean exports to fall for 2nd month in a row,Soyabean
2017-04-22,life-style.food,Recipe: Soyabean Biryani,Soyabean
2017-10-14,business.india-business,Groundnut; soyabean oils rises in mixed trend,Soyabean
2017-11-08,city.nagpur,GM soyabean being cultivated illegally in Guj: Farmer group,Soyabean
2017-11-13,city.mumbai,Farmer's suicide bid brings to light soybean growers' woes,Soyabean
2018-03-31,business.india-business,Palmolein; soyabean oils slide on muted demand,Soyabean
2018-09-01,city.nagpur,MSP row: Traders stop purchase of crops but buy soyabean,Soyabean
2018-09-18,city.indore,Govt to inspect soybean plants to ensure quality,Soyabean
2018-09-21,business.india-business,India's rapeseed; soybean farmers can reap benefits from US-China trade war,Soyabean
2018-10-07,city.indore,India's soyabean meal exports to touch 25 lakh tonne,Soyabean
2018-10-21,city.nagpur,Katol farmers demand hike in price for soyabean,Soyabean
2019-08-20,life-style.food-news,Amazing health benefits of soyabean,Soyabean
2019-08-21,city.indore,Less soyabean flowering raises worries of reduced output this yr,Soyabean
2019-09-02,city.indore,Madhya Pradesh to see 5% jump in soyabean yield,Soyabean
2020-01-14,city.indore,Export of soyabean derivatives takes a hit due to skeletal supplies,Soyabean
2020-06-08,city.nagpur,Farmers cut down on cotton area; go for soyabean instead,Soyabean
2020-06-13,city.nagpur,Farmers' outfit flouts law again; brings HT soyabean seeds,Soyabean
2020-06-26,city.nagpur,Soyabean crisis in Vid too; over 1k farmers received 'defective' seeds,Soyabean
2020-06-30,city.aurangabad,Farmers wary of failed soybean seed panchanamas,Soyabean
2020-07-03,city.nagpur,Soyabean seed failure complaints rise 6-fold in a week,Soyabean
2020-07-09,city.kolhapur,Drive against bogus soyabean seeds,Soyabean
2020-07-29,city.kolhapur,Monsoon lull halts rice plantation; shadow over ragi; soybean crops,Soyabean
2020-09-01,city.indore,IISR estimates over 15% damage to soyabean crop in Madhya Pradesh,Soyabean
2020-09-24,city.nagpur,Soyabean crop damaged; growers seek Rs 50k aid,Soyabean
2020-10-29,city.nagpur,Sanghatana leader sets soyabean crop afire,Soyabean
2021-03-17,city.aurangabad,For first time; Indian Railways transports Soybean;Parbhani bags honour,Soyabean
2021-04-26,city.visakhapatnam,Andhra Pradesh: Call for duty-free soybean import,Soyabean
2021-05-05,city.kolhapur,Farmers keep 13;000 quintal of soybean seeds ready,Soyabean
2021-05-22,city.nagpur,High soyabean seed cost follows last year's low crop,Soyabean
2021-06-02,city.kolhapur,Soybean seed prices double ahead of sowing,Soyabean
2021-07-15,city.aurangabad,In Marathwada; soyabean gains over cotton,Soyabean
2021-08-02,city.nagpur,Soyabean prices at record high; but after most farmers emptied stock,Soyabean
2021-08-14,city.rajkot,Three held for robbing soybean oil tanker,Soyabean
2021-09-23,city.nagpur,Soyabean rates crash in two days; farmers' hopes shaken,Soyabean
2021-10-24,city.nagpur,Nitin Gadkari for sugarcane cultivation in Vidarbha over cotton & soyabean,Soyabean
2022-01-11,city.indore,Soybean meal export takes a hit,Soyabean
2022-01-20,city.indore,Soybean exporters seek transport subsidy,Soyabean
2022-01-30,city.rajkot,120kg fake milk solids made with soybean; starch seized,Soyabean
2022-02-04,city.nagpur,Soyabean farmer wins Rs15L in gaming app; hacker takes it all; cops recover it,Soyabean
2022-02-14,city.indore,Soyabean exports dip as arrivals reduce by 25%,Soyabean
2022-03-13,city.indore,Soyabean meal output up; but export slips,Soyabean
2022-03-26,city.indore,Soyabean research institute to collaborate with IIT-I to improve yield,Soyabean
2022-04-14,city.indore,Over 80% dip in export of high-priced soyabean meal,Soyabean
2022-05-06,city.indore,Increasing soyabean productivity will make Madhya Pradesh prosperous; says Gadkari,Soyabean
2022-05-10,city.nashik,State to focus on increasing cotton; soybean production,Soyabean
2022-05-12,city.indore,Soyabean meal exports fall to 6-month low due to high prices,Soyabean
2022-05-19,city.indore,New soyabean varieties developed for cultivation,Soyabean
2022-06-16,city.indore,Soyabean acreage may shrink as farmers switch to cotton,Soyabean
2022-07-25,city.kolhapur,Kolhapur: Soyabean crops in Shirol may be infected by yellow mosaic,Soyabean
2022-10-09,city.indore,Madhya Pradesh: Soyabean crop damage due to excess rain may hit quality,Soyabean
2022-10-09,city.jaipur,Heavy damage to paddy; soybean & maize in Hadauti,Soyabean
2023-01-16,city.indore,Soyabean meal exports from Madhya Pradesh up 64% than a year ago,Soyabean
2023-03-20,city.indore,Soyabean exports up by 50% in Feb,Soyabean
2023-04-16,city.indore,Country's soybean output rises 4% in kharif 2022,Soyabean
2023-05-07,business.india-business,Prices of imported soybean; sunflower oils fall by 46-57%,Soyabean
2023-06-19,city.indore,IISR develops 3 soyabean varieties,Soyabean
