Commodity,Arrival_Date,price,min_price,max_price,n_varieties_reported
Onion,2013-07-01,1690.0,811.0,1747.0,1
Onion,2013-07-02,1725.0,850.0,1800.0,1
Onion,2013-07-03,1701.0,900.0,1792.0,1
Onion,2013-07-04,1850.0,1000.0,1896.0,1
Onion,2013-07-05,1890.0,1100.0,1972.0,1
Onion,2013-07-09,1975.0,1100.0,2116.0,1
Onion,2013-07-10,1850.0,1100.0,2000.0,1
Onion,2013-07-11,1880.0,1200.0,2009.0,1
Onion,2013-07-12,1940.0,1000.0,2021.0,1
Onion,2013-07-15,2225.0,1500.0,2361.0,1
Onion,2013-07-16,2375.0,1500.0,2500.0,1
Onion,2013-07-17,2500.0,1400.0,2633.0,1
Onion,2013-07-18,2375.0,1100.0,2589.0,1
Onion,2013-07-23,2275.0,1400.0,2436.0,1
Onion,2013-07-24,2325.0,2000.0,2440.0,1
Onion,2013-07-25,2210.0,1300.0,2388.0,1
Onion,2013-07-26,2250.0,1100.0,2361.0,1
Onion,2013-07-29,2270.0,1400.0,2389.0,1
Onion,2013-07-30,2330.0,1400.0,2495.0,1
Onion,2013-07-31,2401.0,1500.0,2543.0,1
Onion,2013-08-01,2401.0,1500.0,2543.0,1
Onion,2013-08-02,2650.0,1600.0,2727.0,1
Onion,2013-08-05,3000.0,2000.0,3206.0,1
Onion,2013-08-07,2970.0,1700.0,3175.0,1
Onion,2013-08-08,3425.0,1900.0,3570.0,1
Onion,2013-08-12,4350.0,2200.0,4620.0,1
Onion,2013-08-13,4500.0,2000.0,4725.0,1
Onion,2013-08-14,4700.0,1750.0,4875.0,1
Onion,2013-08-16,4201.0,1800.0,4416.0,1
Onion,2013-08-17,4201.0,2900.0,4451.0,1
Onion,2013-08-19,3601.0,1500.0,3816.0,1
Onion,2013-08-20,3711.0,1901.0,3829.0,1
Onion,2013-08-21,4100.0,1700.0,4322.0,1
Onion,2013-08-22,4040.0,2000.0,4306.0,1
Onion,2013-08-23,4100.0,2100.0,4377.0,1
Onion,2013-08-24,4001.0,4001.0,4001.0,1
Onion,2013-08-26,3900.0,1700.0,4369.0,1
Onion,2013-08-27,3350.0,1500.0,3681.0,1
Onion,2013-08-29,3500.0,2000.0,3856.0,1
Onion,2013-08-30,3600.0,1900.0,4091.0,1
Onion,2013-09-03,4300.0,2000.0,4568.0,1
Onion,2013-09-04,4225.0,2000.0,4480.0,1
Onion,2013-09-06,4300.0,1000.0,4621.0,1
Onion,2013-09-07,4311.0,4311.0,4311.0,1
Onion,2013-09-10,4301.0,1900.0,4641.0,1
Onion,2013-09-11,4500.0,2800.0,4716.0,1
Onion,2013-09-12,4451.0,2900.0,4663.0,1
Onion,2013-09-13,4801.0,2500.0,5016.0,1
Onion,2013-09-16,5151.0,3000.0,5700.0,1
Onion,2013-09-17,5501.0,3100.0,5841.0,1
Onion,2013-09-19,5201.0,3000.0,5626.0,1
Onion,2013-09-23,3150.0,1150.0,3256.0,2
Onion,2013-09-24,4901.0,1500.0,5020.0,1
Onion,2013-09-26,4550.0,2001.0,4981.0,1
Onion,2013-09-27,2801.0,2801.0,2801.0,1
Onion,2013-09-30,2400.5,1100.5,3166.0,2
Onion,2013-10-01,2610.5,1250.5,2745.0,2
Onion,2013-10-03,2812.5,1550.0,3285.0,2
Onion,2013-10-07,3150.5,1600.5,3606.0,2
Onion,2013-10-08,3401.0,2076.0,3506.5,2
Onion,2013-10-09,3350.0,1800.5,3816.5,2
Onion,2013-10-10,1656.0,1656.0,1656.0,1
Onion,2013-10-14,4350.0,1500.0,4976.0,2
Onion,2013-10-15,4400.0,1750.5,4753.5,2
Onion,2013-10-18,5050.0,1750.5,5307.0,2
Onion,2013-10-21,4150.0,1950.0,5355.5,2
Onion,2013-10-22,4625.0,2150.0,5326.5,2
Onion,2013-10-23,4651.0,1800.0,5392.5,2
Onion,2013-10-24,4600.0,1650.0,5276.0,2
Onion,2013-10-25,4775.0,1950.5,5235.5,2
Onion,2013-10-28,3950.5,1800.0,4650.0,2
Onion,2013-10-29,4650.0,2050.0,5036.5,2
Onion,2013-10-30,4150.0,2400.5,4434.0,2
Onion,2013-10-31,4100.0,2250.0,4565.0,2
Onion,2013-11-06,4201.0,3000.0,4402.0,1
Onion,2013-11-11,4176.0,2201.0,4851.5,2
Onion,2013-11-12,3600.0,1000.0,3831.0,1
Onion,2013-11-13,3200.0,1000.0,4098.0,1
Onion,2013-11-14,3300.0,1501.0,3862.0,1
Onion,2013-11-15,2700.0,1000.0,3807.0,1
Onion,2013-11-18,2750.0,1001.0,3242.0,1
Onion,2013-11-19,2800.0,1500.0,3652.0,1
Onion,2013-11-20,1932.5,850.0,2213.5,2
Onion,2013-11-21,3150.0,1500.0,3714.0,1
Onion,2013-11-22,2500.0,1500.0,3290.0,1
Onion,2013-11-25,2400.0,1500.0,3260.0,1
Onion,2013-11-26,2000.0,1001.0,3320.0,1
Onion,2013-11-27,1900.0,1000.0,3042.0,1
Onion,2013-11-28,1800.0,1001.0,3001.0,1
Onion,2013-11-29,1700.0,1000.0,2905.0,1
Onion,2013-12-03,1751.0,1000.0,2515.0,1
Onion,2013-12-04,1800.0,1000.0,2716.0,1
Onion,2013-12-05,1725.0,1000.0,2601.0,1
Onion,2013-12-06,1851.0,1000.0,2255.0,1
Onion,2013-12-09,1851.0,1100.0,2151.0,1
Onion,2013-12-10,1750.0,1001.0,2295.0,1
Onion,2013-12-11,1551.0,1001.0,1892.0,1
Onion,2013-12-12,1325.0,1000.0,1851.0,1
Onion,2013-12-13,1200.0,1000.0,1630.0,1
Onion,2013-12-16,1120.0,1000.0,1261.0,1
Onion,2013-12-17,1170.0,1000.0,1262.0,1
Onion,2013-12-18,960.0,901.0,1261.0,1
Onion,2013-12-19,1200.0,1000.0,1325.0,1
Onion,2013-12-20,1100.0,1001.0,1401.0,1
Onion,2013-12-21,1125.0,900.0,1246.0,1
Onion,2013-12-23,950.0,800.0,1116.0,1
Onion,2013-12-24,990.0,801.0,1301.0,1
Onion,2013-12-26,990.0,800.0,1340.0,1
Onion,2013-12-27,1011.0,800.0,1371.0,1
Onion,2013-12-30,1201.0,801.0,1441.0,1
Onion,2013-12-31,1200.0,1100.0,1378.0,1
Onion,2014-01-02,1170.0,1000.0,1480.0,1
Onion,2014-01-03,1175.0,900.0,1451.0,1
Onion,2014-01-04,1175.0,1000.0,1441.0,1
Onion,2014-01-06,1125.0,900.0,1404.0,1
Onion,2014-01-07,1125.0,900.0,1451.0,1
Onion,2014-01-08,1100.0,901.0,1341.0,1
Onion,2014-01-09,950.0,800.0,1361.0,1
Onion,2014-01-10,950.0,600.0,1299.0,1
Onion,2014-01-11,950.0,700.0,1201.0,1
Onion,2014-01-13,960.0,671.0,1225.0,1
Onion,2014-01-15,860.0,700.0,1178.0,1
Onion,2014-01-16,825.0,651.0,1211.0,1
Onion,2014-01-17,900.0,700.0,1191.0,1
Onion,2014-01-18,950.0,750.0,1080.0,1
Onion,2014-01-20,975.0,750.0,1175.0,1
Onion,2014-01-21,925.0,800.0,1155.0,1
Onion,2014-01-22,920.0,800.0,1137.0,1
Onion,2014-01-23,925.0,700.0,1176.0,1
Onion,2014-01-24,912.5,600.0,1089.5,2
Onion,2014-01-25,900.0,700.0,1030.0,1
Onion,2014-01-27,940.0,800.0,1075.0,1
Onion,2014-01-28,900.0,700.0,1010.0,1
Onion,2014-01-29,930.0,700.0,1061.0,1
Onion,2014-01-31,900.0,700.0,1027.0,1
Onion,2014-02-01,875.0,600.0,978.0,1
Onion,2014-02-03,840.0,600.0,957.0,1
Onion,2014-02-04,800.0,526.0,871.0,1
Onion,2014-02-05,695.5,450.0,811.5,2
Onion,2014-02-06,720.5,450.0,879.5,2
Onion,2014-02-07,735.0,500.0,874.0,1
Onion,2014-02-10,625.0,400.0,751.0,1
Onion,2014-02-11,680.0,450.0,800.5,2
Onion,2014-02-12,640.0,400.0,748.0,1
Onion,2014-02-14,645.5,450.0,731.0,2
Onion,2014-02-15,626.0,450.0,746.0,2
Onion,2014-02-17,586.0,425.5,709.0,2
Onion,2014-02-18,707.5,550.0,766.0,2
Onion,2014-02-20,767.5,436.0,822.0,2
Onion,2014-02-21,780.0,550.5,863.0,2
Onion,2014-02-22,765.0,550.0,852.5,2
Onion,2014-02-24,887.5,550.0,933.5,2
Onion,2014-02-25,895.0,550.5,945.5,2
Onion,2014-02-26,797.5,425.0,872.0,2
Onion,2014-04-03,737.5,250.0,949.5,2
Onion,2014-04-04,737.5,250.0,993.5,2
Onion,2014-04-05,725.0,250.0,913.0,2
Onion,2014-04-07,750.0,350.0,1027.0,2
Onion,2014-04-09,725.0,250.0,957.0,2
Onion,2014-04-10,725.0,401.0,1201.0,1
Onion,2014-04-16,910.0,401.0,1401.0,1
Onion,2014-04-17,925.0,301.0,1391.0,1
Onion,2014-04-19,900.0,350.0,1400.0,1
Onion,2014-04-21,960.0,251.0,1411.0,1
Onion,2014-04-25,975.0,301.0,1490.0,1
Onion,2014-04-26,900.0,300.0,1471.0,1
Onion,2014-04-28,975.0,250.0,1641.0,1
Onion,2014-04-30,950.0,251.0,1593.0,1
Onion,2014-05-02,1000.0,301.0,1513.0,1
Onion,2014-05-05,950.0,300.0,1542.0,1
Onion,2014-05-06,950.0,250.0,1451.0,1
Onion,2014-05-07,910.0,200.0,1400.0,1
Onion,2014-05-08,940.0,250.0,1202.0,1
Onion,2014-05-12,1025.0,300.0,1401.0,1
Onion,2014-05-13,1050.0,300.0,1603.0,1
Onion,2014-05-15,1050.0,300.0,1556.0,1
Onion,2014-05-16,1000.0,300.0,1520.0,1
Onion,2014-05-17,1000.0,300.0,1490.0,1
Onion,2014-05-20,1050.0,400.0,1426.0,1
Onion,2014-05-21,975.0,250.0,1482.0,1
Onion,2014-05-22,950.0,251.0,1501.0,1
Onion,2014-05-23,950.0,301.0,1452.0,1
Onion,2014-05-26,925.0,300.0,1524.0,1
Onion,2014-05-27,1025.0,400.0,1426.0,1
Onion,2014-05-28,1025.0,400.0,1426.0,1
Onion,2014-05-29,1000.0,400.0,1437.0,1
Onion,2014-05-30,975.0,250.0,1500.0,1
Onion,2014-06-05,1200.0,400.0,1661.0,1
Onion,2014-06-09,1401.0,401.0,1816.0,1
Onion,2014-06-10,1375.0,401.0,1762.0,1
Onion,2014-06-11,1250.0,350.0,1661.0,1
Onion,2014-06-12,1300.0,400.0,1668.0,1
Onion,2014-06-18,1325.0,300.0,1861.0,1
Onion,2014-06-19,1351.0,400.0,1758.0,1
Onion,2014-06-20,1360.0,400.0,1795.0,1
Onion,2014-06-21,1360.0,400.0,1701.0,1
Onion,2014-06-23,1425.0,400.0,1723.0,1
Onion,2014-06-24,1500.0,600.0,1801.0,1
Onion,2014-06-25,1625.0,800.0,2011.0,1
Onion,2014-06-26,1750.0,800.0,2157.0,1
Onion,2014-06-28,2000.0,800.0,2264.0,1
Onion,2014-06-30,1930.0,900.0,2381.0,1
Onion,2014-07-01,1850.0,1000.0,2361.0,1
Onion,2014-07-02,2011.0,900.0,2400.0,1
Onion,2014-07-03,1875.0,1000.0,2328.0,1
Onion,2014-07-04,2015.0,1000.0,2370.0,1
Onion,2014-07-05,2100.0,900.0,2451.0,1
Onion,2014-07-07,2150.0,1100.0,2491.0,1
Onion,2014-07-08,2160.0,1100.0,2626.0,1
Onion,2014-07-10,1875.0,1000.0,2392.0,1
Onion,2014-07-12,1850.0,900.0,2261.0,1
Onion,2014-07-14,1851.0,1000.0,2242.0,1
Onion,2014-07-15,1900.0,1000.0,2340.0,1
Onion,2014-07-16,2000.0,1000.0,2459.0,1
Onion,2014-07-17,2015.0,1100.0,2478.0,1
Onion,2014-07-18,1875.0,1100.0,2380.0,1
Onion,2014-07-19,1851.0,1000.0,2351.0,1
Onion,2014-07-21,1750.0,1000.0,2261.0,1
Onion,2014-07-22,1800.0,900.0,2260.0,1
Onion,2014-07-23,1800.0,900.0,2222.0,1
Onion,2014-07-24,1800.0,900.0,2151.0,1
Onion,2014-07-25,1750.0,700.0,2171.0,1
Onion,2014-07-28,1725.0,900.0,2190.0,1
Onion,2014-07-30,1750.0,900.0,2151.0,1
Onion,2014-07-31,1700.0,600.0,2091.0,1
Onion,2014-08-02,1725.0,900.0,2076.0,1
Onion,2014-08-12,3951.0,1500.0,4005.0,1
Onion,2014-08-16,1725.0,900.0,2023.0,1
Onion,2014-09-11,1475.0,500.0,1954.0,1
Onion,2014-09-12,1475.0,500.0,1953.0,1
Onion,2014-10-13,1600.0,600.0,1963.0,1
Onion,2014-10-28,1751.0,605.5,1968.0,2
Onion,2014-10-29,1751.0,700.0,2125.0,1
Onion,2014-10-31,1475.0,875.5,1703.5,2
Onion,2014-11-01,1131.0,720.5,1471.5,2
Onion,2014-11-03,1418.0,725.5,1592.0,2
Onion,2014-11-05,1422.5,1035.0,1602.5,2
Onion,2014-11-07,1538.0,700.5,1696.5,2
Onion,2014-11-08,1460.0,700.0,1601.5,2
Onion,2014-11-10,1462.5,800.0,1617.5,2
Onion,2014-11-11,1387.5,700.0,1593.5,2
Onion,2014-11-12,1462.5,700.0,1613.5,2
Onion,2014-11-15,1355.5,800.0,1601.0,2
Onion,2014-11-17,1462.5,850.0,1684.5,2
Onion,2014-11-24,1487.5,950.0,1638.5,2
Onion,2014-11-25,1385.0,900.0,1636.0,2
Onion,2014-11-26,1400.0,950.0,1666.5,2
Onion,2014-11-27,1538.0,800.0,1631.0,2
Onion,2014-12-02,1350.0,700.0,1611.0,2
Onion,2014-12-03,1387.5,700.0,1616.0,2
Onion,2014-12-04,1462.5,850.0,1654.0,2
Onion,2014-12-05,1437.5,850.0,1554.5,2
Onion,2014-12-06,1225.0,850.0,1467.0,2
Onion,2014-12-08,1387.5,850.0,1532.5,2
Onion,2014-12-15,1725.0,1300.0,1871.0,1
Onion,2014-12-22,1690.0,1200.0,1920.0,1
Onion,2014-12-23,1575.0,1100.0,1832.0,1
Onion,2014-12-24,1475.0,1100.0,1742.0,1
Onion,2014-12-26,1325.0,1000.0,1552.0,1
Onion,2014-12-27,1300.0,800.0,1571.0,1
Onion,2014-12-29,1425.0,800.0,1561.0,1
Onion,2014-12-30,1301.0,700.0,1558.0,1
Onion,2015-01-01,1300.0,600.0,1590.0,1
Onion,2015-01-02,1375.0,700.0,1569.0,1
Onion,2015-01-03,1301.0,500.0,1492.0,1
Onion,2015-01-05,1325.0,1000.0,1590.0,1
Onion,2015-01-06,1341.0,500.0,1674.0,1
Onion,2015-01-07,1325.0,700.0,1634.0,1
Onion,2015-01-08,1340.0,700.0,1576.0,1
Onion,2015-01-09,1275.0,700.0,1575.0,1
Onion,2015-01-12,1250.0,700.0,1550.0,1
Onion,2015-01-13,1260.0,500.0,1515.0,1
Onion,2015-01-14,1260.0,600.0,1518.0,1
Onion,2015-01-15,1250.0,500.0,1551.0,1
Onion,2015-01-17,1290.0,700.0,1571.0,1
Onion,2015-01-19,1300.0,900.0,1660.0,1
Onion,2015-01-20,4240.0,800.0,4499.0,1
Onion,2015-01-21,1050.0,600.0,1361.0,1
Onion,2015-01-22,1225.0,600.0,1551.0,1
Onion,2015-01-23,1260.0,500.0,1600.0,1
Onion,2015-01-24,1251.0,600.0,1502.0,1
Onion,2015-01-28,1275.0,700.0,1500.0,1
Onion,2015-01-29,1375.0,700.0,1590.0,1
Onion,2015-01-30,1425.0,700.0,1600.0,1
Onion,2015-01-31,1400.0,700.0,1610.0,1
Onion,2015-02-02,1500.0,900.0,1652.0,1
Onion,2015-02-03,1400.0,700.0,1652.0,1
Onion,2015-02-04,1470.0,700.0,1639.0,1
Onion,2015-02-05,1450.0,700.0,1751.0,1
Onion,2015-02-06,1450.0,700.0,1670.0,1
Onion,2015-02-07,1450.0,900.0,1600.0,1
Onion,2015-02-09,1400.0,700.0,1558.0,1
Onion,2015-02-10,1425.0,700.0,1609.0,1
Onion,2015-02-11,1490.0,1077.5,1643.0,2
Onion,2015-02-12,1550.0,700.0,1672.0,1
Onion,2015-02-13,1530.0,700.0,1612.0,1
Onion,2015-02-16,1530.0,700.0,1634.0,1
Onion,2015-02-23,1330.0,700.0,1481.0,1
Onion,2015-02-24,1310.0,600.0,1482.0,1
Onion,2015-02-25,1275.0,600.0,1466.0,1
Onion,2015-02-26,1270.0,700.0,1445.0,1
Onion,2015-02-27,1250.0,700.0,1451.0,1
Onion,2015-02-28,1225.0,700.0,1488.0,1
Onion,2015-03-02,1350.0,700.0,1491.0,1
Onion,2015-03-03,1250.0,700.0,1470.0,1
Onion,2015-03-04,1350.0,700.0,1501.0,1
Onion,2015-03-05,1325.0,700.0,1587.0,1
Onion,2015-03-07,1375.0,700.0,1507.0,1
Onion,2015-03-09,1350.0,700.0,1541.0,1
Onion,2015-03-12,1400.0,700.0,1580.0,1
Onion,2015-03-13,1325.0,800.0,1524.0,1
Onion,2015-03-17,1260.0,500.0,1490.0,1
Onion,2015-03-19,950.0,400.0,1400.0,1
Onion,2015-03-23,900.0,300.0,1155.0,1
Onion,2015-03-25,950.0,450.0,1241.5,2
Onion,2015-03-26,987.5,450.0,1302.5,2
Onion,2015-03-27,1050.5,400.0,1285.5,2
Onion,2015-04-06,1037.5,350.0,1323.0,2
Onion,2015-04-07,1037.5,450.0,1329.0,2
Onion,2015-04-08,1025.0,450.0,1295.0,2
Onion,2015-04-09,1012.5,400.0,1256.0,2
Onion,2015-04-10,1012.5,400.0,1231.0,2
Onion,2015-04-11,1025.0,450.0,1242.5,2
Onion,2015-04-13,1012.5,450.0,1287.0,2
Onion,2015-04-14,1030.0,500.0,1288.0,2
Onion,2015-04-15,1040.0,550.0,1258.5,2
Onion,2015-04-16,1012.5,550.0,1257.5,2
Onion,2015-04-17,925.0,400.0,1209.5,2
Onion,2015-04-20,925.0,350.0,1141.5,2
Onion,2015-04-23,1050.0,500.0,1399.0,1
Onion,2015-04-24,1025.0,300.0,1414.0,1
Onion,2015-04-25,1050.0,400.0,1431.0,1
Onion,2015-04-27,1100.0,600.0,1452.0,1
Onion,2015-04-28,1050.0,300.0,1441.0,1
Onion,2015-04-29,1050.0,400.0,1476.0,1
Onion,2015-04-30,1100.0,600.0,1470.0,1
Onion,2015-05-02,1101.0,400.0,1499.0,1
Onion,2015-05-05,1250.0,500.0,1600.0,1
Onion,2015-05-06,1275.0,700.0,1699.0,1
Onion,2015-05-07,1300.0,600.0,1700.0,1
Onion,2015-05-08,1200.0,700.0,1727.0,1
Onion,2015-05-09,1250.0,700.0,1625.0,1
Onion,2015-05-11,1100.0,600.0,1599.0,1
Onion,2015-05-12,1100.0,500.0,1611.0,1
Onion,2015-05-13,1100.0,500.0,1581.0,1
Onion,2015-05-14,1150.0,500.0,1556.0,1
Onion,2015-05-15,1200.0,500.0,1668.0,1
Onion,2015-05-16,1300.0,500.0,1625.0,1
Onion,2015-05-19,1100.0,600.0,1665.0,1
Onion,2015-05-20,1100.0,700.0,1680.0,1
Onion,2015-05-21,1125.0,500.0,1706.0,1
Onion,2015-05-22,1100.0,500.0,1705.0,1
Onion,2015-05-23,1150.0,500.0,1825.0,1
Onion,2015-05-25,1100.0,700.0,1700.0,1
Onion,2015-05-26,1175.0,700.0,1762.0,1
Onion,2015-05-27,1175.0,700.0,1781.0,1
Onion,2015-05-28,1250.0,700.0,1800.0,1
Onion,2015-05-29,1400.0,800.0,1836.0,1
Onion,2015-05-30,1500.0,700.0,1868.0,1
Onion,2015-06-03,1500.0,1000.0,1975.0,1
Onion,2015-06-04,1550.0,700.0,2000.0,1
Onion,2015-06-05,1550.0,500.0,2100.0,1
Onion,2015-06-06,1600.0,500.0,1960.0,1
Onion,2015-06-08,1700.0,1000.0,2180.0,1
Onion,2015-06-09,1700.0,700.0,2102.0,1
Onion,2015-06-10,1560.0,700.0,2100.0,1
Onion,2015-06-11,1550.0,700.0,2062.0,1
Onion,2015-06-13,1550.0,800.0,1980.0,1
Onion,2015-06-15,1550.0,800.0,2015.0,1
Onion,2015-06-17,1650.0,900.0,2031.0,1
Onion,2015-06-18,1550.0,700.0,1999.0,1
Onion,2015-06-19,1600.0,700.0,1962.0,1
Onion,2015-06-20,1600.0,700.0,2001.0,1
Onion,2015-06-22,1600.0,700.0,1955.0,1
Onion,2015-06-23,1550.0,700.0,1903.0,1
Onion,2015-06-24,1525.0,700.0,1900.0,1
Onion,2015-06-25,1550.0,700.0,1881.0,1
Onion,2015-06-26,1500.0,500.0,1892.0,1
Onion,2015-06-27,1500.0,700.0,1800.0,1
Onion,2015-06-29,1400.0,500.0,1921.0,1
Onion,2015-06-30,1450.0,700.0,1840.0,1
Onion,2015-07-01,1551.0,700.0,1922.0,1
Onion,2015-07-02,1575.0,500.0,1921.0,1
Onion,2015-07-03,1625.0,700.0,1900.0,1
Onion,2015-07-04,1525.0,700.0,1854.0,1
Onion,2015-07-06,1650.0,700.0,1901.0,1
Onion,2015-07-07,1650.0,700.0,1880.0,1
Onion,2015-07-08,1700.0,800.0,1971.0,1
Onion,2015-07-09,1725.0,900.0,1951.0,1
Onion,2015-07-10,1650.0,1000.0,1960.0,1
Onion,2015-07-11,1650.0,1000.0,1919.0,1
Onion,2015-07-13,1860.0,1300.0,2152.0,1
Onion,2015-07-14,2025.0,1500.0,2285.0,1
Onion,2015-07-15,2000.0,1400.0,2236.0,1
Onion,2015-07-17,1975.0,1200.0,2210.0,1
Onion,2015-07-20,2200.0,1500.0,2400.0,1
Onion,2015-07-21,2460.0,1500.0,2653.0,1
Onion,2015-07-22,2540.0,1500.0,2768.0,1
Onion,2015-07-23,2550.0,1500.0,2770.0,1
Onion,2015-07-24,2500.0,1300.0,2781.0,1
Onion,2015-07-25,2550.0,1600.0,2763.0,1
Onion,2015-07-28,3400.0,2100.0,3782.0,1
Onion,2015-07-29,3250.0,1700.0,3579.0,1
Onion,2015-07-31,3100.0,2000.0,3446.0,1
Onion,2015-08-01,3100.0,1700.0,3476.0,1
Onion,2015-08-03,3400.0,2000.0,3850.0,1
Onion,2015-08-04,3550.0,2500.0,3962.0,1
Onion,2015-08-05,3600.0,2100.0,3900.0,1
Onion,2015-08-06,3550.0,2100.0,3787.0,1
Onion,2015-08-07,3300.0,1500.0,3602.0,1
Onion,2015-08-08,3150.0,1500.0,3700.0,1
Onion,2015-08-10,3300.0,1700.0,3730.0,1
Onion,2015-08-11,3500.0,1900.0,3771.0,1
Onion,2015-08-12,3450.0,2100.0,4001.0,2
Onion,2015-08-13,3611.0,2100.0,4012.0,1
Onion,2015-08-17,4300.0,2500.0,4711.0,1
Onion,2015-08-19,4500.0,2500.0,4885.0,1
Onion,2015-08-20,5200.0,3100.0,5516.0,1
Onion,2015-08-21,5500.0,3100.0,6151.0,1
Onion,2015-08-22,5700.0,3100.0,6326.0,1
Onion,2015-08-25,4850.0,2500.0,5568.0,1
Onion,2015-08-26,4850.0,2500.0,5599.0,1
Onion,2015-08-27,4800.0,2500.0,5580.0,1
Onion,2015-08-28,4800.0,3090.0,5599.0,1
Onion,2015-08-31,4500.0,3100.0,5201.0,1
Onion,2015-09-01,4702.5,3752.5,4943.0,2
Onion,2015-09-02,4500.0,2500.0,4900.0,1
Onion,2015-09-03,4500.0,2500.0,4813.0,1
Onion,2015-09-04,4400.0,2500.0,4749.0,1
Onion,2015-09-05,4200.0,2100.0,4680.0,1
Onion,2015-09-07,4500.0,2600.0,5101.0,1
Onion,2015-09-08,4500.0,2500.0,5226.0,1
Onion,2015-09-09,4850.0,3100.0,5452.0,1
Onion,2015-09-10,4750.0,3100.0,5401.0,1
Onion,2015-09-14,4300.0,3100.0,4701.0,1
Onion,2015-09-15,4100.0,2500.0,4481.0,1
Onion,2015-09-16,4300.0,2500.0,4570.0,1
Onion,2015-09-19,3900.0,2500.0,4267.0,1
Onion,2015-09-21,3800.0,2000.0,4215.0,1
Onion,2015-09-22,3900.0,2200.0,4300.0,1
Onion,2015-09-23,3500.0,2100.0,3800.0,1
Onion,2015-09-24,3500.0,2100.0,3981.0,1
Onion,2015-09-28,3440.5,1650.5,3740.5,2
Onion,2015-09-29,3600.0,2100.0,4001.0,1
Onion,2015-09-30,3450.0,2750.0,3650.0,2
Onion,2015-10-01,3500.0,2100.0,3878.0,1
Onion,2015-10-03,3210.0,1350.5,3788.5,2
Onion,2015-10-05,3600.0,1500.0,4001.0,1
Onion,2015-10-06,3700.0,1500.0,4080.0,1
Onion,2015-10-07,4000.0,2200.0,4382.0,1
Onion,2015-10-08,3520.5,2495.5,3633.5,2
Onion,2015-10-09,2499.5,1485.5,3250.5,2
Onion,2015-10-13,2775.0,1600.0,3088.0,2
Onion,2015-10-14,2975.5,1600.0,3289.0,2
Onion,2015-10-15,2725.0,1600.0,2991.0,2
Onion,2015-10-16,2775.0,1600.0,3049.0,2
Onion,2015-10-17,2775.0,1800.0,3031.0,2
Onion,2015-10-19,2525.0,1650.0,2745.0,2
Onion,2015-10-20,2600.0,1700.0,2841.0,2
Onion,2015-10-21,2800.5,1900.0,3162.5,2
Onion,2015-10-23,3000.0,1800.0,3300.5,2
Onion,2015-10-26,3400.0,2000.0,3721.0,2
Onion,2015-10-27,3250.0,2300.0,3627.5,2
Onion,2015-10-28,3275.0,1800.0,3628.0,2
Onion,2015-10-29,3150.0,1700.0,3698.0,2
Onion,2015-10-30,2800.0,1900.0,3000.0,2
Onion,2015-10-31,3250.0,1900.0,3463.0,2
Onion,2015-11-01,1940.0,1400.0,2460.0,1
Onion,2015-11-02,2850.0,1750.0,3468.0,2
Onion,2015-11-03,3000.0,1750.0,3700.0,2
Onion,2015-11-04,3175.0,2450.0,3701.5,2
Onion,2015-11-05,2825.0,1750.0,3418.5,2
Onion,2015-11-06,3050.0,1850.0,3657.0,2
Onion,2015-11-07,2900.0,2350.0,3546.5,2
Onion,2015-11-16,2600.0,1700.0,3005.5,2
Onion,2015-11-17,3370.5,2750.0,3650.5,2
Onion,2015-11-18,2600.0,1700.0,3081.0,1
Onion,2015-11-19,2400.0,1700.0,3312.0,2
Onion,2015-11-20,2700.0,1550.5,3650.0,2
Onion,2015-11-23,2600.5,2400.5,3200.0,2
Onion,2015-11-24,2835.0,2250.0,3420.0,2
Onion,2015-11-26,1850.0,1400.0,2901.0,2
Onion,2015-11-27,1950.0,1800.0,2400.0,2
Onion,2015-11-30,1725.0,1400.0,2424.0,1
Onion,2015-12-01,1940.0,1400.0,2460.0,1
Onion,2015-12-02,1650.0,1400.0,2330.0,1
Onion,2015-12-03,1500.0,1100.0,2090.0,1
Onion,2015-12-04,1400.0,900.0,2001.0,1
Onion,2015-12-05,1600.0,1121.0,2191.0,1
Onion,2015-12-07,1100.0,800.0,1535.0,1
Onion,2015-12-08,1000.0,800.0,1540.0,1
Onion,2015-12-09,1150.0,900.0,1600.0,1
Onion,2015-12-10,1150.0,900.0,1595.0,1
Onion,2015-12-14,1250.0,900.0,1556.0,1
Onion,2015-12-15,1100.0,900.0,1545.0,1
Onion,2015-12-16,1000.0,700.0,1462.0,1
Onion,2015-12-17,1051.0,800.0,1438.0,1
Onion,2015-12-18,1100.0,800.0,1475.0,1
Onion,2015-12-19,1100.0,700.0,1378.0,1
Onion,2015-12-21,1100.0,700.0,1500.0,1
Onion,2015-12-22,1100.0,700.0,1391.0,1
Onion,2015-12-23,1150.0,700.0,1470.0,1
Onion,2015-12-28,1400.0,1000.0,1623.0,1
Onion,2015-12-29,1400.0,1000.0,1681.0,1
Onion,2015-12-30,1450.0,1000.0,1682.0,1
Onion,2015-12-31,1350.0,1000.0,1705.0,1
Onion,2016-01-01,1300.0,1000.0,1707.0,1
Onion,2016-01-02,1401.0,751.0,1601.0,1
Onion,2016-01-04,1251.0,900.0,1656.0,1
Onion,2016-01-05,1251.0,900.0,1601.0,1
Onion,2016-01-06,1251.0,900.0,1530.0,1
Onion,2016-01-07,1200.0,800.0,1496.0,1
Onion,2016-01-08,1251.0,700.0,1481.0,2
Onion,2016-01-10,1100.0,600.0,1410.0,1
Onion,2016-01-11,1100.0,600.0,1372.0,1
Onion,2016-01-12,1050.0,600.0,1395.0,1
Onion,2016-01-13,1100.0,600.0,1480.0,1
Onion,2016-01-14,1150.0,600.0,1446.0,1
Onion,2016-01-15,1100.0,800.0,1410.0,1
Onion,2016-01-18,1100.0,800.0,1426.0,1
Onion,2016-01-19,1100.0,800.0,1470.0,1
Onion,2016-01-20,1100.0,800.0,1394.0,1
Onion,2016-01-21,1100.0,600.0,1425.0,1
Onion,2016-01-22,1150.0,800.0,1366.0,1
Onion,2016-01-25,1150.0,500.0,1411.0,1
Onion,2016-01-27,1125.0,700.0,1447.0,1
Onion,2016-01-28,1050.0,500.0,1465.0,1
Onion,2016-01-29,1100.0,500.0,1400.0,1
Onion,2016-01-30,1050.0,500.0,1366.0,1
Onion,2016-02-01,1091.0,700.0,1385.0,2
Onion,2016-02-02,950.0,500.0,1422.0,1
Onion,2016-02-03,1000.0,550.0,1311.0,1
Onion,2016-02-04,700.0,400.0,864.0,1
Onion,2016-02-05,850.0,400.0,1356.0,1
Onion,2016-02-06,850.0,500.0,1292.0,1
Onion,2016-02-09,800.0,400.0,1303.0,1
Onion,2016-02-10,700.0,400.0,1140.0,1
Onion,2016-02-11,716.5,400.0,1064.0,2
Onion,2016-02-12,805.0,535.0,986.0,2
Onion,2016-02-15,750.0,300.0,1040.0,1
Onion,2016-02-16,727.5,488.5,971.0,2
Onion,2016-02-17,749.5,573.5,909.0,2
Onion,2016-02-18,751.0,400.0,1001.0,1
Onion,2016-02-20,828.0,530.5,1035.5,2
Onion,2016-02-22,729.0,452.5,968.5,2
Onion,2016-02-23,791.0,470.0,982.5,2
Onion,2016-02-24,776.0,500.0,905.5,2
Onion,2016-02-25,775.0,575.0,888.0,2
Onion,2016-02-26,800.5,450.0,931.5,2
Onion,2016-02-29,800.5,475.5,961.0,2
Onion,2016-03-01,801.0,450.0,938.0,2
Onion,2016-03-02,745.5,450.0,908.5,2
Onion,2016-03-03,750.0,450.0,851.0,2
Onion,2016-03-04,772.5,450.0,901.5,2
Onion,2016-03-05,713.0,450.0,831.0,2
Onion,2016-03-08,762.5,450.0,862.5,2
Onion,2016-03-10,737.5,450.0,860.0,2
Onion,2016-03-11,775.5,450.0,859.5,2
Onion,2016-03-14,675.0,450.0,754.5,2
Onion,2016-03-15,662.5,425.0,769.5,2
Onion,2016-03-16,637.5,350.0,767.0,2
Onion,2016-03-17,663.0,350.0,752.0,2
Onion,2016-03-18,701.0,450.0,775.5,2
Onion,2016-03-19,666.0,450.0,757.0,2
Onion,2016-03-21,800.0,450.0,886.5,2
Onion,2016-03-22,805.0,450.0,877.0,2
Onion,2016-04-05,715.5,375.0,801.5,2
Onion,2016-04-06,725.0,350.0,836.0,2
Onion,2016-04-08,750.5,350.0,815.5,2
Onion,2016-04-11,660.0,350.0,725.0,2
Onion,2016-04-12,775.0,400.0,931.0,1
Onion,2016-04-13,775.0,400.0,916.0,1
Onion,2016-04-16,775.0,400.0,885.0,1
Onion,2016-04-18,760.0,400.0,917.0,1
Onion,2016-04-20,811.0,500.0,900.0,1
Onion,2016-04-21,800.0,400.0,901.0,1
Onion,2016-04-22,801.0,300.0,900.0,1
Onion,2016-04-25,750.0,350.0,890.0,1
Onion,2016-04-26,750.0,300.0,870.0,1
Onion,2016-04-27,825.0,300.0,911.0,1
Onion,2016-04-28,725.0,350.0,905.0,1
Onion,2016-04-29,725.0,300.0,934.0,1
Onion,2016-04-30,725.0,300.0,945.0,1
Onion,2016-05-02,750.0,300.0,910.0,1
Onion,2016-05-03,750.0,350.0,918.0,1
Onion,2016-05-04,750.0,375.0,919.0,1
Onion,2016-05-05,750.0,400.0,945.0,1
Onion,2016-05-07,735.0,400.0,872.0,1
Onion,2016-05-09,750.0,300.0,901.0,1
Onion,2016-05-10,750.0,300.0,894.0,1
Onion,2016-05-11,750.0,400.0,902.0,1
Onion,2016-05-12,725.0,400.0,899.0,1
Onion,2016-05-13,750.0,400.0,900.0,1
Onion,2016-05-16,700.0,400.0,899.0,1
Onion,2016-05-17,725.0,300.0,915.0,1
Onion,2016-05-18,750.0,300.0,921.0,1
Onion,2016-05-19,750.0,300.0,951.0,1
Onion,2016-05-20,750.0,300.0,971.0,1
Onion,2016-05-23,750.0,300.0,940.0,1
Onion,2016-05-24,850.0,350.0,1004.0,1
Onion,2016-05-25,840.0,400.0,982.0,1
Onion,2016-05-26,840.0,300.0,945.0,1
Onion,2016-05-27,852.0,300.0,977.0,1
Onion,2016-05-30,825.0,300.0,915.0,1
Onion,2016-05-31,850.0,300.0,951.0,1
Onion,2016-06-01,850.0,325.0,963.0,1
Onion,2016-06-02,825.0,350.0,912.0,1
Onion,2016-06-03,825.0,350.0,940.0,1
Onion,2016-06-06,825.0,375.0,952.0,1
Onion,2016-06-07,825.0,300.0,961.0,1
Onion,2016-06-08,900.0,301.0,1013.0,1
Onion,2016-06-09,930.0,400.0,1020.0,1
Onion,2016-06-10,900.0,375.0,1001.0,1
Onion,2016-06-13,825.0,300.0,940.0,1
Onion,2016-06-14,860.0,300.0,941.0,1
Onion,2016-06-15,825.0,400.0,952.0,1
Onion,2016-06-16,775.0,300.0,950.0,1
Onion,2016-06-17,850.0,401.0,973.0,1
Onion,2016-06-21,900.0,300.0,1000.0,1
Onion,2016-06-22,900.0,300.0,1000.0,1
Onion,2016-06-23,890.0,350.0,981.0,1
Onion,2016-06-24,850.0,400.0,1005.0,1
Onion,2016-06-27,800.0,400.0,963.0,1
Onion,2016-06-28,850.0,350.0,956.0,1
Onion,2016-06-29,825.0,325.0,936.0,1
Onion,2016-06-30,800.0,300.0,932.0,1
Onion,2016-07-01,825.0,350.0,1001.0,1
Onion,2016-07-02,850.0,400.0,955.0,1
Onion,2016-07-05,800.0,250.0,935.0,1
Onion,2016-07-07,825.0,400.0,970.0,1
Onion,2016-07-08,825.0,400.0,976.0,1
Onion,2016-07-26,844.0,400.0,952.0,1
Onion,2016-07-27,821.0,459.0,916.0,1
Onion,2016-07-28,825.0,465.0,889.0,1
Onion,2016-07-29,850.0,350.0,918.0,1
Onion,2016-07-30,825.0,451.0,922.0,1
Onion,2016-08-01,800.0,400.0,890.0,1
Onion,2016-08-03,800.0,300.0,921.0,1
Onion,2016-08-04,801.0,400.0,951.0,1
Onion,2016-08-05,850.0,300.0,925.0,1
Onion,2016-08-06,850.0,300.0,912.0,1
Onion,2016-08-08,850.0,400.0,951.0,1
Onion,2016-08-09,781.0,250.0,882.0,1
Onion,2016-08-10,725.0,300.0,881.0,1
Onion,2016-08-11,775.0,300.0,882.0,1
Onion,2016-08-12,700.0,300.0,888.0,1
Onion,2016-08-16,715.0,151.0,865.0,1
Onion,2016-08-19,650.0,201.0,812.0,1
Onion,2016-08-20,625.0,200.0,840.0,1
Onion,2016-08-22,625.0,200.0,840.0,1
Onion,2016-08-23,630.0,300.0,858.0,1
Onion,2016-08-24,625.0,200.0,860.0,1
Onion,2016-08-26,625.0,200.0,848.0,1
Onion,2016-08-27,625.0,200.0,840.0,1
Onion,2016-08-29,640.0,200.0,826.0,1
Onion,2016-08-31,621.0,300.0,840.0,1
Onion,2016-09-02,650.0,200.0,794.0,1
Onion,2016-09-03,610.0,200.0,759.0,1
Onion,2016-09-07,525.0,200.0,719.0,1
Onion,2016-09-08,425.0,100.0,716.0,1
Onion,2016-09-09,425.0,100.0,641.0,1
Onion,2016-09-13,425.0,100.0,667.0,1
Onion,2016-09-16,425.0,100.0,623.0,1
Onion,2016-09-17,425.0,100.0,551.0,1
Onion,2016-09-26,351.0,101.0,531.0,1
Onion,2016-09-29,350.0,100.0,556.0,1
Onion,2016-10-01,350.5,225.5,442.5,2
Onion,2016-10-04,501.0,100.0,725.0,1
Onion,2016-10-05,650.0,100.0,825.0,1
Onion,2016-10-06,581.0,100.0,762.0,1
Onion,2016-10-07,750.0,200.0,900.0,1
Onion,2016-10-10,700.0,200.0,983.0,1
Onion,2016-10-11,482.5,257.5,617.5,2
Onion,2016-10-13,700.0,200.0,902.0,1
Onion,2016-10-14,650.0,150.0,928.0,1
Onion,2016-10-15,650.0,150.0,925.0,1
Onion,2016-10-17,672.5,437.5,821.0,2
Onion,2016-10-18,600.0,150.0,885.0,1
Onion,2016-10-19,551.0,351.0,741.5,2
Onion,2016-10-20,505.0,305.0,662.5,2
Onion,2016-10-21,500.5,312.5,826.5,2
Onion,2016-10-24,550.5,200.5,753.0,2
Onion,2016-10-25,600.0,200.0,1012.0,1
Onion,2016-11-03,820.5,376.0,945.5,2
Onion,2016-11-04,738.0,265.5,926.0,2
Onion,2016-11-07,988.0,366.5,1201.5,2
Onion,2016-11-08,1075.0,550.5,1216.5,2
Onion,2016-11-09,1120.5,531.0,1269.5,2
Onion,2016-11-18,1025.0,700.0,1288.0,2
Onion,2016-11-21,900.0,455.5,1403.0,2
Onion,2016-11-22,1001.0,550.0,1278.5,2
Onion,2016-11-24,926.0,450.0,1223.0,2
Onion,2016-11-25,900.0,400.0,1266.0,2
Onion,2016-11-28,762.5,400.0,1243.0,2
Onion,2016-11-30,875.0,450.0,1212.5,2
Onion,2016-12-01,850.5,350.0,1275.5,2
Onion,2016-12-02,775.0,350.0,1052.5,2
Onion,2016-12-05,650.0,350.0,915.0,2
Onion,2016-12-06,662.5,375.0,943.0,2
Onion,2016-12-07,612.5,350.0,862.0,2
Onion,2016-12-09,900.0,500.0,1130.0,1
Onion,2016-12-13,675.5,412.5,833.0,2
Onion,2016-12-14,650.0,410.5,814.5,2
Onion,2016-12-15,600.0,412.5,798.0,2
Onion,2016-12-16,700.0,270.0,876.0,1
Onion,2016-12-19,675.0,331.0,861.0,1
Onion,2016-12-20,670.0,362.0,857.0,1
Onion,2016-12-21,651.0,286.0,840.0,1
Onion,2016-12-22,650.0,201.0,780.0,1
Onion,2016-12-23,600.0,181.0,801.0,1
Onion,2016-12-26,580.0,111.0,800.0,1
Onion,2016-12-27,551.0,111.0,788.0,1
Onion,2016-12-28,625.0,213.0,807.0,1
Onion,2016-12-30,650.0,308.0,746.0,2
Onion,2017-01-02,690.0,101.0,781.0,1
Onion,2017-01-03,725.0,101.0,814.0,1
Onion,2017-01-04,711.0,220.0,811.0,1
Onion,2017-01-05,700.0,380.0,798.5,2
Onion,2017-01-06,675.0,210.0,771.0,1
Onion,2017-01-09,641.0,240.0,787.0,1
Onion,2017-01-10,630.0,180.0,740.0,1
Onion,2017-01-11,575.0,204.0,700.0,1
Onion,2017-01-12,575.0,190.0,710.0,1
Onion,2017-01-13,585.0,171.0,726.0,1
Onion,2017-01-16,561.0,154.0,651.0,1
Onion,2017-01-17,575.0,300.0,711.0,1
Onion,2017-01-18,620.0,211.0,718.0,1
Onion,2017-01-19,580.0,200.0,706.0,1
Onion,2017-01-25,570.0,131.0,732.0,1
Onion,2017-01-30,551.0,111.0,741.0,1
Onion,2017-02-01,470.0,130.0,686.0,1
Onion,2017-02-02,500.0,150.0,701.0,1
Onion,2017-02-03,460.0,151.0,651.0,1
Onion,2017-02-06,471.0,115.0,651.0,1
Onion,2017-02-07,480.0,151.0,699.0,1
Onion,2017-02-08,500.0,151.0,686.0,1
Onion,2017-02-09,470.0,151.0,671.0,1
Onion,2017-02-10,481.0,151.0,700.0,1
Onion,2017-02-13,480.0,101.0,676.0,1
Onion,2017-02-14,450.0,101.0,731.0,1
Onion,2017-02-15,500.0,101.0,674.0,1
Onion,2017-02-16,450.0,151.0,691.0,1
Onion,2017-02-17,490.0,101.0,651.0,1
Onion,2017-02-22,481.0,131.0,712.0,1
Onion,2017-02-23,500.0,145.0,686.0,1
Onion,2017-02-27,520.0,151.0,635.0,1
Onion,2017-02-28,525.0,151.0,673.0,1
Onion,2017-03-01,491.0,151.0,615.0,1
Onion,2017-03-02,540.0,151.0,624.0,1
Onion,2017-03-03,510.0,190.0,626.0,1
Onion,2017-03-06,550.0,409.0,630.5,2
Onion,2017-03-07,532.5,437.5,648.5,2
Onion,2017-03-08,515.5,413.0,645.5,2
Onion,2017-03-09,503.0,375.0,628.0,2
Onion,2017-03-10,498.0,350.0,618.0,2
Onion,2017-03-14,515.5,390.0,622.5,2
Onion,2017-03-15,550.5,375.0,645.0,2
Onion,2017-03-16,525.0,375.0,653.5,2
Onion,2017-03-20,562.5,400.0,663.5,2
Onion,2017-03-21,563.0,325.0,663.0,2
Onion,2017-03-22,575.0,362.5,660.0,2
Onion,2017-03-23,561.0,375.5,658.5,2
Onion,2017-03-25,570.5,375.0,656.0,2
Onion,2017-04-03,493.0,400.0,590.5,2
Onion,2017-04-05,490.0,375.0,596.0,2
Onion,2017-04-06,500.0,275.0,620.5,2
Onion,2017-04-07,500.0,275.0,622.5,2
Onion,2017-04-10,475.0,300.0,554.5,2
Onion,2017-04-11,500.0,250.0,556.0,2
Onion,2017-04-12,515.0,350.0,598.5,2
Onion,2017-04-13,460.0,300.0,567.5,2
Onion,2017-04-17,500.0,337.5,548.5,2
Onion,2017-04-18,477.5,337.5,522.0,2
Onion,2017-05-02,470.0,300.0,600.0,1
Onion,2017-05-03,480.0,250.0,622.0,1
Onion,2017-05-04,470.0,250.0,582.0,1
Onion,2017-05-05,450.0,250.0,590.0,1
Onion,2017-05-08,400.0,250.0,568.0,1
Onion,2017-05-09,490.0,250.0,577.0,1
Onion,2017-05-11,450.0,300.0,626.0,1
Onion,2017-05-12,400.0,200.0,640.0,1
Onion,2017-05-15,500.0,275.0,690.0,1
Onion,2017-05-16,350.0,200.0,551.0,1
Onion,2017-05-17,350.0,200.0,631.0,1
Onion,2017-05-18,450.0,200.0,679.0,1
Onion,2017-05-19,501.0,200.0,724.0,1
Onion,2017-05-22,500.0,250.0,672.0,1
Onion,2017-05-23,450.0,250.0,670.0,1
Onion,2017-05-24,450.0,250.0,626.0,1
Onion,2017-05-26,475.0,200.0,641.0,1
Onion,2017-05-29,480.0,250.0,641.0,1
Onion,2017-05-30,480.0,225.0,641.0,1
Onion,2017-05-31,450.0,200.0,626.0,1
Onion,2017-06-12,570.0,250.0,687.0,1
Onion,2017-06-13,590.0,300.0,684.0,1
Onion,2017-06-14,570.0,300.0,670.0,1
Onion,2017-06-15,540.0,250.0,700.0,1
Onion,2017-06-16,525.0,250.0,668.0,1
Onion,2017-06-19,550.0,250.0,675.0,1
Onion,2017-06-20,550.0,250.0,673.0,1
Onion,2017-06-21,525.0,250.0,670.0,1
Onion,2017-06-22,525.0,200.0,655.0,1
Onion,2017-06-23,581.0,250.0,707.0,1
Onion,2017-06-27,540.0,200.0,681.0,1
Onion,2017-06-28,551.0,200.0,677.0,1
Onion,2017-06-29,550.0,250.0,682.0,1
Onion,2017-06-30,550.0,250.0,704.0,1
Onion,2017-07-03,541.0,201.0,676.0,2
Onion,2017-07-05,581.0,225.0,701.0,1
Onion,2017-07-06,560.0,211.0,721.0,1
Onion,2017-07-07,565.0,250.0,719.0,1
Onion,2017-07-10,611.0,250.0,747.0,1
Onion,2017-07-11,615.0,250.0,763.0,1
Onion,2017-07-12,585.0,250.0,738.0,1
Onion,2017-07-13,571.0,225.0,701.0,1
Onion,2017-07-14,560.0,200.0,682.0,1
Onion,2017-07-17,570.0,201.0,699.0,1
Onion,2017-07-18,635.0,250.0,762.0,1
Onion,2017-07-19,720.0,300.0,811.0,1
Onion,2017-07-20,701.0,300.0,832.0,1
Onion,2017-07-21,680.0,300.0,796.0,1
Onion,2017-07-24,870.0,300.0,964.0,1
Onion,2017-07-25,870.0,250.0,930.0,1
Onion,2017-07-26,1000.0,300.0,1200.0,1
Onion,2017-07-27,1250.0,600.0,1451.0,1
Onion,2017-07-28,1350.0,500.0,1500.0,1
Onion,2017-07-31,1340.0,500.0,1549.0,1
Onion,2017-08-01,1250.0,500.0,1501.0,1
Onion,2017-08-02,1700.0,500.0,1900.0,1
Onion,2017-08-03,2110.0,800.0,2630.0,1
Onion,2017-08-04,2160.0,800.0,2400.0,1
Onion,2017-08-08,2311.0,700.0,2519.0,1
Onion,2017-08-10,2450.0,700.0,2637.0,1
Onion,2017-08-11,2100.0,700.0,2285.0,1
Onion,2017-08-12,2200.0,700.0,2386.0,1
Onion,2017-08-14,1850.0,600.0,2125.0,1
Onion,2017-08-16,1851.0,600.0,2131.0,1
Onion,2017-08-18,2200.0,500.0,2407.0,1
Onion,2017-08-22,1851.0,500.0,2352.0,1
Onion,2017-08-23,1751.0,500.0,2199.0,1
Onion,2017-08-24,1751.0,800.0,2102.0,1
Onion,2017-08-28,1651.0,700.0,2015.0,1
Onion,2017-08-29,1751.0,600.0,2025.0,1
Onion,2017-08-30,1850.0,500.0,2133.0,1
Onion,2017-08-31,1900.0,800.0,2145.0,1
Onion,2017-09-01,1700.0,800.0,2089.0,1
Onion,2017-09-04,1820.0,700.0,2003.0,1
Onion,2017-09-06,1645.0,500.0,1861.0,1
Onion,2017-09-07,1510.0,500.0,1786.0,1
Onion,2017-09-08,1451.0,700.0,1680.0,1
Onion,2017-09-11,1570.0,500.0,1764.0,1
Onion,2017-09-12,1500.0,551.0,1758.0,1
Onion,2017-09-13,1430.0,501.0,1675.0,1
Onion,2017-09-14,1000.0,600.0,1331.0,1
Onion,2017-09-19,1360.0,651.0,1590.0,1
Onion,2017-09-21,1720.0,700.0,1930.0,1
Onion,2017-09-22,1620.0,701.0,1876.0,1
Onion,2017-09-26,1500.0,600.0,1711.0,1
Onion,2017-09-27,1430.0,600.0,1752.0,1
Onion,2017-09-28,1451.0,600.0,1785.0,1
Onion,2017-09-29,1451.0,651.0,1797.0,1
Onion,2017-10-03,1610.0,700.0,1826.0,1
Onion,2017-10-04,1800.0,900.0,2075.0,1
Onion,2017-10-05,1950.0,900.0,2161.0,1
Onion,2017-10-06,2020.0,1000.0,2222.0,1
Onion,2017-10-09,2510.0,1200.0,2772.0,1
Onion,2017-10-10,2250.0,900.0,2462.0,1
Onion,2017-10-11,2460.0,900.0,2711.0,1
Onion,2017-10-12,2376.0,1630.0,2539.0,2
Onion,2017-10-13,1961.0,790.0,2232.0,1
Onion,2017-10-16,1955.5,1151.5,2096.0,2
Onion,2017-10-23,2575.0,1050.0,3152.0,2
Onion,2017-10-24,2485.0,875.5,3013.0,2
Onion,2017-10-25,2280.0,801.0,2837.0,2
Onion,2017-10-26,2118.0,825.5,2752.5,2
Onion,2017-10-27,2062.5,931.5,2752.5,2
Onion,2017-10-30,2386.5,961.5,2835.0,2
Onion,2017-10-31,2379.0,815.0,2949.5,2
Onion,2017-11-01,2590.5,901.0,3106.0,2
Onion,2017-11-02,2813.0,1029.0,3351.0,2
Onion,2017-11-06,2785.0,1400.0,3465.0,2
Onion,2017-11-07,2665.0,950.5,3450.5,2
Onion,2017-11-08,2626.5,1080.5,3321.5,2
Onion,2017-11-09,2429.5,850.0,3377.5,2
Onion,2017-11-10,2562.5,950.0,3226.0,2
Onion,2017-11-13,2526.0,886.0,3001.5,2
Onion,2017-11-14,2600.5,1127.5,3246.0,2
Onion,2017-11-15,3200.5,1421.5,3585.0,2
Onion,2017-11-16,3197.5,1251.0,3598.5,2
Onion,2017-11-17,3275.0,1501.0,3675.0,2
Onion,2017-11-20,3150.0,1176.0,3500.0,2
Onion,2017-11-21,3175.0,926.0,3530.5,2
Onion,2017-11-22,3200.0,1700.0,3940.0,1
Onion,2017-11-23,3780.5,1650.0,4040.5,2
Onion,2017-11-24,3150.0,1000.0,3830.0,1
Onion,2017-11-25,3825.5,1405.5,4038.0,2
Onion,2017-11-27,3576.0,1400.5,4065.5,2
Onion,2017-11-28,3206.5,2251.0,3933.5,2
Onion,2017-11-29,3101.0,1500.5,3750.5,2
Onion,2017-11-30,2725.0,1476.0,3610.5,2
Onion,2017-12-01,2500.0,1000.0,3470.0,1
Onion,2017-12-04,2500.0,901.0,3100.0,1
Onion,2017-12-05,3150.0,1000.0,3446.0,1
Onion,2017-12-06,2871.0,951.0,4012.0,1
Onion,2017-12-07,2900.0,900.0,3701.0,1
Onion,2017-12-08,3001.0,851.0,3750.0,1
Onion,2017-12-11,3351.0,1400.0,3700.0,1
Onion,2017-12-12,3400.0,1000.0,3801.0,1
Onion,2017-12-13,3251.0,1100.0,3801.0,1
Onion,2017-12-14,3000.0,1401.0,3699.0,1
Onion,2017-12-15,2851.0,900.0,3420.0,1
Onion,2017-12-19,2751.0,1201.0,3177.0,1
Onion,2017-12-20,2701.0,1501.0,3000.0,1
Onion,2017-12-21,2700.0,1000.0,3025.0,1
Onion,2017-12-22,2650.0,1500.0,2900.0,1
Onion,2017-12-25,2580.0,1000.0,2913.0,1
Onion,2017-12-26,2701.0,1101.0,3000.0,1
Onion,2017-12-27,2800.0,1051.0,3115.0,1
Onion,2017-12-28,2880.0,1500.0,3051.0,1
Onion,2017-12-29,2875.0,1100.0,3200.0,1
Onion,2018-01-01,3151.0,1501.0,3343.0,1
Onion,2018-01-02,3180.0,1001.0,3396.0,1
Onion,2018-01-03,3180.0,1200.0,3500.0,1
Onion,2018-01-04,3380.0,1000.0,3655.0,1
Onion,2018-01-05,3540.0,1500.0,3800.0,1
Onion,2018-01-08,3100.0,1800.0,3561.0,1
Onion,2018-01-09,2900.0,1500.0,3463.0,1
Onion,2018-01-10,2750.0,1500.0,3201.0,1
Onion,2018-01-11,2851.0,1100.0,3190.0,1
Onion,2018-01-12,2850.0,1500.0,3171.0,1
Onion,2018-01-15,2880.0,1500.0,3153.0,1
Onion,2018-01-17,2850.0,1100.0,3100.0,1
Onion,2018-01-18,2830.0,1000.0,3100.0,1
Onion,2018-01-19,2851.0,1500.0,3134.0,1
Onion,2018-01-22,2880.0,1501.0,3102.0,1
Onion,2018-01-23,2851.0,1500.0,3152.0,1
Onion,2018-01-24,2800.0,1401.0,3045.0,1
Onion,2018-01-25,2701.0,1100.0,3001.0,1
Onion,2018-01-29,1951.0,900.0,2400.0,1
Onion,2018-01-31,1601.0,901.0,1905.0,1
Onion,2018-02-01,1551.0,700.0,1754.0,1
Onion,2018-02-04,1451.0,700.0,1740.0,1
Onion,2018-02-05,2451.0,901.0,2536.0,1
Onion,2018-02-06,2361.0,851.0,2607.0,1
Onion,2018-02-07,1751.0,801.0,2120.0,1
Onion,2018-02-08,1760.0,1100.0,1951.0,1
Onion,2018-02-09,1901.0,1000.0,2100.0,1
Onion,2018-02-12,1880.0,1200.0,2035.0,1
Onion,2018-02-14,1790.0,900.0,1931.0,1
Onion,2018-02-16,1575.0,1000.0,1793.0,2
Onion,2018-02-19,1550.5,1050.5,1800.5,2
Onion,2018-02-20,1620.0,1055.5,1765.0,2
Onion,2018-02-21,1646.0,1031.0,1755.5,2
Onion,2018-02-22,1425.0,800.0,1639.0,2
Onion,2018-02-23,1435.0,950.5,1665.5,2
Onion,2018-02-26,1083.0,800.0,1286.5,2
Onion,2018-02-27,1006.0,750.0,1178.0,2
Onion,2018-02-28,1030.5,825.5,1220.0,2
Onion,2018-03-05,1062.5,700.0,1185.5,2
Onion,2018-03-07,910.0,600.0,1094.5,2
Onion,2018-03-08,870.0,550.0,1045.0,2
Onion,2018-03-09,825.0,450.0,982.0,2
Onion,2018-03-10,875.0,550.0,982.0,2
Onion,2018-03-12,757.5,450.0,930.0,2
Onion,2018-03-13,745.5,500.0,865.5,2
Onion,2018-03-14,760.0,400.0,854.0,2
Onion,2018-03-15,763.0,450.0,914.5,2
Onion,2018-03-16,735.0,485.0,846.0,2
Onion,2018-03-19,710.5,450.0,822.0,2
Onion,2018-03-20,735.0,525.5,815.0,2
Onion,2018-03-21,735.0,501.0,843.0,2
Onion,2018-03-22,800.5,356.0,891.5,2
Onion,2018-03-23,850.0,586.0,916.0,2
Onion,2018-03-26,767.5,400.0,893.0,2
Onion,2018-04-04,662.5,365.5,770.5,2
Onion,2018-04-05,727.5,450.0,824.5,2
Onion,2018-04-06,660.0,400.0,771.0,2
Onion,2018-04-09,630.0,426.0,773.5,2
Onion,2018-04-10,592.5,375.5,769.5,2
Onion,2018-04-11,650.0,300.0,841.0,1
Onion,2018-04-12,640.0,400.0,788.0,1
Onion,2018-04-13,630.0,300.0,786.0,1
Onion,2018-04-17,610.0,271.0,716.0,1
Onion,2018-04-18,600.0,351.0,774.0,1
Onion,2018-04-19,620.0,300.0,782.0,1
Onion,2018-04-23,675.0,401.0,810.0,1
Onion,2018-04-25,400.0,400.0,801.0,1
Onion,2018-04-26,680.0,375.0,833.0,1
Onion,2018-04-27,675.0,400.0,825.0,1
Onion,2018-04-30,740.0,400.0,888.0,1
Onion,2018-05-02,720.0,400.0,876.0,1
Onion,2018-05-03,680.0,300.0,841.0,1
Onion,2018-05-04,670.0,301.0,860.0,1
Onion,2018-05-07,650.0,300.0,899.0,1
Onion,2018-05-08,670.0,351.0,875.0,1
Onion,2018-05-09,660.0,400.0,854.0,1
Onion,2018-05-10,655.0,311.0,832.0,1
Onion,2018-05-11,660.0,300.0,835.0,1
Onion,2018-05-14,670.0,351.0,842.0,1
Onion,2018-05-16,640.0,351.0,858.0,1
Onion,2018-05-17,600.0,300.0,841.0,1
Onion,2018-05-18,601.0,300.0,870.0,1
Onion,2018-05-21,710.0,401.0,900.0,1
Onion,2018-05-22,720.0,400.0,900.0,1
Onion,2018-05-23,750.0,300.0,901.0,1
Onion,2018-05-24,720.0,300.0,935.0,1
Onion,2018-05-25,751.0,400.0,980.0,1
Onion,2018-05-28,751.0,300.0,1021.0,1
Onion,2018-05-29,790.0,300.0,992.0,1
Onion,2018-05-30,780.0,400.0,981.0,1
Onion,2018-05-31,820.0,400.0,996.0,1
Onion,2018-06-01,830.0,341.0,950.0,1
Onion,2018-06-04,851.0,251.0,915.0,1
Onion,2018-06-05,851.0,351.0,940.0,1
Onion,2018-06-06,751.0,300.0,905.0,1
Onion,2018-06-07,801.0,300.0,921.0,1
Onion,2018-06-08,830.0,401.0,993.0,1
Onion,2018-06-11,770.0,300.0,978.0,1
Onion,2018-06-12,840.0,400.0,1025.0,1
Onion,2018-06-14,851.0,401.0,1030.0,1
Onion,2018-06-15,951.0,500.0,1140.0,1
Onion,2018-06-18,921.0,400.0,1067.0,1
Onion,2018-06-19,1100.0,501.0,1201.0,1
Onion,2018-06-20,1090.0,500.0,1191.0,1
Onion,2018-06-21,1251.0,551.0,1383.0,1
Onion,2018-06-22,1200.0,600.0,1360.0,1
Onion,2018-06-25,1050.0,400.0,1252.0,1
Onion,2018-06-26,1130.0,500.0,1286.0,1
Onion,2018-06-27,1151.0,500.0,1326.0,1
Onion,2018-06-28,1150.0,400.0,1336.0,1
Onion,2018-06-30,1125.0,500.0,1300.0,1
Onion,2018-07-02,1351.0,700.0,1552.0,1
Onion,2018-07-03,1301.0,701.0,1501.0,1
Onion,2018-07-04,1201.0,500.0,1470.0,1
Onion,2018-07-05,1250.0,551.0,1480.0,1
Onion,2018-07-06,1220.0,500.0,1395.0,1
Onion,2018-07-07,1240.0,551.0,1360.0,1
Onion,2018-07-09,1130.0,501.0,1335.0,1
Onion,2018-07-11,1151.0,400.0,1311.0,1
Onion,2018-07-12,1160.0,451.0,1367.0,1
Onion,2018-07-16,1130.0,500.0,1300.0,1
Onion,2018-07-17,1070.0,400.0,1271.0,1
Onion,2018-07-18,1060.0,501.0,1310.0,1
Onion,2018-07-19,1090.0,401.0,1275.0,1
Onion,2018-07-20,1110.0,400.0,1241.0,1
Onion,2018-07-25,1110.0,400.0,1276.0,1
Onion,2018-07-29,1101.0,500.0,1275.0,1
Onion,2018-07-30,1050.0,400.0,1227.0,1
Onion,2018-07-31,1001.0,451.0,1200.0,1
Onion,2018-08-01,1030.0,400.0,1200.0,1
Onion,2018-08-02,1051.0,451.0,1225.0,1
Onion,2018-08-03,1060.0,400.0,1224.0,1
Onion,2018-08-04,1030.0,500.0,1234.0,1
Onion,2018-08-06,1030.0,501.0,1190.0,1
Onion,2018-08-07,960.0,451.0,1145.0,1
Onion,2018-08-08,930.0,401.0,1145.0,1
Onion,2018-08-10,1051.0,451.0,1242.0,1
Onion,2018-08-13,950.0,451.0,1168.0,1
Onion,2018-08-14,960.0,400.0,1178.0,1
Onion,2018-08-16,1020.0,500.0,1152.0,1
Onion,2018-08-18,1060.0,400.0,1137.0,1
Onion,2018-08-20,950.0,400.0,1126.0,1
Onion,2018-08-21,940.0,400.0,1151.0,1
Onion,2018-08-25,920.0,401.0,1105.0,1
Onion,2018-08-27,870.0,301.0,1062.0,1
Onion,2018-08-28,870.0,351.0,1068.0,1
Onion,2018-08-29,820.0,300.0,1021.0,1
Onion,2018-08-30,840.0,300.0,1031.0,1
Onion,2018-08-31,820.0,451.0,1061.0,1
Onion,2018-09-01,780.0,401.0,985.0,1
Onion,2018-09-04,770.0,300.0,990.0,1
Onion,2018-09-05,775.0,351.0,1026.0,1
Onion,2018-09-07,751.0,400.0,1005.0,1
Onion,2018-09-08,801.0,301.0,1005.0,1
Onion,2018-09-10,780.0,300.0,1025.0,1
Onion,2018-09-12,840.0,301.0,961.0,1
Onion,2018-09-14,830.0,301.0,923.0,1
Onion,2018-09-15,851.0,300.0,931.0,1
Onion,2018-09-17,801.0,300.0,936.0,1
Onion,2018-09-18,751.0,301.0,942.0,1
Onion,2018-09-19,725.0,301.0,915.0,1
Onion,2018-09-21,701.0,301.0,909.0,1
Onion,2018-09-24,701.0,301.0,892.0,1
Onion,2018-09-26,651.0,301.0,862.0,1
Onion,2018-09-27,680.0,300.0,880.0,1
Onion,2018-09-28,801.0,301.0,930.0,1
Onion,2018-09-29,851.0,301.0,961.0,1
Onion,2018-10-01,875.0,400.0,1013.0,1
Onion,2018-10-03,870.0,401.0,1033.0,1
Onion,2018-10-04,960.0,500.0,1078.0,1
Onion,2018-10-05,901.0,501.0,1042.0,1
Onion,2018-10-06,860.0,351.0,1001.0,1
Onion,2018-10-08,840.0,301.0,1066.0,1
Onion,2018-10-10,1051.0,400.0,1201.0,1
Onion,2018-10-11,1230.0,501.0,1394.0,1
Onion,2018-10-12,1201.0,451.0,1381.0,1
Onion,2018-10-15,1851.0,700.0,2121.0,1
Onion,2018-10-16,1851.0,800.0,2201.0,1
Onion,2018-10-17,2100.0,700.0,2550.0,1
Onion,2018-10-19,1541.0,960.0,1803.5,2
Onion,2018-10-20,1501.0,500.0,1924.0,1
Onion,2018-10-22,1251.0,350.5,1715.5,2
Onion,2018-10-23,1551.0,501.0,2000.0,1
Onion,2018-10-24,1551.0,501.0,2012.0,1
Onion,2018-10-25,1360.0,500.0,1912.0,1
Onion,2018-10-27,1251.0,451.0,1821.0,1
Onion,2018-10-29,1315.0,543.0,1621.0,2
Onion,2018-10-30,1288.5,513.0,1608.0,2
Onion,2018-10-31,1288.0,575.5,1661.0,2
Onion,2018-11-01,1311.0,600.0,1655.5,2
Onion,2018-11-12,1176.0,465.5,1510.5,2
Onion,2018-11-13,1375.5,421.0,1683.5,2
Onion,2018-11-14,1301.0,450.5,1663.0,2
Onion,2018-11-15,1200.0,450.5,1564.5,2
Onion,2018-11-16,826.0,350.5,1338.5,2
Onion,2018-11-19,805.5,301.0,1099.5,2
Onion,2018-11-20,887.5,301.0,1239.5,2
Onion,2018-11-23,650.0,195.5,1041.5,2
Onion,2018-11-26,785.5,351.0,1087.0,2
Onion,2018-11-28,701.0,301.0,1140.5,2
Onion,2018-11-29,740.5,300.5,1075.0,2
Onion,2018-11-30,690.0,275.5,1015.0,2
Onion,2018-12-01,715.5,225.5,936.5,2
Onion,2018-12-03,676.0,225.5,1010.5,2
Onion,2018-12-04,620.5,326.0,981.5,2
Onion,2018-12-05,605.5,326.0,976.5,2
Onion,2018-12-08,635.5,301.0,967.5,2
Onion,2018-12-10,585.5,301.0,856.0,2
Onion,2018-12-11,585.5,300.5,945.0,2
Onion,2018-12-12,566.0,301.0,900.0,2
Onion,2018-12-13,560.5,200.0,945.5,2
Onion,2018-12-14,576.0,301.0,962.0,2
Onion,2018-12-15,535.5,225.5,861.0,2
Onion,2018-12-17,560.0,225.0,794.5,2
Onion,2018-12-18,513.0,251.0,836.0,2
Onion,2018-12-19,501.0,276.0,829.5,2
Onion,2018-12-20,475.0,225.0,714.5,2
Onion,2018-12-21,426.0,226.0,612.5,2
Onion,2018-12-24,385.5,201.0,581.5,2
Onion,2018-12-26,390.0,201.0,653.0,2
Onion,2018-12-27,415.5,201.0,568.0,2
Onion,2018-12-28,422.5,175.5,544.0,2
Onion,2018-12-29,470.0,225.5,605.0,2
Onion,2018-12-31,587.5,201.0,696.0,2
Onion,2019-01-01,550.5,201.0,703.0,2
Onion,2019-01-02,451.0,226.0,601.0,2
Onion,2019-01-03,420.0,201.0,599.5,2
Onion,2019-01-04,452.5,90.5,587.0,2
Onion,2019-01-07,441.0,221.5,568.5,2
Onion,2019-01-08,447.5,251.0,588.5,2
Onion,2019-01-09,401.0,206.5,606.5,2
Onion,2019-01-10,382.5,220.0,574.5,2
Onion,2019-01-11,430.0,211.0,617.0,2
Onion,2019-01-14,390.5,210.5,562.0,2
Onion,2019-01-18,410.5,218.0,574.5,2
Onion,2019-01-19,375.0,201.0,531.0,2
Onion,2019-01-21,388.0,220.0,618.5,2
Onion,2019-01-22,407.5,266.5,631.0,2
Onion,2019-01-23,372.5,201.0,498.0,2
Onion,2019-01-25,320.5,204.0,472.0,2
Onion,2019-01-28,350.0,201.0,508.5,2
Onion,2019-01-29,350.0,214.0,501.5,2
Onion,2019-01-30,363.5,225.5,529.5,2
Onion,2019-01-31,370.5,230.5,489.5,2
Onion,2019-02-01,365.5,201.0,515.5,2
Onion,2019-02-02,330.5,176.0,441.0,2
Onion,2019-02-05,350.0,218.0,485.0,2
Onion,2019-02-06,355.0,233.5,461.5,2
Onion,2019-02-07,401.0,201.0,630.0,1
Onion,2019-02-08,425.0,301.0,636.0,1
Onion,2019-02-11,440.0,300.0,651.0,1
Onion,2019-02-12,430.0,300.0,670.0,1
Onion,2019-02-13,430.0,300.0,659.0,1
Onion,2019-02-14,440.0,301.0,624.0,1
Onion,2019-02-15,401.0,251.0,610.0,1
Onion,2019-02-16,426.0,280.0,570.0,1
Onion,2019-02-18,430.0,301.0,680.0,1
Onion,2019-02-20,400.0,272.0,589.0,1
Onion,2019-02-21,401.0,251.0,620.0,2
Onion,2019-02-22,380.0,251.0,597.0,1
Onion,2019-02-25,380.0,251.0,551.0,1
Onion,2019-02-26,370.0,200.0,547.0,1
Onion,2019-02-27,400.0,200.0,613.0,1
Onion,2019-02-28,410.0,251.0,625.0,1
Onion,2019-03-01,401.0,251.0,600.0,1
Onion,2019-03-02,425.0,300.0,567.0,1
Onion,2019-03-05,550.0,400.0,649.0,1
Onion,2019-03-07,575.0,401.0,670.0,1
Onion,2019-03-08,615.0,300.0,731.0,1
Onion,2019-03-11,726.0,472.5,861.5,2
Onion,2019-03-12,725.5,476.0,916.0,2
Onion,2019-03-13,682.5,451.0,820.0,2
Onion,2019-03-14,625.0,350.0,803.0,2
Onion,2019-03-15,615.0,350.0,793.5,2
Onion,2019-03-16,576.0,300.0,713.5,2
Onion,2019-03-18,575.5,350.0,699.0,2
Onion,2019-03-19,645.5,350.5,774.5,2
Onion,2019-03-20,650.5,350.0,786.5,2
Onion,2019-03-22,732.5,450.5,831.0,2
Onion,2019-04-02,565.5,400.5,861.0,2
Onion,2019-04-03,710.5,425.5,863.5,2
Onion,2019-04-04,701.0,400.5,861.0,2
Onion,2019-04-08,722.5,400.0,889.5,2
Onion,2019-04-09,676.0,350.0,860.5,2
Onion,2019-04-10,695.5,400.0,858.5,2
Onion,2019-04-11,715.5,475.5,984.5,2
Onion,2019-04-12,875.0,500.0,1100.0,1
Onion,2019-04-15,871.0,451.0,1055.0,1
Onion,2019-04-16,871.0,500.0,1051.0,1
Onion,2019-04-18,920.0,501.0,1101.0,1
Onion,2019-04-20,925.0,500.0,1138.0,1
Onion,2019-04-22,920.0,400.0,1173.0,1
Onion,2019-04-23,880.0,500.0,1170.0,1
Onion,2019-04-24,851.0,551.0,1152.0,1
Onion,2019-04-25,801.0,400.0,1115.0,1
Onion,2019-04-26,780.0,400.0,1156.0,1
Onion,2019-04-30,851.0,500.0,1142.0,1
Onion,2019-05-02,860.0,500.0,1136.0,1
Onion,2019-05-03,801.0,400.0,1143.0,1
Onion,2019-05-06,860.0,400.0,1141.0,1
Onion,2019-05-07,840.0,300.0,1170.0,1
Onion,2019-05-08,801.0,400.0,1131.0,1
Onion,2019-05-09,890.0,500.0,1158.0,1
Onion,2019-05-10,901.0,501.0,1121.0,1
Onion,2019-05-13,870.0,451.0,1125.0,1
Onion,2019-05-14,901.0,501.0,1151.0,1
Onion,2019-05-15,920.0,401.0,1125.0,1
Onion,2019-05-21,960.0,501.0,1154.0,1
Onion,2019-05-22,1001.0,501.0,1178.0,1
Onion,2019-05-23,1101.0,551.0,1230.0,1
Onion,2019-05-25,1125.0,600.0,1251.0,1
Onion,2019-05-27,1151.0,501.0,1352.0,1
Onion,2019-05-28,1101.0,500.0,13012.0,1
Onion,2019-05-29,1120.0,501.0,1326.0,1
Onion,2019-05-30,1101.0,501.0,1308.0,1
Onion,2019-05-31,1110.0,501.0,1351.0,1
Onion,2019-06-01,1200.0,551.0,1295.0,1
Onion,2019-06-04,1151.0,551.0,1370.0,1
Onion,2019-06-06,1200.0,500.0,1367.0,1
Onion,2019-06-07,1151.0,501.0,1350.0,1
Onion,2019-06-10,1301.0,700.0,1432.0,1
Onion,2019-06-11,1320.0,700.0,1429.0,1
Onion,2019-06-12,1201.0,700.0,1361.0,1
Onion,2019-06-13,1320.0,700.0,1428.0,1
Onion,2019-06-14,1280.0,600.0,1424.0,1
Onion,2019-06-15,1260.0,600.0,1410.0,1
Onion,2019-06-17,1220.0,600.0,1430.0,1
Onion,2019-06-18,1250.0,600.0,1401.0,1
Onion,2019-06-19,1160.0,601.0,1380.0,1
Onion,2019-06-20,1210.0,600.0,1415.0,1
Onion,2019-06-21,1220.0,700.0,1400.0,1
Onion,2019-06-24,1201.0,651.0,1383.0,1
Onion,2019-06-25,1230.0,600.0,1399.0,1
Onion,2019-06-26,1240.0,700.0,1399.0,1
Onion,2019-06-27,1225.0,651.0,1417.0,1
Onion,2019-06-28,1280.0,600.0,1450.0,1
Onion,2019-06-29,1241.0,500.0,1351.0,1
Onion,2019-07-01,1360.0,800.0,1464.0,1
Onion,2019-07-03,1351.0,851.0,1503.0,1
Onion,2019-07-04,1320.0,700.0,1525.0,1
Onion,2019-07-05,1280.0,700.0,1485.0,1
Onion,2019-07-06,1285.0,711.0,1435.0,1
Onion,2019-07-08,1335.0,600.0,1499.0,1
Onion,2019-07-09,1251.0,500.0,1380.0,1
Onion,2019-07-10,1200.0,500.0,1380.0,1
Onion,2019-07-11,1315.0,600.0,1400.0,1
Onion,2019-07-15,1201.0,501.0,1368.0,1
Onion,2019-07-17,1225.5,650.5,1375.5,2
Onion,2019-07-18,1201.0,700.0,1380.0,1
Onion,2019-07-19,1151.0,600.0,1372.0,1
Onion,2019-07-20,1160.0,501.0,1356.0,1
Onion,2019-07-22,1151.0,601.0,1311.0,1
Onion,2019-07-23,1180.0,551.0,1332.0,1
Onion,2019-07-24,1225.0,511.0,1399.0,1
Onion,2019-07-25,1210.0,600.0,1398.0,1
Onion,2019-07-26,1220.0,570.0,1350.0,1
Onion,2019-07-29,1225.0,500.0,1332.0,1
Onion,2019-07-30,1201.0,551.0,1324.0,1
Onion,2019-07-31,1251.0,651.0,1325.0,1
Onion,2019-08-02,1320.0,700.0,1401.0,1
Onion,2019-08-03,1301.0,600.0,1375.0,1
Onion,2019-08-06,1480.0,800.0,1596.0,1
Onion,2019-08-07,1320.0,700.0,1481.0,1
Onion,2019-08-08,1351.0,751.0,1511.0,1
Onion,2019-08-09,1401.0,700.0,1502.0,1
Onion,2019-08-13,1435.0,800.0,1538.0,1
Onion,2019-08-14,1670.0,801.0,1760.0,1
Onion,2019-08-16,1800.0,700.0,2000.0,1
Onion,2019-08-19,1901.0,700.0,2047.0,1
Onion,2019-08-20,2051.0,700.0,2372.0,1
Onion,2019-08-21,2351.0,900.0,2500.0,1
Onion,2019-08-22,2301.0,901.0,2452.0,1
Onion,2019-08-23,2251.0,900.0,2395.0,1
Onion,2019-08-26,2381.0,1000.0,2500.0,1
Onion,2019-08-28,2650.0,900.0,2851.0,1
Onion,2019-08-29,2551.0,900.0,2792.0,1
Onion,2019-08-31,2351.0,751.0,2560.0,1
Onion,2019-09-04,2380.0,1000.0,2576.0,1
Onion,2019-09-05,2450.0,1000.0,2591.0,1
Onion,2019-09-06,2401.0,900.0,2652.0,1
Onion,2019-09-07,2525.0,1000.0,2646.0,1
Onion,2019-09-09,2551.0,900.0,2671.0,1
Onion,2019-09-10,2580.0,900.0,2725.0,1
Onion,2019-09-11,2650.0,800.0,2783.0,1
Onion,2019-09-13,2851.0,951.0,3142.0,1
Onion,2019-09-16,3201.0,1201.0,3412.0,1
Onion,2019-09-17,3301.0,1001.0,3500.0,1
Onion,2019-09-18,3501.0,1201.0,3876.0,1
Onion,2019-09-19,4001.0,1500.0,5100.0,1
Onion,2019-09-20,4000.0,1500.0,4500.0,1
Onion,2019-09-21,4100.0,1200.0,4360.0,1
Onion,2019-09-23,4000.0,1253.0,4280.0,1
Onion,2019-09-24,4000.0,2000.0,4179.0,1
Onion,2019-09-26,3351.0,1200.0,3672.0,1
Onion,2019-09-27,3600.0,1100.0,3880.0,1
Onion,2019-09-30,3000.0,1500.0,3464.0,1
Onion,2019-10-01,3200.0,1252.0,3441.0,1
Onion,2019-10-03,2651.0,1000.0,3104.0,1
Onion,2019-10-04,2801.0,1201.0,3203.0,1
Onion,2019-10-07,3752.5,2652.5,3815.0,2
Onion,2019-10-09,3551.0,1400.0,3806.0,1
Onion,2019-10-10,3401.0,1400.0,3825.0,1
Onion,2019-10-11,3100.0,1500.0,3351.0,1
Onion,2019-10-14,2851.0,1201.0,3263.0,1
Onion,2019-10-15,2801.0,1100.0,31825.0,1
Onion,2019-10-16,2700.0,1100.0,3154.0,1
Onion,2019-10-17,2501.0,1000.0,2946.0,1
Onion,2019-10-18,2400.0,1100.0,2801.0,1
Onion,2019-10-19,2580.0,951.0,2892.0,1
Onion,2019-10-22,3560.0,1201.0,3725.0,1
Onion,2019-10-23,3501.0,1200.0,3761.0,1
Onion,2019-10-24,3350.0,1200.0,3600.0,1
Onion,2019-10-30,3900.0,1200.0,4201.0,1
Onion,2019-10-31,4100.0,2000.0,4581.0,1
Onion,2019-11-01,4551.0,2100.0,4801.0,1
Onion,2019-11-02,4901.0,1891.0,5359.0,1
Onion,2019-11-04,5501.0,2300.0,5757.0,1
Onion,2019-11-05,3800.5,2270.5,4555.5,2
Onion,2019-11-06,3725.5,1550.0,4200.5,2
Onion,2019-11-07,3500.5,1600.0,4444.0,2
Onion,2019-11-09,3870.0,2126.0,4620.0,2
Onion,2019-11-11,4100.0,2150.0,4806.0,2
Onion,2019-11-13,3551.0,1600.0,4490.5,2
Onion,2019-11-14,3701.0,1896.0,4705.5,2
Onion,2019-11-15,4281.0,1708.0,4951.0,2
Onion,2019-11-16,3870.0,2126.0,4620.0,2
Onion,2019-11-18,4160.0,2125.5,5245.0,2
Onion,2019-11-19,4775.5,2026.0,5410.5,2
Onion,2019-11-20,5487.5,2291.5,5900.5,2
Onion,2019-11-21,5975.5,2151.0,6480.5,2
Onion,2019-11-22,6206.5,2050.5,7057.5,2
Onion,2019-11-25,6026.0,2600.0,7030.5,2
Onion,2019-11-27,5376.0,2250.0,6513.5,2
Onion,2019-11-28,4175.5,2550.0,6427.0,2
Onion,2019-11-29,4551.0,1600.0,6226.0,1
Onion,2019-11-30,5100.5,2061.0,6533.0,2
Onion,2019-12-01,4726.0,1650.5,6738.0,2
Onion,2019-12-02,6501.0,2000.0,8401.0,1
Onion,2019-12-03,7501.0,2500.0,8991.0,1
Onion,2019-12-04,5025.0,2500.0,9352.0,1
Onion,2019-12-05,7001.0,2001.0,10012.0,1
Onion,2019-12-06,6801.0,2500.0,10064.0,1
Onion,2019-12-07,7100.0,2400.0,8700.0,1
Onion,2019-12-09,4701.0,2000.0,6800.0,1
Onion,2019-12-10,5401.0,2000.0,7800.0,1
Onion,2019-12-11,6201.0,2101.0,7500.0,1
Onion,2019-12-12,6451.0,2451.0,7651.0,2
Onion,2019-12-13,7300.0,2000.0,8900.0,1
Onion,2019-12-16,8625.0,2000.0,10099.0,1
Onion,2019-12-17,8200.0,3001.0,11111.0,1
Onion,2019-12-18,7100.0,2000.0,10751.0,1
Onion,2019-12-19,7000.0,2000.0,9652.0,1
Onion,2019-12-20,5100.0,1850.0,8000.5,2
Onion,2019-12-21,5500.0,1500.0,7401.0,1
Onion,2019-12-23,6701.0,2101.0,8301.0,1
Onion,2019-12-24,6501.0,2000.0,8100.0,1
Onion,2019-12-25,6701.0,2000.0,8082.0,1
Onion,2019-12-27,6900.0,3000.0,7901.0,1
Onion,2019-12-30,4500.0,1500.0,5761.0,1
Onion,2019-12-31,4201.0,1501.0,5211.0,1
Onion,2020-01-01,3801.0,1051.0,4600.0,1
Onion,2020-01-02,4351.0,1200.0,5031.0,1
Onion,2020-01-03,4251.0,1200.0,4799.0,1
Onion,2020-01-04,4000.0,1400.0,4575.0,1
Onion,2020-01-07,4300.0,1301.0,4752.0,1
Onion,2020-01-08,3651.0,1200.0,4650.0,1
Onion,2020-01-09,3350.0,1500.0,4342.0,2
Onion,2020-01-10,2700.0,1000.0,3540.0,1
Onion,2020-01-13,2800.0,1500.0,3195.0,1
Onion,2020-01-14,3351.0,1200.0,3800.0,1
Onion,2020-01-15,3460.0,1151.0,3900.0,1
Onion,2020-01-17,3451.0,1200.0,3720.0,1
Onion,2020-01-18,3551.0,1500.0,4000.0,1
Onion,2020-01-20,4051.0,1301.0,4855.0,1
Onion,2020-01-21,3801.0,1300.0,4223.0,1
Onion,2020-01-22,3700.0,1300.0,4107.0,1
Onion,2020-01-23,3500.0,1251.0,3815.0,1
Onion,2020-01-27,2500.0,1500.0,2930.0,1
Onion,2020-01-28,2680.0,1100.0,2990.0,1
Onion,2020-01-29,2750.0,1100.0,2991.0,1
Onion,2020-01-30,2700.0,1300.0,3026.0,1
Onion,2020-01-31,2600.0,1200.0,2932.0,1
Onion,2020-02-01,2501.0,1250.0,2847.0,1
Onion,2020-02-03,2250.0,1100.0,2637.0,1
Onion,2020-02-04,1800.0,900.0,2152.0,1
Onion,2020-02-05,1770.0,1000.0,1999.0,1
Onion,2020-02-06,1740.0,1000.0,2068.0,1
Onion,2020-02-07,1600.0,900.0,1902.0,1
Onion,2020-02-08,1780.0,800.0,1941.0,1
Onion,2020-02-10,2101.0,1051.0,2350.0,1
Onion,2020-02-11,1850.0,1000.0,2260.0,1
Onion,2020-02-12,1880.0,800.0,2200.0,1
Onion,2020-02-13,1860.0,1000.0,2140.0,1
Onion,2020-02-14,1850.0,1000.0,2115.0,1
Onion,2020-02-15,1940.0,900.0,2181.0,1
Onion,2020-02-17,2000.0,1000.0,2255.0,1
Onion,2020-02-18,2050.0,1100.0,2255.0,1
Onion,2020-02-19,2060.0,1000.0,2240.0,1
Onion,2020-02-20,2025.0,950.0,2287.0,1
Onion,2020-02-22,2000.0,1000.0,2251.0,1
Onion,2020-02-24,1851.0,1000.0,2111.0,1
Onion,2020-02-25,1750.0,901.0,2001.0,1
Onion,2020-02-27,2001.0,1000.0,2391.0,1
Onion,2020-02-28,1951.0,900.0,2125.0,1
Onion,2020-02-29,1750.0,850.0,1982.0,1
Onion,2020-03-02,1452.0,500.0,1652.0,1
Onion,2020-03-03,1600.0,956.0,1773.0,2
Onion,2020-03-05,1625.0,750.0,1858.5,2
Onion,2020-03-06,1755.0,865.0,1945.5,2
Onion,2020-03-07,1745.0,875.5,1906.5,2
Onion,2020-03-09,1775.0,850.0,1941.0,2
Onion,2020-03-11,1712.5,756.0,1876.5,2
Onion,2020-03-12,1725.0,700.0,1937.0,2
Onion,2020-03-14,1760.5,1026.0,1999.5,2
Onion,2020-03-16,1475.0,950.0,1805.5,2
Onion,2020-03-17,1300.5,675.5,1605.5,2
Onion,2020-03-18,1175.5,900.0,1395.5,2
Onion,2020-03-19,1150.0,650.0,1403.5,2
Onion,2020-03-20,1160.0,700.0,1430.0,2
Onion,2020-03-21,1151.0,750.5,1363.5,2
Onion,2020-03-23,1355.5,750.0,1502.0,2
Onion,2020-03-27,1476.0,680.0,1665.5,2
Onion,2020-03-28,1685.5,900.0,1930.5,2
Onion,2020-03-30,1526.0,800.0,1700.5,2
Onion,2020-04-07,1000.0,600.0,1175.5,2
Onion,2020-04-16,775.0,600.0,1000.0,2
Onion,2020-04-17,850.0,450.0,995.5,2
Onion,2020-04-18,877.5,450.5,986.0,2
Onion,2020-04-30,735.0,300.0,832.0,2
Onion,2020-05-05,650.0,400.0,880.0,1
Onion,2020-05-06,630.0,301.0,951.0,1
Onion,2020-05-15,620.0,400.0,890.0,1
Onion,2020-05-18,620.0,351.0,890.0,1
Onion,2020-05-19,600.0,300.0,818.0,1
Onion,2020-05-20,640.0,401.0,800.0,1
Onion,2020-05-21,670.0,400.0,852.0,1
Onion,2020-05-23,740.0,400.0,925.0,1
Onion,2020-05-25,820.0,501.0,976.0,1
Onion,2020-05-26,760.0,400.0,946.0,1
Onion,2020-05-27,751.0,400.0,960.0,1
Onion,2020-05-28,780.0,351.0,982.0,1
Onion,2020-05-29,851.0,501.0,1001.0,1
Onion,2020-05-30,801.0,401.0,981.0,1
Onion,2020-06-01,761.0,400.0,970.0,1
Onion,2020-06-02,720.0,400.0,1051.0,1
Onion,2020-06-03,700.0,300.0,1021.0,1
Onion,2020-06-04,951.0,351.0,1000.0,1
Onion,2020-06-05,830.0,400.0,1001.0,1
Onion,2020-06-06,851.0,500.0,1011.0,1
Onion,2020-06-08,870.0,501.0,1039.0,1
Onion,2020-06-09,960.0,551.0,1190.0,1
Onion,2020-06-10,951.0,501.0,1187.0,1
Onion,2020-06-11,901.0,451.0,1120.0,1
Onion,2020-06-12,851.0,400.0,1080.0,1
Onion,2020-06-13,870.0,451.0,1182.0,1
Onion,2020-06-15,851.0,401.0,1135.0,1
Onion,2020-06-16,840.0,400.0,1124.0,1
Onion,2020-06-17,780.0,400.0,1141.0,1
Onion,2020-06-18,770.0,401.0,1141.0,1
Onion,2020-06-19,751.0,400.0,1142.0,1
Onion,2020-06-20,770.0,351.0,1131.0,1
Onion,2020-06-22,901.0,301.0,1081.0,1
Onion,2020-06-23,760.0,311.0,1075.0,1
Onion,2020-06-24,770.0,301.0,1071.0,1
Onion,2020-06-25,780.0,451.0,1071.0,1
Onion,2020-06-26,751.0,401.0,1000.0,1
Onion,2020-06-27,780.0,401.0,1035.0,1
Onion,2020-06-29,801.0,451.0,1041.0,1
Onion,2020-06-30,775.0,401.0,1000.0,1
Onion,2020-07-01,751.0,351.0,918.0,1
Onion,2020-07-02,770.0,401.0,971.0,1
Onion,2020-07-03,760.0,401.0,951.0,1
Onion,2020-07-04,740.0,301.0,930.0,1
Onion,2020-07-13,760.0,300.0,991.0,1
Onion,2020-07-14,751.0,401.0,991.0,1
Onion,2020-07-15,770.0,401.0,971.0,1
Onion,2020-07-16,740.0,301.0,967.0,1
Onion,2020-07-17,770.0,401.0,941.0,1
Onion,2020-07-18,701.0,300.0,900.0,1
Onion,2020-07-21,710.0,351.0,960.0,1
Onion,2020-07-22,675.0,300.0,990.0,1
Onion,2020-07-23,701.0,301.0,961.0,1
Onion,2020-07-24,715.0,400.0,941.0,1
Onion,2020-07-25,701.0,300.0,852.0,1
Onion,2020-07-27,725.0,400.0,951.0,1
Onion,2020-07-28,730.0,401.0,821.0,1
Onion,2020-07-29,700.0,300.0,891.0,1
Onion,2020-07-30,725.0,401.0,991.0,1
Onion,2020-07-31,700.0,300.0,881.0,1
Onion,2020-08-01,651.0,301.0,867.0,1
Onion,2020-08-04,700.0,400.0,940.0,1
Onion,2020-08-05,740.0,351.0,952.0,1
Onion,2020-08-06,725.0,401.0,899.0,1
Onion,2020-08-07,675.0,400.0,825.0,1
Onion,2020-08-08,730.0,300.0,841.0,1
Onion,2020-08-10,751.0,401.0,900.0,1
Onion,2020-08-11,840.0,300.0,961.0,1
Onion,2020-08-12,970.0,500.0,1161.0,1
Onion,2020-08-13,1001.0,501.0,1164.0,1
Onion,2020-08-15,1070.0,700.0,1161.0,1
Onion,2020-08-17,1270.0,600.0,1416.0,1
Onion,2020-08-19,1670.0,1000.0,1955.0,1
Onion,2020-08-20,1480.0,551.0,1766.0,1
Onion,2020-08-24,1201.0,511.0,1570.0,1
Onion,2020-08-26,1550.0,501.0,1740.0,1
Onion,2020-08-27,1650.0,600.0,1850.0,1
Onion,2020-08-28,1640.0,700.0,1874.0,1
Onion,2020-08-29,1601.0,501.0,1813.0,1
Onion,2020-08-31,1640.0,500.0,1931.0,1
Onion,2020-09-02,1770.0,775.0,2055.0,1
Onion,2020-09-03,2000.0,1000.0,2451.0,1
Onion,2020-09-04,2101.0,800.0,2451.0,1
Onion,2020-09-05,2001.0,800.0,2371.0,1
Onion,2020-09-07,2001.0,1000.0,2400.0,1
Onion,2020-09-08,2101.0,800.0,2554.0,1
Onion,2020-09-09,2501.0,1000.0,2862.0,1
Onion,2020-09-10,2401.0,800.0,2735.0,1
Onion,2020-09-11,2360.0,701.0,2673.0,1
Onion,2020-09-12,2501.0,801.0,2790.0,1
Onion,2020-09-14,2801.0,1000.0,3210.0,1
Onion,2020-09-15,1901.0,1280.0,2200.0,1
Onion,2020-09-16,2470.0,1000.0,2951.0,1
Onion,2020-09-18,2401.0,800.0,3072.0,1
Onion,2020-09-19,2701.0,1000.0,3080.0,1
Onion,2020-09-21,3600.0,1100.0,4251.0,1
Onion,2020-09-22,3500.0,1000.0,4200.0,1
Onion,2020-09-23,3351.0,701.0,4251.0,1
Onion,2020-09-24,3000.0,701.0,4201.0,1
Onion,2020-09-25,3010.0,800.0,4212.0,1
Onion,2020-09-26,3051.0,751.0,4401.0,1
Onion,2020-09-28,3101.0,801.0,4301.0,1
Onion,2020-09-29,3060.0,900.0,4201.0,1
Onion,2020-09-30,3060.0,900.0,4201.0,1
Onion,2020-10-01,3301.0,851.0,4352.0,1
Onion,2020-10-02,3101.0,701.0,4090.0,1
Onion,2020-10-03,2600.0,800.0,3300.0,1
Onion,2020-10-05,2900.0,800.0,3921.0,1
Onion,2020-10-06,3001.0,901.0,3765.0,1
Onion,2020-10-07,3301.0,951.0,4200.0,1
Onion,2020-10-08,3501.0,1000.0,4401.0,1
Onion,2020-10-09,3351.0,951.0,4200.0,1
Onion,2020-10-10,3551.0,1000.0,4300.0,1
Onion,2020-10-12,4100.0,805.0,4552.0,1
Onion,2020-10-13,4250.0,1200.0,4812.0,1
Onion,2020-10-14,4300.0,1452.0,4801.0,1
Onion,2020-10-30,5100.0,1500.0,5900.0,1
Onion,2020-10-31,4800.0,2430.0,5247.5,2
Onion,2020-11-02,4650.5,1155.5,5445.5,2
Onion,2020-11-03,3550.0,1076.0,4650.0,2
Onion,2020-11-04,3250.0,1050.0,4456.0,2
Onion,2020-11-05,3475.5,1190.0,4131.5,2
Onion,2020-11-06,2725.5,1200.0,3725.5,2
Onion,2020-11-07,3401.0,900.0,4171.0,1
Onion,2020-11-09,3800.0,2000.0,4600.0,2
Onion,2020-11-10,3450.0,1300.5,4376.0,2
Onion,2020-11-11,3350.0,1125.5,4399.5,2
Onion,2020-11-19,4150.0,2050.0,5030.5,2
Onion,2020-11-20,4350.0,851.0,5079.0,2
Onion,2020-11-21,4125.0,2150.0,4850.5,2
Onion,2020-11-23,3600.0,1075.5,4740.0,2
Onion,2020-11-24,3575.0,1391.0,4557.0,2
Onion,2020-11-25,3825.5,1781.0,4565.0,2
Onion,2020-11-26,3200.5,850.5,4110.0,2
Onion,2020-11-27,2875.0,1450.0,3630.0,2
Onion,2020-11-28,2751.0,1050.0,3330.5,2
Onion,2020-11-30,2725.5,1200.5,3262.0,2
Onion,2020-12-01,2900.5,1150.0,3649.5,2
Onion,2020-12-02,2950.0,1200.0,3650.0,2
Onion,2020-12-03,2625.0,1250.0,3330.0,2
Onion,2020-12-04,2075.0,950.0,2720.0,2
Onion,2020-12-05,2175.5,800.5,2723.5,2
Onion,2020-12-07,2000.0,750.0,2750.0,2
Onion,2020-12-09,2850.0,1350.0,3306.5,2
Onion,2020-12-10,2900.0,1000.0,3320.0,2
Onion,2020-12-11,2900.0,700.0,3276.0,2
Onion,2020-12-12,3000.0,956.0,3307.5,2
Onion,2020-12-15,2625.0,900.5,3141.0,2
Onion,2020-12-16,2125.0,900.0,2835.5,2
Onion,2020-12-17,2050.0,1000.0,2725.5,2
Onion,2020-12-18,1600.0,850.0,2160.5,2
Onion,2020-12-19,1740.0,801.0,2073.0,2
Onion,2020-12-21,1575.0,850.0,1740.5,2
Onion,2020-12-22,1900.0,850.0,2120.5,2
Onion,2020-12-23,1925.0,871.0,2266.5,2
Onion,2020-12-24,1850.0,700.0,2226.0,2
Onion,2020-12-25,1863.0,750.0,2323.5,2
Onion,2020-12-26,1815.0,900.0,2144.5,2
Onion,2020-12-28,1550.0,850.0,1823.5,2
Onion,2020-12-29,1950.0,900.5,2324.5,2
Onion,2020-12-30,2275.0,877.0,2660.5,2
Onion,2020-12-31,2037.5,950.0,2438.5,2
Onion,2021-01-01,1975.5,800.0,2417.5,2
Onion,2021-01-02,1875.0,705.5,2176.0,2
Onion,2021-01-04,2070.5,935.0,2486.5,2
Onion,2021-01-05,2035.0,950.0,2417.5,2
Onion,2021-01-06,2550.0,900.0,2641.0,1
Onion,2021-01-11,3000.0,1500.0,3270.0,1
Onion,2021-01-14,2501.0,1000.0,3061.0,1
Onion,2021-01-16,2620.0,900.0,3002.0,1
Onion,2021-01-18,2770.0,1081.0,3100.0,1
Onion,2021-01-19,2851.0,1000.0,3298.0,1
Onion,2021-01-20,2600.0,1000.0,3240.0,1
Onion,2021-01-21,2570.0,1000.0,3156.0,1
Onion,2021-01-22,2500.0,1100.0,2999.0,1
Onion,2021-01-23,2640.0,1000.0,3068.0,1
Onion,2021-01-25,2500.0,1100.0,3094.5,2
Onion,2021-01-27,2575.5,1010.0,3080.5,2
Onion,2021-01-28,2701.0,800.0,3090.0,1
Onion,2021-01-29,2680.0,1150.0,3002.5,2
Onion,2021-01-30,2700.0,1100.0,3260.0,1
Onion,2021-02-01,3200.0,1500.0,3661.0,1
Onion,2021-02-02,3500.0,1200.0,3751.0,1
Onion,2021-02-03,3351.0,1000.0,3746.0,1
Onion,2021-02-04,3260.0,901.0,3601.0,1
Onion,2021-02-05,3050.0,1700.0,3470.0,1
Onion,2021-02-06,2851.0,1101.0,3130.0,1
Onion,2021-02-08,3150.0,1100.0,3471.0,1
Onion,2021-02-09,3470.0,1501.0,3800.0,1
Onion,2021-02-10,3551.0,1001.0,3902.0,1
Onion,2021-02-12,3500.0,1500.0,3861.0,1
Onion,2021-02-13,3470.0,1200.0,4175.0,1
Onion,2021-02-15,3500.0,1012.0,3872.0,1
Onion,2021-02-16,3500.0,2001.0,4011.0,1
Onion,2021-02-17,3685.5,1250.0,4370.5,2
Onion,2021-02-18,3710.5,1350.0,4142.5,2
Onion,2021-02-19,3950.0,2452.0,4251.0,2
Onion,2021-02-20,3900.5,1451.0,4306.0,2
Onion,2021-02-22,3850.0,1150.0,4305.0,2
Onion,2021-02-23,3500.5,1050.5,4221.5,2
Onion,2021-02-24,3000.0,1145.5,3954.0,2
Onion,2021-02-25,2475.5,1050.0,3240.5,2
Onion,2021-02-26,2075.0,936.0,2770.5,2
Onion,2021-02-27,2162.5,1003.5,2718.5,2
Onion,2021-03-01,2570.0,1000.0,2902.0,2
Onion,2021-03-02,2580.0,1300.0,2779.0,2
Onion,2021-03-03,2475.5,1150.5,2847.0,2
Onion,2021-03-04,1950.0,870.5,2583.0,2
Onion,2021-03-05,1950.0,850.0,2406.0,2
Onion,2021-03-06,1765.5,706.0,2126.0,2
Onion,2021-03-08,1550.5,750.5,1731.5,2
Onion,2021-03-09,1100.5,650.5,1628.5,2
Onion,2021-03-10,1140.5,650.5,1652.5,2
Onion,2021-03-12,1375.5,875.5,1690.0,2
Onion,2021-03-15,1335.0,950.0,1489.0,2
Onion,2021-03-16,1300.0,850.0,1471.5,2
Onion,2021-03-22,915.5,500.0,1176.0,2
Onion,2021-03-23,850.0,550.0,1102.0,2
Onion,2021-03-24,913.0,600.0,1171.5,2
Onion,2021-03-25,976.0,500.0,1165.0,2
Onion,2021-03-26,950.0,500.0,1155.5,2
Onion,2021-04-01,925.5,600.0,1141.5,2
Onion,2021-04-03,925.5,600.0,1141.5,2
Onion,2021-04-05,838.0,475.5,1077.0,2
Onion,2021-04-06,876.0,500.0,1053.0,2
Onion,2021-04-07,862.5,550.0,1036.5,2
Onion,2021-04-08,775.0,525.5,930.0,2
Onion,2021-04-09,825.0,450.0,936.5,2
Onion,2021-04-10,810.0,500.0,971.0,2
Onion,2021-04-15,910.5,505.5,1074.0,2
Onion,2021-04-16,932.5,626.0,1135.5,2
Onion,2021-04-17,1030.5,601.0,1230.5,2
Onion,2021-04-26,1250.0,650.0,1408.0,2
Onion,2021-05-03,1150.5,650.0,1346.0,2
Onion,2021-05-04,1100.5,575.5,1325.0,2
Onion,2021-05-05,1010.5,400.0,1292.0,2
Onion,2021-05-06,980.0,550.5,1262.5,2
Onion,2021-05-07,950.0,475.5,1260.5,2
Onion,2021-05-08,965.0,455.5,1280.5,2
Onion,2021-05-10,1026.0,520.5,1373.5,2
Onion,2021-05-12,1175.5,450.5,1400.0,2
Onion,2021-05-24,1401.0,700.0,1635.0,1
Onion,2021-05-25,1460.0,600.0,1753.0,1
Onion,2021-05-26,1500.0,700.0,1821.0,1
Onion,2021-05-27,1550.0,601.0,1990.0,1
Onion,2021-05-28,1601.0,741.0,2000.0,1
Onion,2021-05-29,1651.0,800.0,2021.0,1
Onion,2021-05-31,1850.0,700.0,2200.0,1
Onion,2021-06-01,1800.0,600.0,2152.0,1
Onion,2021-06-02,1900.0,800.0,2201.0,1
Onion,2021-06-03,1870.0,800.0,2255.0,1
Onion,2021-06-04,1951.0,700.0,2201.0,1
Onion,2021-06-05,1940.0,700.0,2181.0,1
Onion,2021-06-08,1951.0,1342.0,2145.0,1
Onion,2021-06-09,2001.0,600.0,2291.0,1
Onion,2021-06-10,1801.0,752.0,2251.0,1
Onion,2021-06-11,1800.0,800.0,2327.0,1
Onion,2021-06-12,1851.0,700.0,2291.0,1
Onion,2021-06-19,1851.0,700.0,2200.0,1
Onion,2021-06-21,1930.0,800.0,2320.0,1
Onion,2021-06-22,1950.0,800.0,2340.0,1
Onion,2021-06-23,1840.0,800.0,2340.0,1
Onion,2021-06-24,1780.0,800.0,2275.0,1
Onion,2021-06-25,1770.0,700.0,2353.0,1
Onion,2021-06-28,1725.0,600.0,2181.0,1
Onion,2021-06-29,1770.0,600.0,2371.0,1
Onion,2021-06-30,1700.0,700.0,2140.0,1
Onion,2021-07-01,1700.0,600.0,2251.0,1
Onion,2021-07-02,1725.0,800.0,2200.0,1
Onion,2021-07-03,1780.0,800.0,2101.0,1
Onion,2021-07-05,1770.0,700.0,2099.0,1
Onion,2021-07-06,1710.0,761.0,1970.0,1
Onion,2021-07-07,1680.0,601.0,1951.0,1
Onion,2021-07-08,1670.0,600.0,1870.0,1
Onion,2021-07-09,1740.0,700.0,1971.0,1
Onion,2021-07-10,1670.0,700.0,1985.0,1
Onion,2021-07-12,1660.0,800.0,1891.0,1
Onion,2021-07-13,1600.0,500.0,2001.0,1
Onion,2021-07-14,1480.0,500.0,1751.0,1
Onion,2021-07-15,1670.0,1520.0,1751.0,1
Onion,2021-07-16,1580.0,600.0,1799.0,1
Onion,2021-07-17,1575.0,600.0,1790.0,1
Onion,2021-07-19,1570.0,551.0,1811.0,1
Onion,2021-07-20,1620.0,501.0,1790.0,1
Onion,2021-07-21,1590.0,600.0,1780.0,1
Onion,2021-07-22,1701.0,700.0,1770.0,1
Onion,2021-07-23,1710.0,800.0,1731.0,1
Onion,2021-07-24,1751.0,800.0,1930.0,1
Onion,2021-07-26,1820.0,700.0,1901.0,1
Onion,2021-07-27,1830.0,600.0,1970.0,1
Onion,2021-07-28,1760.0,900.0,2010.0,1
Onion,2021-07-29,1751.0,700.0,2020.0,1
Onion,2021-07-30,1700.0,800.0,1990.0,1
Onion,2021-07-31,1625.0,700.0,1870.0,1
Onion,2021-08-02,1651.0,601.0,1831.0,1
Onion,2021-08-03,1638.0,330.5,1930.5,2
Onion,2021-08-04,1660.0,700.0,1901.0,1
Onion,2021-08-05,1650.0,900.0,1845.0,1
Onion,2021-08-06,1625.0,700.0,1853.0,1
Onion,2021-08-07,1670.0,700.0,1876.0,1
Onion,2021-08-09,1670.0,700.0,1871.0,1
Onion,2021-08-10,1680.0,600.0,1845.0,1
Onion,2021-08-11,1710.0,800.0,1840.0,1
Onion,2021-08-12,1770.0,800.0,1890.0,1
Onion,2021-08-13,1775.5,650.5,1874.0,2
Onion,2021-08-14,1740.0,651.0,1861.0,1
Onion,2021-08-16,1775.0,601.0,1902.0,1
Onion,2021-08-17,1751.0,600.0,1870.0,1
Onion,2021-08-19,1760.0,751.0,1899.0,1
Onion,2021-08-20,1740.0,800.0,1862.0,1
Onion,2021-08-21,1675.0,700.0,1832.0,1
Onion,2021-08-23,1620.0,651.0,1846.0,1
Onion,2021-08-24,1660.0,600.0,1841.0,1
Onion,2021-08-25,1551.0,600.0,1781.0,1
Onion,2021-08-26,1480.0,500.0,1700.0,1
Onion,2021-08-27,1511.0,600.0,1661.0,1
Onion,2021-08-28,1551.0,500.0,1666.0,1
Onion,2021-08-30,1500.0,500.0,1630.0,1
Onion,2021-08-31,1510.0,500.0,1641.0,1
Onion,2021-09-01,1545.0,1030.0,1630.5,2
Onion,2021-09-02,1530.0,500.0,1676.0,1
Onion,2021-09-03,1540.0,500.0,1676.0,1
Onion,2021-09-07,1470.0,552.0,1666.0,1
Onion,2021-09-08,1480.0,500.0,1670.0,1
Onion,2021-09-09,1455.0,500.0,1637.0,1
Onion,2021-09-13,1400.0,700.0,1645.0,1
Onion,2021-09-14,1410.0,601.0,1660.0,1
Onion,2021-09-15,1430.0,600.0,1646.0,1
Onion,2021-09-16,1475.0,700.0,1671.0,1
Onion,2021-09-17,1480.0,700.0,1675.0,1
Onion,2021-09-18,1525.0,651.0,1699.0,1
Onion,2021-09-20,1890.0,1401.0,1925.0,1
Onion,2021-09-21,1780.0,751.0,1890.0,1
Onion,2021-09-22,1980.0,800.0,2120.0,1
Onion,2021-09-23,2150.0,900.0,2356.0,1
Onion,2021-09-24,2051.0,900.0,2316.0,1
Onion,2021-09-25,1850.0,700.0,2150.0,1
Onion,2021-09-27,1870.0,700.0,2126.0,1
Onion,2021-09-28,2001.0,700.0,2241.0,1
Onion,2021-09-29,2230.0,900.0,2590.0,1
Onion,2021-09-30,2460.0,800.0,2712.0,1
Onion,2021-10-01,2480.0,900.0,2703.0,1
Onion,2021-10-02,2970.0,1000.0,3101.0,1
Onion,2021-10-04,2845.0,1000.0,3079.0,2
Onion,2021-10-05,2725.5,1100.0,3090.5,2
Onion,2021-10-06,2575.0,1050.0,2902.5,2
Onion,2021-10-07,3250.0,1100.0,3551.0,1
Onion,2021-10-08,2595.5,1350.0,3188.0,2
Onion,2021-10-09,3075.5,1362.5,3450.0,2
Onion,2021-10-12,2881.0,1325.5,3300.5,2
Onion,2021-10-13,2645.5,1100.0,3012.0,2
Onion,2021-10-14,2605.0,1475.5,2771.0,2
Onion,2021-10-15,2676.0,901.0,3361.0,2
Onion,2021-10-16,2625.0,976.0,3100.0,2
Onion,2021-10-18,2376.0,700.0,2869.5,2
Onion,2021-10-19,2950.0,900.0,3501.0,1
Onion,2021-10-20,2700.0,900.0,3315.0,1
Onion,2021-10-21,2550.0,700.0,3207.0,1
Onion,2021-10-22,2850.0,800.0,3311.0,1
Onion,2021-10-23,3001.0,700.0,3312.0,1
Onion,2021-10-25,2950.0,800.0,3252.0,1
Onion,2021-10-26,2750.0,851.0,3231.0,1
Onion,2021-10-27,2625.0,700.0,3046.5,2
Onion,2021-10-28,2750.0,700.0,3100.0,1
Onion,2021-11-09,2930.5,1830.0,3176.5,2
Onion,2021-11-10,2790.0,1050.0,3051.0,2
Onion,2021-11-11,2575.0,1156.0,3050.0,2
Onion,2021-11-12,2000.5,1350.5,2476.5,2
Onion,2021-11-13,2100.0,901.0,2575.0,1
Onion,2021-11-15,1925.5,950.5,2683.0,2
Onion,2021-11-16,1950.0,750.5,2656.0,2
Onion,2021-11-17,2100.5,949.5,2501.5,2
Onion,2021-11-18,2013.0,750.0,2595.0,2
Onion,2021-11-19,1820.0,725.5,2330.5,2
Onion,2021-11-20,1795.0,725.5,2512.5,2
Onion,2021-11-22,2262.5,800.0,2627.5,2
Onion,2021-11-23,2156.0,800.0,2685.5,2
Onion,2021-11-24,2250.0,950.0,2636.0,2
Onion,2021-11-25,2000.0,950.0,2546.5,2
Onion,2021-11-26,1875.0,950.0,2339.0,2
Onion,2021-11-27,1850.5,850.0,2373.5,2
Onion,2021-11-29,2075.5,825.5,2647.5,2
Onion,2021-11-30,1701.0,750.0,2601.0,2
Onion,2021-12-01,1930.5,750.0,2576.0,2
Onion,2021-12-02,2400.5,650.0,2935.5,2
Onion,2021-12-03,2250.0,900.5,2876.0,2
Onion,2021-12-04,2150.5,725.5,2850.5,2
Onion,2021-12-06,2001.0,650.0,2776.0,2
Onion,2021-12-07,2101.0,850.0,2897.5,2
Onion,2021-12-08,2276.0,700.0,2800.0,2
Onion,2021-12-09,2485.5,800.0,3156.5,2
Onion,2021-12-10,2662.5,700.0,3226.0,2
Onion,2021-12-11,2550.0,875.5,3045.0,2
Onion,2021-12-13,2512.5,900.0,3006.0,2
Onion,2021-12-14,2325.5,750.0,2876.5,2
Onion,2021-12-15,2050.5,702.0,2550.0,2
Onion,2021-12-16,1965.5,840.0,2616.0,2
Onion,2021-12-17,1651.0,701.0,2599.0,1
Onion,2021-12-18,1601.0,601.0,2201.0,2
Onion,2021-12-20,1875.0,600.0,2391.0,1
Onion,2021-12-21,2001.0,551.0,2412.0,1
Onion,2021-12-22,1901.0,601.0,2260.0,2
Onion,2021-12-23,2051.0,500.0,2380.0,1
Onion,2021-12-24,2001.0,500.0,2234.0,1
Onion,2021-12-25,2001.0,601.0,2252.0,1
Onion,2021-12-27,1937.5,750.0,2338.0,2
Onion,2021-12-28,1865.0,700.0,2303.0,2
Onion,2021-12-29,1851.0,600.0,2300.0,1
Onion,2021-12-30,1901.0,700.0,2351.0,1
Onion,2021-12-31,1850.0,800.0,2391.0,1
Onion,2022-01-01,2001.0,700.0,2355.0,1
Onion,2022-01-03,2100.0,700.0,2368.0,1
Onion,2022-01-04,2151.0,851.0,2424.0,1
Onion,2022-01-05,2151.0,800.0,2525.0,1
Onion,2022-01-06,2201.0,800.0,2585.0,1
Onion,2022-01-07,2180.0,700.0,2491.0,1
Onion,2022-01-08,2051.0,700.0,2500.0,1
Onion,2022-01-10,2070.0,800.0,2353.0,1
Onion,2022-01-11,2075.0,800.0,2564.0,1
Onion,2022-01-12,1850.0,700.0,2330.0,1
Onion,2022-01-14,2100.0,700.0,2516.0,1
Onion,2022-01-17,2100.0,700.0,2391.0,1
Onion,2022-01-18,2000.0,1000.0,2425.0,1
Onion,2022-01-19,2160.0,700.0,2590.0,1
Onion,2022-01-20,2270.0,900.0,2596.0,1
Onion,2022-01-21,2251.0,800.0,2552.0,1
Onion,2022-01-22,2260.0,700.0,2431.0,1
Onion,2022-01-24,2270.0,800.0,2525.0,1
Onion,2022-01-25,2260.0,700.0,2512.0,1
Onion,2022-01-27,2100.0,1000.0,2300.0,1
Onion,2022-01-28,2160.0,600.0,2540.0,1
Onion,2022-01-29,2151.0,700.0,2499.0,1
Onion,2022-01-31,2151.0,600.0,2490.0,1
Onion,2022-02-01,2140.0,500.0,2471.0,1
Onion,2022-02-02,2125.0,500.0,2514.0,1
Onion,2022-02-03,2060.0,601.0,2626.0,1
Onion,2022-02-04,2151.0,600.0,2661.0,1
Onion,2022-02-05,2170.0,551.0,2531.0,1
Onion,2022-02-07,2201.0,900.0,2591.0,1
Onion,2022-02-08,2251.0,700.0,2690.0,1
Onion,2022-02-09,2351.0,800.0,2711.0,1
Onion,2022-02-10,2640.0,1000.0,2956.0,1
Onion,2022-02-11,2651.0,1100.0,2891.0,1
Onion,2022-02-12,2600.0,900.0,2891.0,1
Onion,2022-02-14,2300.0,850.0,2790.5,2
Onion,2022-02-15,2351.0,700.0,2817.0,1
Onion,2022-02-16,2270.0,800.0,2831.0,1
Onion,2022-02-17,2451.0,900.0,2922.0,1
Onion,2022-02-18,2480.0,1000.0,2999.0,1
Onion,2022-02-21,2430.0,801.0,2851.0,1
Onion,2022-02-22,2370.0,800.0,2722.0,1
Onion,2022-02-23,2330.0,800.0,2748.0,1
Onion,2022-02-24,2225.0,751.0,2686.0,1
Onion,2022-02-25,2310.5,850.5,2570.0,2
Onion,2022-02-26,2200.5,1075.5,2527.5,2
Onion,2022-02-28,1792.5,850.0,2051.0,2
Onion,2022-03-01,1738.0,850.0,2026.5,2
Onion,2022-03-02,1610.0,626.0,1973.5,2
Onion,2022-03-03,1750.0,900.0,1939.0,2
Onion,2022-03-04,1575.0,945.0,1935.5,2
Onion,2022-03-05,1613.0,625.5,1890.5,2
Onion,2022-03-07,1342.5,800.0,1676.0,2
Onion,2022-03-08,1385.0,725.5,1682.5,2
Onion,2022-03-09,1507.5,800.0,1685.0,2
Onion,2022-03-10,1412.5,775.5,1791.0,2
Onion,2022-03-11,1345.0,800.0,1684.0,2
Onion,2022-03-12,1313.0,750.0,1641.5,2
Onion,2022-03-14,1142.5,650.0,1621.0,2
Onion,2022-03-15,1130.0,600.0,1490.0,2
Onion,2022-03-16,1082.5,600.0,1365.5,2
Onion,2022-03-17,1062.5,450.0,1272.5,2
Onion,2022-03-21,901.0,525.5,1150.0,2
Onion,2022-03-23,951.0,500.5,1217.5,2
Onion,2022-03-24,926.0,500.0,1256.0,2
Onion,2022-03-26,885.5,450.0,1126.0,2
Onion,2022-03-28,940.0,450.0,1195.0,2
Onion,2022-03-29,1001.0,500.0,1234.0,2
Onion,2022-04-02,850.5,450.0,1077.5,2
Onion,2022-04-04,826.0,400.0,1055.0,2
Onion,2022-04-05,850.0,550.0,1046.0,2
Onion,2022-04-06,855.5,450.0,1088.0,2
Onion,2022-04-07,880.5,450.0,1114.5,2
Onion,2022-04-08,895.5,500.0,1073.0,2
Onion,2022-04-09,840.0,350.0,1056.5,2
Onion,2022-04-11,840.0,350.0,1048.0,2
Onion,2022-04-12,847.5,350.0,1019.5,2
Onion,2022-04-13,830.0,380.0,1004.5,2
Onion,2022-04-15,865.0,450.0,1015.5,2
Onion,2022-04-16,942.5,356.5,1105.0,2
Onion,2022-04-18,890.0,450.0,1110.0,2
Onion,2022-04-19,965.0,400.0,1128.0,2
Onion,2022-04-20,851.0,400.0,1067.5,2
Onion,2022-04-21,850.0,425.5,1031.0,2
Onion,2022-04-22,910.0,425.5,1060.0,2
Onion,2022-04-23,863.0,400.0,1038.0,2
Onion,2022-04-25,737.5,400.0,1006.0,2
Onion,2022-04-26,960.0,400.0,1360.0,1
Onion,2022-04-27,950.0,500.0,1400.0,1
Onion,2022-04-28,950.0,500.0,1330.0,1
Onion,2022-04-29,975.0,500.0,1372.0,1
Onion,2022-04-30,950.0,400.0,1355.0,1
Onion,2022-05-02,860.0,500.0,1360.0,1
Onion,2022-05-03,851.0,600.0,1326.0,1
Onion,2022-05-04,901.0,600.0,1401.0,1
Onion,2022-05-05,851.0,500.0,1360.0,1
Onion,2022-05-06,960.0,500.0,1370.0,1
Onion,2022-05-07,850.0,400.0,1225.0,1
Onion,2022-05-09,970.0,400.0,1451.0,1
Onion,2022-05-10,1151.0,500.0,1313.0,1
Onion,2022-05-11,865.0,500.0,1351.5,2
Onion,2022-05-12,850.0,500.0,1201.0,1
Onion,2022-05-14,890.0,501.0,1221.0,1
Onion,2022-05-16,925.0,400.0,1446.0,1
Onion,2022-05-17,880.0,401.0,1386.0,1
Onion,2022-05-18,901.0,400.0,1390.0,1
Onion,2022-05-19,951.0,401.0,1382.0,1
Onion,2022-05-20,880.0,500.0,1355.0,1
Onion,2022-05-21,851.0,501.0,1251.0,1
Onion,2022-05-23,825.0,501.0,1371.0,1
Onion,2022-05-24,875.0,500.0,1381.0,1
Onion,2022-05-25,951.0,501.0,1398.0,1
Onion,2022-05-26,975.0,551.0,1395.0,1
Onion,2022-05-27,930.0,401.0,1370.0,1
Onion,2022-05-28,980.0,501.0,1421.0,1
Onion,2022-05-30,1110.0,601.0,1453.0,1
Onion,2022-05-31,1151.0,601.0,1500.0,1
Onion,2022-06-01,1051.0,601.0,1408.0,1
Onion,2022-06-02,1125.0,500.0,1400.0,1
Onion,2022-06-03,1180.0,651.0,1570.0,1
Onion,2022-06-04,1130.0,561.0,1418.0,1
Onion,2022-06-06,1080.0,501.0,1491.0,1
Onion,2022-06-07,1151.0,601.0,1451.0,1
Onion,2022-06-08,1130.0,601.0,1481.0,1
Onion,2022-06-09,1175.0,501.0,1500.0,1
Onion,2022-06-10,1180.0,601.0,1500.0,1
Onion,2022-06-11,1190.0,500.0,1488.0,1
Onion,2022-06-13,1225.0,651.0,1575.0,1
Onion,2022-06-14,1320.0,601.0,1562.0,1
Onion,2022-06-15,1360.0,601.0,1751.0,1
Onion,2022-06-16,1410.0,700.0,1801.0,1
Onion,2022-06-17,1310.0,701.0,1751.0,1
Onion,2022-06-18,1380.0,600.0,1821.0,1
Onion,2022-06-20,1280.0,600.0,1571.0,1
Onion,2022-06-21,1315.0,500.0,1800.0,1
Onion,2022-06-22,1301.0,600.0,1800.0,1
Onion,2022-06-23,1330.0,600.0,1801.0,1
Onion,2022-06-24,1370.0,551.0,1800.0,1
Onion,2022-06-25,1380.0,500.0,1800.0,1
Onion,2022-06-27,1370.0,600.0,1800.0,1
Onion,2022-06-28,1351.0,700.0,1800.0,1
Onion,2022-06-29,1375.0,551.0,1851.0,1
Onion,2022-06-30,1330.0,511.0,1800.0,1
Onion,2022-07-01,1351.0,700.0,1800.0,1
Onion,2022-07-04,1225.0,500.0,1800.0,1
Onion,2022-07-05,1290.0,600.0,1800.0,1
Onion,2022-07-06,1251.0,600.0,1800.0,1
Onion,2022-07-07,1240.0,600.0,1800.0,1
Onion,2022-07-08,1230.0,600.0,1800.0,1
Onion,2022-07-09,1230.0,600.0,1801.0,1
Onion,2022-07-11,1301.0,501.0,1801.0,1
Onion,2022-07-12,1280.0,601.0,1801.0,1
Onion,2022-07-13,1251.0,501.0,1801.0,1
Onion,2022-07-14,1225.0,500.0,1520.0,1
Onion,2022-07-15,1180.0,500.0,1480.0,1
Onion,2022-07-16,1200.0,551.0,1436.0,1
Onion,2022-07-18,1225.0,551.0,1502.0,1
Onion,2022-07-19,1140.0,500.0,1451.0,1
Onion,2022-07-20,1151.0,500.0,1468.0,1
Onion,2022-07-21,1125.0,501.0,1401.0,1
Onion,2022-07-22,1151.0,501.0,1491.0,1
Onion,2022-07-23,1101.0,501.0,1401.0,1
Onion,2022-07-25,1001.0,400.0,1421.0,1
Onion,2022-07-26,1101.0,501.0,1381.0,1
Onion,2022-07-27,1151.0,551.0,1501.0,1
Onion,2022-07-28,1125.0,501.0,1426.0,1
Onion,2022-07-29,1200.0,600.0,1431.0,1
Onion,2022-07-30,1251.0,500.0,1451.0,1
Onion,2022-08-01,1150.0,500.0,1401.0,1
Onion,2022-08-02,1120.0,500.0,1345.0,1
Onion,2022-08-03,1151.0,600.0,1496.0,1
Onion,2022-08-04,1160.0,500.0,1475.0,1
Onion,2022-08-05,1101.0,500.0,1476.0,1
Onion,2022-08-06,1151.0,600.0,1501.0,1
Onion,2022-08-08,1130.0,500.0,1455.0,1
Onion,2022-08-09,1151.0,500.0,1441.0,1
Onion,2022-08-10,1125.0,500.0,1425.0,1
Onion,2022-08-12,1140.0,500.0,1420.0,1
Onion,2022-08-13,1150.0,500.0,1396.0,1
Onion,2022-08-14,1151.0,500.0,1456.0,1
Onion,2022-08-16,1120.0,551.0,1400.0,1
Onion,2022-08-17,1180.0,600.0,1461.0,1
Onion,2022-08-18,1251.0,600.0,1490.0,1
Onion,2022-08-19,1200.0,600.0,1420.0,1
Onion,2022-08-20,1175.0,600.0,1473.0,1
Onion,2022-08-22,1160.0,551.0,1441.0,1
Onion,2022-08-23,1152.0,500.0,1421.0,1
Onion,2022-08-25,1180.0,600.0,1434.0,1
Onion,2022-08-27,1151.0,501.0,1390.0,1
Onion,2022-08-29,1125.0,500.0,1341.0,1
Onion,2022-08-30,1150.0,500.0,1441.0,1
Onion,2022-09-01,1230.0,500.0,1490.0,1
Onion,2022-09-02,1280.0,600.0,1491.0,1
Onion,2022-09-03,1230.0,500.0,1476.0,1
Onion,2022-09-05,1290.0,600.0,1460.0,1
Onion,2022-09-06,1180.0,501.0,1471.0,1
Onion,2022-09-07,1150.0,500.0,1381.0,1
Onion,2022-09-08,1180.0,501.0,1500.0,1
Onion,2022-09-10,1251.0,600.0,1508.0,1
Onion,2022-09-13,1210.0,600.0,1512.0,1
Onion,2022-09-14,1160.0,600.0,1431.0,1
Onion,2022-09-15,1151.0,600.0,1600.0,1
Onion,2022-09-16,1160.0,500.0,1460.0,1
Onion,2022-09-17,1125.0,500.0,1381.0,1
Onion,2022-09-19,1150.0,500.0,1385.0,1
Onion,2022-09-20,1151.0,500.0,1412.0,1
Onion,2022-09-22,1150.0,500.0,1481.0,1
Onion,2022-09-23,1170.0,551.0,1476.0,1
Onion,2022-09-24,1160.0,600.0,1435.0,1
Onion,2022-09-26,1150.0,500.0,1471.0,1
Onion,2022-09-28,2352.0,2251.0,2760.0,1
Onion,2022-09-29,1451.0,600.0,1670.0,1
Onion,2022-09-30,1501.0,700.0,1701.0,1
Onion,2022-10-01,1450.0,700.0,1680.0,1
Onion,2022-10-03,1425.0,700.0,1739.0,1
Onion,2022-10-04,1501.0,700.0,1751.0,1
Onion,2022-10-06,1560.0,700.0,1810.0,1
Onion,2022-10-07,1851.0,800.0,2061.0,1
Onion,2022-10-08,1840.0,800.0,2056.0,1
Onion,2022-10-10,1950.0,700.0,2301.0,1
Onion,2022-10-12,2080.0,700.0,2401.0,1
Onion,2022-10-13,2160.0,800.0,2511.0,1
Onion,2022-10-14,1960.0,700.0,2441.0,1
Onion,2022-10-15,1900.0,700.0,2421.0,1
Onion,2022-10-17,2060.0,700.0,2599.0,1
Onion,2022-10-18,1900.0,800.0,2550.0,1
Onion,2022-10-19,1850.0,600.0,2351.0,1
Onion,2022-10-20,1850.0,600.0,2380.0,1
Onion,2022-10-21,1860.0,600.0,2350.0,1
Onion,2022-10-31,2450.0,851.0,3101.0,1
Onion,2022-11-01,2470.0,800.0,2952.0,1
Onion,2022-11-02,2550.0,800.0,3151.0,1
Onion,2022-11-03,2500.0,1100.0,3091.0,1
Onion,2022-11-04,2551.0,1011.0,3260.0,1
Onion,2022-11-05,2400.0,1000.0,3004.0,1
Onion,2022-11-07,2360.0,700.0,3053.0,1
Onion,2022-11-08,1800.0,700.0,2891.0,1
Onion,2022-11-09,2050.0,800.0,2870.0,1
Onion,2022-11-10,5580.0,3000.0,5660.0,1
Onion,2022-11-11,2000.0,800.0,2753.0,1
Onion,2022-11-12,1990.5,1415.5,2886.5,2
Onion,2022-11-15,1851.0,800.0,2440.0,1
Onion,2022-11-16,1701.0,600.0,2464.0,1
Onion,2022-11-17,1600.0,600.0,2199.0,1
Onion,2022-11-18,1600.0,600.0,1800.0,1
Onion,2022-11-19,1501.0,700.0,1851.0,1
Onion,2022-11-21,1400.0,500.0,1812.0,1
Onion,2022-11-22,1501.0,500.0,1871.0,1
Onion,2022-11-23,2101.5,1576.0,2228.5,2
Onion,2022-11-24,1615.5,1180.5,1745.5,2
Onion,2022-11-26,1555.5,1155.5,1727.5,2
Onion,2022-11-30,1150.0,600.0,1401.0,1
Onion,2022-12-01,1655.5,855.5,1861.0,2
Onion,2022-12-02,1550.5,750.0,1791.0,2
Onion,2022-12-03,1383.5,875.0,1695.5,2
Onion,2022-12-06,1537.5,750.5,1821.0,2
Onion,2022-12-07,1462.5,900.0,1837.5,2
Onion,2022-12-08,1551.0,600.0,1796.0,2
Onion,2022-12-09,1580.0,846.0,1867.5,2
Onion,2022-12-10,1505.5,643.0,1713.0,2
Onion,2022-12-12,1460.0,649.5,1882.0,2
Onion,2022-12-13,1388.0,750.0,1837.5,2
Onion,2022-12-14,1475.0,615.0,1835.5,2
Onion,2022-12-15,1500.5,645.0,1900.0,2
Onion,2022-12-16,1338.0,600.0,1729.5,2
Onion,2022-12-17,1300.5,700.0,1655.5,2
Onion,2022-12-19,1576.0,750.0,1816.0,2
Onion,2022-12-20,1625.5,650.0,1844.5,2
Onion,2022-12-21,1597.5,660.0,1832.5,2
Onion,2022-12-22,1575.0,850.0,1980.0,2
Onion,2022-12-23,1625.0,750.0,1983.0,2
Onion,2022-12-24,1625.0,859.0,1911.0,2
Onion,2022-12-26,1625.0,1100.0,1904.5,2
Onion,2022-12-28,1476.0,700.0,1793.0,2
Onion,2022-12-29,1411.0,600.0,1720.0,2
Onion,2022-12-30,1250.5,627.5,1508.0,2
Onion,2022-12-31,1262.5,650.0,1584.0,2
Onion,2023-01-02,1600.0,700.0,1862.0,1
Onion,2023-01-03,1450.0,700.0,1722.0,2
Onion,2023-01-04,1525.0,600.0,1821.0,1
Onion,2023-01-06,1525.0,800.0,1840.0,1
Onion,2023-01-07,1501.0,600.0,1801.0,1
Onion,2023-01-11,1400.0,700.0,1755.0,2
Onion,2023-01-12,1425.0,700.0,1881.0,1
Onion,2023-01-14,1325.0,600.0,1700.0,1
Onion,2023-01-17,1301.0,651.0,1691.0,1
Onion,2023-01-18,1330.0,600.0,1551.0,1
Onion,2023-01-19,1401.0,551.0,1620.0,1
Onion,2023-01-20,1420.0,600.0,1632.0,1
Onion,2023-01-21,1425.0,600.0,1647.0,1
Onion,2023-01-23,1370.0,501.0,1551.0,1
Onion,2023-01-24,1320.0,500.0,1612.0,1
Onion,2023-01-25,1301.0,500.0,1641.0,1
Onion,2023-01-27,1301.0,500.0,1554.0,1
Onion,2023-01-28,1310.0,600.0,1561.0,1
Onion,2023-01-30,1201.0,500.0,1606.0,1
Onion,2023-01-31,1260.0,600.0,1575.0,1
Onion,2023-02-02,1201.0,500.0,1580.0,1
Onion,2023-02-03,1180.0,500.0,1601.0,1
Onion,2023-02-04,1151.0,600.0,1552.0,1
Onion,2023-02-06,1230.0,400.0,1571.0,1
Onion,2023-02-07,1151.0,500.0,1571.0,1
Onion,2023-02-08,1100.0,500.0,1590.0,1
Onion,2023-02-09,1000.0,500.0,1534.0,1
Onion,2023-02-10,980.0,400.0,1499.0,1
Onion,2023-02-11,960.0,400.0,1390.0,1
Onion,2023-02-13,851.0,400.0,1284.0,1
Onion,2023-02-14,790.0,475.5,1297.0,2
Onion,2023-02-15,700.0,400.0,1221.0,1
Onion,2023-02-16,700.0,400.0,1291.0,1
Onion,2023-02-17,675.0,400.0,1226.0,1
Onion,2023-02-20,701.0,400.0,1156.0,1
Onion,2023-02-21,680.0,400.0,1172.0,1
Onion,2023-02-22,601.0,400.0,1241.0,1
Onion,2023-02-23,551.0,300.0,1201.0,1
Onion,2023-02-24,575.0,300.0,1235.0,1
Onion,2023-02-25,625.0,351.0,1231.0,1
Onion,2023-02-27,471.0,200.0,800.0,1
Onion,2023-02-28,675.0,300.0,1201.0,1
Onion,2023-03-01,720.0,400.0,1201.0,1
Onion,2023-03-02,700.0,400.0,1105.0,1
Onion,2023-03-03,751.0,400.0,1051.0,1
Onion,2023-03-04,700.0,400.0,1102.0,1
Onion,2023-03-06,760.0,400.0,1201.0,1
Onion,2023-03-08,775.0,351.0,1202.0,1
Onion,2023-03-09,810.0,400.0,1235.0,1
Onion,2023-03-10,860.0,400.0,1250.0,1
Onion,2023-03-11,851.0,400.0,1222.0,1
Onion,2023-03-14,900.0,550.0,1125.0,2
Onion,2023-03-15,937.5,500.0,1236.0,2
Onion,2023-03-16,951.0,434.5,1185.0,2
Onion,2023-03-17,950.0,431.0,1162.0,2
Onion,2023-03-18,880.0,475.5,1238.0,2
Onion,2023-03-20,913.0,450.0,1171.0,2
Onion,2023-03-21,875.5,400.0,1134.5,2
Onion,2023-03-22,850.0,450.0,1155.5,2
Onion,2023-03-23,888.5,475.5,1188.0,2
Onion,2023-03-24,875.0,400.0,1168.0,2
Onion,2023-03-25,865.0,400.0,1090.0,2
Onion,2023-03-27,787.5,350.0,1050.0,2
Onion,2023-03-28,655.0,400.0,861.0,2
Onion,2023-03-29,751.0,350.0,976.0,2
Onion,2023-03-30,810.0,300.0,1050.0,2
Onion,2023-03-31,760.5,400.0,948.0,2
Onion,2023-04-05,650.5,350.0,872.0,2
Onion,2023-04-06,712.5,425.5,890.0,2
Onion,2023-04-07,735.0,450.0,920.5,2
Onion,2023-04-08,685.0,350.5,979.0,2
Onion,2023-04-10,675.5,400.0,886.0,2
Onion,2023-04-11,680.0,300.5,843.5,2
Onion,2023-04-12,600.0,300.0,863.0,2
Onion,2023-04-13,685.0,350.0,944.5,2
Onion,2023-04-14,717.5,351.5,965.5,2
Onion,2023-04-15,620.0,350.0,870.0,2
Onion,2023-04-17,650.0,425.5,925.5,2
Onion,2023-04-18,658.0,360.0,871.5,2
Onion,2023-04-19,551.0,277.0,782.0,2
Onion,2023-04-20,480.0,250.0,770.0,2
Onion,2023-04-21,578.0,305.5,791.5,2
Onion,2023-04-24,490.0,300.0,725.5,2
Onion,2023-04-25,620.0,300.0,961.0,1
Onion,2023-04-26,610.0,300.0,1100.0,1
Onion,2023-04-27,700.0,300.0,920.0,1
Onion,2023-04-29,860.0,400.0,981.0,1
Onion,2023-04-30,680.0,400.0,981.0,1
Onion,2023-05-02,725.0,300.0,1111.0,1
Onion,2023-05-03,775.0,400.0,1140.0,1
Onion,2023-05-04,800.0,400.0,1166.0,1
Onion,2023-05-05,770.0,300.0,1168.0,1
Onion,2023-05-06,751.0,400.0,1174.0,1
Onion,2023-05-08,770.0,400.0,1232.0,1
Onion,2023-05-09,760.0,300.0,1195.0,1
Onion,2023-05-10,751.0,300.0,1230.0,1
Onion,2023-05-11,800.0,400.0,1195.0,1
Onion,2023-05-12,770.0,400.0,1201.0,1
Onion,2023-05-13,800.0,400.0,1201.0,1
Onion,2023-05-15,810.0,400.0,1231.0,1
Onion,2023-05-16,715.0,300.0,1190.0,1
Onion,2023-05-17,700.0,300.0,1190.0,1
Onion,2023-05-18,725.0,300.0,1201.0,1
Onion,2023-05-19,751.0,400.0,1200.0,1
Onion,2023-05-20,700.0,300.0,1215.0,1
Onion,2023-05-22,800.0,400.0,1216.0,1
Onion,2023-05-23,700.0,300.0,1126.0,1
Onion,2023-05-24,700.0,251.0,1201.0,1
Onion,2023-05-25,675.0,251.0,1201.0,1
Onion,2023-05-26,760.0,300.0,1212.0,1
Onion,2023-05-27,825.0,300.0,1200.0,1
Onion,2023-05-29,850.0,400.0,1231.0,1
Onion,2023-05-30,860.0,400.0,1217.0,1
Onion,2023-05-31,850.0,400.0,1262.0,1
Onion,2023-06-01,830.0,400.0,1245.0,1
Onion,2023-06-02,800.0,300.0,1340.0,1
Onion,2023-06-03,860.0,400.0,1601.0,1
Onion,2023-06-05,1050.0,451.0,1500.0,1
Onion,2023-06-06,900.0,400.0,1301.0,1
Onion,2023-06-07,1000.0,400.0,1451.0,1
Onion,2023-06-08,925.0,300.0,1441.0,1
Onion,2023-06-09,975.0,400.0,1381.0,1
Onion,2023-06-10,930.0,400.0,1380.0,1
Onion,2023-06-12,1000.0,400.0,1801.0,1
Onion,2023-06-13,800.0,400.0,1200.0,1
Onion,2023-06-14,1001.0,500.0,1700.0,1
Onion,2023-06-15,870.0,300.0,1351.0,1
Onion,2023-06-16,900.0,300.0,1400.0,1
Onion,2023-06-17,1000.0,400.0,1325.0,1
Onion,2023-06-19,1051.0,500.0,1701.0,1
Onion,2023-06-20,1060.0,400.0,1951.0,2
Onion,2023-06-21,1050.0,400.0,2051.0,1
Onion,2023-06-22,1001.0,400.0,2100.0,1
Onion,2023-06-23,1100.0,500.0,2101.0,1
Onion,2023-06-24,1050.0,500.0,2151.0,1
Onion,2023-06-26,1151.0,500.0,2152.0,1
Onion,2023-06-27,1201.0,600.0,2301.0,1
Onion,2023-06-28,1280.0,600.0,2370.0,1
Onion,2023-06-29,1325.0,600.0,2501.0,1
Onion,2023-06-30,1425.0,700.0,2511.0,1
Soyabean,2013-07-01,3535.0,2500.0,3621.0,1
Soyabean,2013-07-02,3500.0,2500.0,3616.0,1
Soyabean,2013-07-03,3550.0,2666.0,3601.0,1
Soyabean,2013-07-04,3550.0,2600.0,3610.0,1
Soyabean,2013-07-05,3550.0,2500.0,3681.0,1
Soyabean,2013-07-06,3550.0,2500.0,3661.0,1
Soyabean,2013-07-09,2550.0,2500.0,3685.0,1
Soyabean,2013-07-10,3575.0,2600.0,3690.0,1
Soyabean,2013-07-11,3650.0,3000.0,3726.0,1
Soyabean,2013-07-12,3700.0,3000.0,3790.0,1
Soyabean,2013-07-13,3710.0,2500.0,3800.0,1
Soyabean,2013-07-15,3600.0,2530.0,3700.0,1
Soyabean,2013-07-16,3600.0,2500.0,3700.0,1
Soyabean,2013-07-18,3550.0,2600.0,3671.0,1
Soyabean,2013-07-20,3500.0,2500.0,3611.0,1
Soyabean,2013-07-22,3350.0,2500.0,3522.0,1
Soyabean,2013-07-24,3250.0,2500.0,3411.0,1
Soyabean,2013-07-25,3050.0,2500.0,3261.0,1
Soyabean,2013-07-26,3020.0,2500.0,3130.0,1
Soyabean,2013-07-27,3050.0,2500.0,3155.0,1
Soyabean,2013-07-29,3060.0,2500.0,3180.0,1
Soyabean,2013-07-30,3050.0,2500.0,3200.0,1
Soyabean,2013-07-31,3050.0,2500.0,3180.0,1
Soyabean,2013-08-01,3050.0,2500.0,3211.0,1
Soyabean,2013-08-02,3200.0,2511.0,3337.0,1
Soyabean,2013-08-03,3250.0,2500.0,3521.0,1
Soyabean,2013-08-07,3200.0,2800.0,3549.0,1
Soyabean,2013-08-08,3250.0,2600.0,3400.0,1
Soyabean,2013-08-09,3400.0,2700.0,3451.0,1
Soyabean,2013-08-10,3300.0,2800.0,3463.0,1
Soyabean,2013-08-12,3350.0,2800.0,3500.0,1
Soyabean,2013-08-13,3450.0,3000.0,3535.0,1
Soyabean,2013-08-14,3400.0,2800.0,3509.0,1
Soyabean,2013-08-16,3400.0,2801.0,3520.0,1
Soyabean,2013-08-17,3400.0,3000.0,3485.0,1
Soyabean,2013-08-19,3400.0,2800.0,3471.0,1
Soyabean,2013-08-20,3400.0,2970.0,3491.0,1
Soyabean,2013-08-22,3450.0,3225.0,3531.0,1
Soyabean,2013-08-23,3425.0,3000.0,3513.0,1
Soyabean,2013-08-24,3500.0,3200.0,3650.0,1
Soyabean,2013-08-26,3500.0,2900.0,3661.0,1
Soyabean,2013-08-27,3650.0,3000.0,3761.0,1
Soyabean,2013-08-29,3500.0,3100.0,3830.0,1
Soyabean,2013-08-30,3600.0,3000.0,3750.0,1
Soyabean,2013-08-31,3450.0,3000.0,3645.0,1
Soyabean,2013-09-02,3400.0,2900.0,3500.0,1
Soyabean,2013-09-03,3400.0,2800.0,3501.0,1
Soyabean,2013-09-04,3425.0,2800.0,3542.0,1
Soyabean,2013-09-06,3450.0,2900.0,3552.0,1
Soyabean,2013-09-07,3450.0,2900.0,3551.0,1
Soyabean,2013-09-10,3400.0,2555.0,3461.0,1
Soyabean,2013-09-11,3400.0,2800.0,3495.0,1
Soyabean,2013-09-12,3450.0,2500.0,3528.0,1
Soyabean,2013-09-13,3300.0,2201.0,3672.0,1
Soyabean,2013-09-14,3400.0,2605.0,3605.0,1
Soyabean,2013-09-16,3425.0,2500.0,3520.0,1
Soyabean,2013-09-17,3400.0,2500.0,3511.0,1
Soyabean,2013-09-19,3250.0,2600.0,3465.0,1
Soyabean,2013-09-20,3250.0,2500.0,3450.0,1
Soyabean,2013-09-21,3150.0,2600.0,3370.0,1
Soyabean,2013-09-23,3200.0,2600.0,3412.0,1
Soyabean,2013-09-24,3300.0,2625.0,3451.0,1
Soyabean,2013-09-25,3350.0,2600.0,3480.0,1
Soyabean,2013-09-26,3300.0,2800.0,3481.0,1
Soyabean,2013-09-27,3350.0,2600.0,3514.0,1
Soyabean,2013-09-28,3000.0,2600.0,3531.0,1
Soyabean,2013-09-30,3000.0,2240.0,3600.0,1
Soyabean,2013-10-01,3000.0,2500.0,3700.0,1
Soyabean,2013-10-03,3000.0,2500.0,3716.0,1
Soyabean,2013-10-07,3000.0,2000.0,3670.0,1
Soyabean,2013-10-08,2900.0,1500.0,3730.0,1
Soyabean,2013-10-09,3000.0,1550.0,3700.0,1
Soyabean,2013-10-10,3000.0,2000.0,3725.0,1
Soyabean,2013-10-11,3000.0,1500.0,3881.0,1
Soyabean,2013-10-15,3500.0,2500.0,3810.0,1
Soyabean,2013-10-16,3250.0,2500.0,3851.0,1
Soyabean,2013-10-17,3200.0,2500.0,3950.0,1
Soyabean,2013-10-18,3250.0,2500.0,4000.0,1
Soyabean,2013-10-19,3150.0,2500.0,4000.0,1
Soyabean,2013-10-21,3150.0,2500.0,3811.0,1
Soyabean,2013-10-22,3100.0,2500.0,4000.0,1
Soyabean,2013-10-23,3150.0,2500.0,4040.0,1
Soyabean,2013-10-24,3150.0,2263.0,4041.0,1
Soyabean,2013-10-25,3200.0,2500.0,4181.0,1
Soyabean,2013-10-26,3200.0,1500.0,4100.0,1
Soyabean,2013-10-28,3200.0,1500.0,3900.0,1
Soyabean,2013-10-29,3250.0,1500.0,3900.0,1
Soyabean,2013-10-30,3400.0,2000.0,4010.0,1
Soyabean,2013-10-31,3400.0,2500.0,4050.0,1
Soyabean,2013-11-06,3500.0,2500.0,4211.0,1
Soyabean,2013-11-07,3500.0,3000.0,4180.0,1
Soyabean,2013-11-08,3600.0,3000.0,4260.0,1
Soyabean,2013-11-09,3550.0,2500.0,4205.0,1
Soyabean,2013-11-11,3300.0,2500.0,4225.0,1
Soyabean,2013-11-12,3600.0,2500.0,4145.0,1
Soyabean,2013-11-13,3600.0,2500.0,4242.0,1
Soyabean,2013-11-14,2650.0,2600.0,4165.0,1
Soyabean,2013-11-15,3600.0,2500.0,4105.0,1
Soyabean,2013-11-16,3500.0,2625.0,4125.0,1
Soyabean,2013-11-18,3500.0,2600.0,4040.0,1
Soyabean,2013-11-19,3600.0,2600.0,4145.0,1
Soyabean,2013-11-20,3600.0,2500.0,4150.0,1
Soyabean,2013-11-21,3650.0,2600.0,4210.0,1
Soyabean,2013-11-22,3700.0,2650.0,4230.0,1
Soyabean,2013-11-23,3600.0,2500.0,4270.0,1
Soyabean,2013-11-26,3600.0,2500.0,4000.0,1
Soyabean,2013-11-27,3600.0,2700.0,4240.0,1
Soyabean,2013-11-28,3600.0,3242.0,3850.0,1
Soyabean,2013-11-29,3600.0,2500.0,4200.0,1
Soyabean,2013-11-30,3700.0,2500.0,4175.0,1
Soyabean,2013-12-03,3600.0,2500.0,4150.0,1
Soyabean,2013-12-04,3500.0,2375.0,4075.0,1
Soyabean,2013-12-05,3600.0,2550.0,4151.0,1
Soyabean,2013-12-06,3550.0,2500.0,3900.0,1
Soyabean,2013-12-07,3500.0,2500.0,3950.0,1
Soyabean,2013-12-09,3650.0,2500.0,4005.0,1
Soyabean,2013-12-10,3700.0,2790.0,4090.0,1
Soyabean,2013-12-11,3650.0,2500.0,4105.0,1
Soyabean,2013-12-12,3650.0,2570.0,4000.0,1
Soyabean,2013-12-14,3650.0,2500.0,4000.0,1
Soyabean,2013-12-16,3600.0,2300.0,3980.0,1
Soyabean,2013-12-17,3600.0,2700.0,4001.0,1
Soyabean,2013-12-18,3650.0,3000.0,4140.0,1
Soyabean,2013-12-20,3650.0,2900.0,4180.0,1
Soyabean,2013-12-21,3600.0,2500.0,4020.0,1
Soyabean,2013-12-23,3600.0,2500.0,4000.0,1
Soyabean,2013-12-24,3600.0,2800.0,4200.0,1
Soyabean,2013-12-25,3600.0,2650.0,4045.0,1
Soyabean,2013-12-26,3650.0,2800.0,4150.0,1
Soyabean,2014-01-02,3600.0,2750.0,3975.0,1
Soyabean,2014-01-03,3650.0,2700.0,4041.0,1
Soyabean,2014-01-04,3600.0,2500.0,3990.0,1
Soyabean,2014-01-06,3600.0,2560.0,3985.0,1
Soyabean,2014-01-07,3600.0,2760.0,3925.0,1
Soyabean,2014-01-08,3650.0,2550.0,4130.0,1
Soyabean,2014-01-09,3650.0,2500.0,3980.0,1
Soyabean,2014-01-10,3600.0,2500.0,3960.0,1
Soyabean,2014-01-11,3600.0,2500.0,3890.0,1
Soyabean,2014-01-13,3600.0,2560.0,3945.0,1
Soyabean,2014-01-15,3550.0,2705.0,3880.0,1
Soyabean,2014-01-16,3600.0,2600.0,3950.0,1
Soyabean,2014-01-17,3600.0,2600.0,3891.0,1
Soyabean,2014-01-18,3600.0,2750.0,3920.0,1
Soyabean,2014-01-19,3850.0,3830.0,3895.0,1
Soyabean,2014-01-28,3500.0,2700.0,3800.0,1
Soyabean,2014-01-29,3600.0,2600.0,3880.0,1
Soyabean,2014-01-31,3650.0,3030.0,3941.0,1
Soyabean,2014-02-01,3650.0,2900.0,3945.0,1
Soyabean,2014-02-03,3700.0,2700.0,3945.0,1
Soyabean,2014-02-04,3700.0,2800.0,3935.0,1
Soyabean,2014-02-05,3750.0,2500.0,4011.0,1
Soyabean,2014-02-06,3350.0,2550.0,3960.0,1
Soyabean,2014-02-07,3700.0,2700.0,3980.0,1
Soyabean,2014-02-08,3700.0,2560.0,3960.0,1
Soyabean,2014-02-10,3700.0,2750.0,3941.0,1
Soyabean,2014-02-11,3650.0,2610.0,4000.0,1
Soyabean,2014-02-12,3650.0,3000.0,3975.0,1
Soyabean,2014-02-13,3700.0,2900.0,4010.0,1
Soyabean,2014-02-14,3700.0,2800.0,4051.0,1
Soyabean,2014-02-15,3650.0,3000.0,3985.0,1
Soyabean,2014-02-17,3700.0,2800.0,4000.0,1
Soyabean,2014-02-18,3750.0,2700.0,4040.0,1
Soyabean,2014-02-19,3800.0,3000.0,4155.0,1
Soyabean,2014-02-20,3800.0,3000.0,4355.0,1
Soyabean,2014-02-21,3750.0,2800.0,4155.0,1
Soyabean,2014-02-22,3775.0,2700.0,4030.0,1
Soyabean,2014-02-24,3750.0,3000.0,4160.0,1
Soyabean,2014-02-25,3750.0,3500.0,4049.0,1
Soyabean,2014-02-26,3725.0,2800.0,4135.0,1
Soyabean,2014-02-28,3800.0,3000.0,4180.0,1
Soyabean,2014-03-03,4000.0,3000.0,4310.0,1
Soyabean,2014-03-04,3825.0,2800.0,4290.0,1
Soyabean,2014-03-05,3850.0,3000.0,4220.0,1
Soyabean,2014-03-06,3800.0,2700.0,4290.0,1
Soyabean,2014-03-07,4000.0,3000.0,4305.0,1
Soyabean,2014-03-08,4000.0,3000.0,4320.0,1
Soyabean,2014-03-10,4000.0,3000.0,4335.0,1
Soyabean,2014-03-11,4000.0,3000.0,4370.0,1
Soyabean,2014-03-12,4000.0,3000.0,4375.0,1
Soyabean,2014-03-13,3850.0,2700.0,4300.0,1
Soyabean,2014-03-14,4000.0,2500.0,4300.0,1
Soyabean,2014-03-15,3950.0,3000.0,4270.0,1
Soyabean,2014-03-18,4000.0,3000.0,4360.0,1
Soyabean,2014-03-19,4100.0,3000.0,4390.0,1
Soyabean,2014-03-20,4100.0,3000.0,4345.0,1
Soyabean,2014-03-22,4050.0,3000.0,4355.0,1
Soyabean,2014-03-25,4050.0,3000.0,4350.0,1
Soyabean,2014-03-26,4100.0,3000.0,4360.0,1
Soyabean,2014-03-27,4050.0,3000.0,4320.0,1
Soyabean,2014-03-28,4050.0,2700.0,4335.0,1
Soyabean,2014-03-29,4100.0,2800.0,4340.0,1
Soyabean,2014-04-02,4200.0,2450.0,4455.0,1
Soyabean,2014-04-03,4150.0,3000.0,4400.0,1
Soyabean,2014-04-04,4200.0,3000.0,4380.0,1
Soyabean,2014-04-05,4100.0,2405.0,4385.0,1
Soyabean,2014-04-07,4150.0,3000.0,4385.0,1
Soyabean,2014-04-09,4150.0,3000.0,4390.0,1
Soyabean,2014-04-10,4200.0,3000.0,4390.0,1
Soyabean,2014-04-11,4250.0,3000.0,4420.0,1
Soyabean,2014-04-12,4300.0,3000.0,4425.0,1
Soyabean,2014-04-16,4250.0,3000.0,4450.0,1
Soyabean,2014-04-17,4300.0,2000.0,4505.0,1
Soyabean,2014-04-19,4221.0,3000.0,4420.0,1
Soyabean,2014-04-21,4225.0,3000.0,4470.0,1
Soyabean,2014-04-22,4250.0,3250.0,4475.0,1
Soyabean,2014-04-23,4300.0,3100.0,4360.0,1
Soyabean,2014-04-25,4300.0,3000.0,4590.0,1
Soyabean,2014-04-26,4400.0,3500.0,4680.0,1
Soyabean,2014-04-28,4350.0,3100.0,4700.0,1
Soyabean,2014-05-03,4450.0,3500.0,4750.0,1
Soyabean,2014-05-05,4600.0,3100.0,4935.0,1
Soyabean,2014-05-06,4650.0,3200.0,4965.0,1
Soyabean,2014-05-07,4500.0,3500.0,5155.0,1
Soyabean,2014-05-08,4500.0,3400.0,5060.0,1
Soyabean,2014-05-09,4650.0,3300.0,5083.0,1
Soyabean,2014-05-10,4650.0,3500.0,5200.0,1
Soyabean,2014-05-12,4500.0,3400.0,5000.0,1
Soyabean,2014-05-13,4700.0,3500.0,5125.0,1
Soyabean,2014-05-14,4655.0,3800.0,4856.0,1
Soyabean,2014-05-15,4500.0,3500.0,5150.0,1
Soyabean,2014-05-16,4600.0,3349.0,4885.0,1
Soyabean,2014-05-17,4600.0,3900.0,5075.0,1
Soyabean,2014-05-19,4500.0,3000.0,4780.0,1
Soyabean,2014-05-20,4450.0,3000.0,5025.0,1
Soyabean,2014-05-21,4500.0,3200.0,5050.0,1
Soyabean,2014-05-22,4500.0,3100.0,5110.0,1
Soyabean,2014-05-23,4400.0,3000.0,5050.0,1
Soyabean,2014-05-24,4400.0,3000.0,5210.0,1
Soyabean,2014-05-26,4400.0,3000.0,5080.0,1
Soyabean,2014-05-27,4300.0,2500.0,5165.0,1
Soyabean,2014-05-29,4400.0,2700.0,4850.0,1
Soyabean,2014-05-30,4150.0,2500.0,4480.0,1
Soyabean,2014-05-31,4815.0,2500.0,4850.0,1
Soyabean,2014-06-02,4100.0,3000.0,5000.0,1
Soyabean,2014-06-03,4050.0,2500.0,5180.0,1
Soyabean,2014-06-04,4100.0,2500.0,4650.0,1
Soyabean,2014-06-05,4050.0,2500.0,4700.0,1
Soyabean,2014-06-06,4000.0,3600.0,4300.0,1
Soyabean,2014-06-07,4815.0,2500.0,4850.0,1
Soyabean,2014-06-09,4100.0,3000.0,4405.0,1
Soyabean,2014-06-10,4000.0,3000.0,4605.0,1
Soyabean,2014-06-11,4100.0,3000.0,5000.0,1
Soyabean,2014-06-12,4100.0,3000.0,4750.0,1
Soyabean,2014-06-13,4100.0,2500.0,4980.0,1
Soyabean,2014-06-14,4100.0,3000.0,4820.0,1
Soyabean,2014-06-16,4100.0,2510.0,4710.0,1
Soyabean,2014-06-17,4100.0,2500.0,4920.0,1
Soyabean,2014-06-18,3700.0,2600.0,4560.0,1
Soyabean,2014-06-19,3850.0,3000.0,4305.0,1
Soyabean,2014-06-20,3900.0,2700.0,4300.0,1
Soyabean,2014-06-21,3850.0,2605.0,4100.0,1
Soyabean,2014-06-23,3800.0,2700.0,4000.0,1
Soyabean,2014-06-24,3800.0,2500.0,4000.0,1
Soyabean,2014-06-25,3700.0,2500.0,4230.0,1
Soyabean,2014-06-26,3850.0,2550.0,4260.0,1
Soyabean,2014-06-28,4100.0,2500.0,4525.0,1
Soyabean,2014-07-01,4100.0,2500.0,4620.0,1
Soyabean,2014-07-02,3950.0,3000.0,4330.0,1
Soyabean,2014-07-03,4000.0,3000.0,4300.0,1
Soyabean,2014-07-04,4000.0,3500.0,4305.0,1
Soyabean,2014-07-05,4000.0,3000.0,4331.0,1
Soyabean,2014-07-07,4000.0,3000.0,4325.0,1
Soyabean,2014-07-08,4000.0,3000.0,4460.0,1
Soyabean,2014-07-09,4000.0,3000.0,4415.0,1
Soyabean,2014-07-10,4250.0,3000.0,4950.0,1
Soyabean,2014-07-12,4040.0,3000.0,4190.0,1
Soyabean,2014-07-14,3900.0,3000.0,4220.0,1
Soyabean,2014-07-15,3920.0,3000.0,4250.0,1
Soyabean,2014-07-16,3950.0,3000.0,4125.0,1
Soyabean,2014-07-17,3950.0,3000.0,4180.0,1
Soyabean,2014-07-18,3900.0,3500.0,4200.0,1
Soyabean,2014-07-19,4000.0,3500.0,4250.0,1
Soyabean,2014-07-21,4000.0,3000.0,4335.0,1
Soyabean,2014-07-22,4100.0,3000.0,4230.0,1
Soyabean,2014-07-23,3900.0,2950.0,4165.0,1
Soyabean,2014-07-24,3900.0,2800.0,4250.0,1
Soyabean,2014-07-31,3900.0,3000.0,4100.0,1
Soyabean,2014-08-01,3850.0,3000.0,4080.0,1
Soyabean,2014-08-02,3850.0,3500.0,4170.0,1
Soyabean,2014-08-04,3900.0,3000.0,4060.0,1
Soyabean,2014-08-05,3850.0,2800.0,4040.0,1
Soyabean,2014-08-06,3800.0,2840.0,4020.0,1
Soyabean,2014-08-07,3800.0,3000.0,3935.0,1
Soyabean,2014-08-08,3850.0,2800.0,4000.0,1
Soyabean,2014-08-09,3800.0,2500.0,3995.0,1
Soyabean,2014-08-11,3800.0,3000.0,3905.0,1
Soyabean,2014-08-13,3800.0,3000.0,3900.0,1
Soyabean,2014-08-14,3800.0,3000.0,3900.0,1
Soyabean,2014-08-20,3750.0,3000.0,3840.0,1
Soyabean,2014-08-21,3700.0,3000.0,3895.0,1
Soyabean,2014-08-22,3750.0,2700.0,3845.0,1
Soyabean,2014-08-23,3550.0,3000.0,3825.0,1
Soyabean,2014-08-26,3650.0,3000.0,3900.0,1
Soyabean,2014-08-27,3350.0,3000.0,3850.0,1
Soyabean,2014-09-01,3650.0,3000.0,3790.0,1
Soyabean,2014-09-02,3500.0,3000.0,3650.0,1
Soyabean,2014-09-03,3400.0,2800.0,3600.0,1
Soyabean,2014-09-04,3350.0,2500.0,3450.0,1
Soyabean,2014-09-05,3400.0,3000.0,3580.0,1
Soyabean,2014-09-06,3350.0,2500.0,3500.0,1
Soyabean,2014-09-08,3100.0,3000.0,3500.0,1
Soyabean,2014-09-10,3300.0,2800.0,3525.0,1
Soyabean,2014-09-11,3350.0,2800.0,3535.0,1
Soyabean,2014-09-12,3350.0,2800.0,3400.0,1
Soyabean,2014-09-13,3450.0,2600.0,3500.0,1
Soyabean,2014-09-15,3350.0,2800.0,3450.0,1
Soyabean,2014-09-16,3375.0,2500.0,3460.0,1
Soyabean,2014-09-17,3300.0,2800.0,3600.0,1
Soyabean,2014-09-19,3300.0,2800.0,3500.0,1
Soyabean,2014-09-20,3300.0,2550.0,3450.0,1
Soyabean,2014-09-22,3500.0,2600.0,3550.0,1
Soyabean,2014-09-23,3100.0,2700.0,3300.0,1
Soyabean,2014-09-26,3200.0,2500.0,3340.0,1
Soyabean,2014-09-27,3000.0,2500.0,3700.0,1
Soyabean,2014-09-29,3100.0,2200.0,3500.0,1
Soyabean,2014-09-30,3100.0,2500.0,3750.0,1
Soyabean,2014-10-01,3150.0,2500.0,3300.0,1
Soyabean,2014-10-04,3150.0,2500.0,3300.0,1
Soyabean,2014-10-06,3150.0,1857.0,3300.0,1
Soyabean,2014-10-07,2900.0,2500.0,3100.0,1
Soyabean,2014-10-08,2900.0,2500.0,3100.0,1
Soyabean,2014-10-09,2950.0,2500.0,3100.0,1
Soyabean,2014-10-10,2950.0,2500.0,3100.0,1
Soyabean,2014-10-11,3050.0,2800.0,3100.0,1
Soyabean,2014-10-13,2500.0,2000.0,2900.0,1
Soyabean,2014-10-14,2770.0,2500.0,2900.0,1
Soyabean,2014-10-15,2800.0,2500.0,2940.0,1
Soyabean,2014-10-16,2800.0,2600.0,2950.0,1
Soyabean,2014-10-17,2875.0,2500.0,3210.0,1
Soyabean,2014-10-18,2850.0,2500.0,3025.0,1
Soyabean,2014-10-20,2800.0,2500.0,2900.0,1
Soyabean,2014-10-21,2750.0,2500.0,2900.0,1
Soyabean,2014-10-29,3000.0,2600.0,3200.0,1
Soyabean,2014-10-30,3000.0,2600.0,3215.0,1
Soyabean,2014-10-31,3000.0,2600.0,3150.0,1
Soyabean,2014-11-04,3075.0,2600.0,3200.0,1
Soyabean,2014-11-05,2900.0,2600.0,3100.0,1
Soyabean,2014-11-06,3100.0,2600.0,3230.0,1
Soyabean,2014-11-07,3150.0,2700.0,3320.0,1
Soyabean,2014-11-08,3125.0,2850.0,3350.0,1
Soyabean,2014-11-10,3080.0,2600.0,3160.0,1
Soyabean,2014-11-11,3075.0,2600.0,3150.0,1
Soyabean,2014-11-12,3050.0,2600.0,3090.0,1
Soyabean,2014-11-13,3100.0,2700.0,3160.0,1
Soyabean,2014-11-14,3110.0,2700.0,3170.0,1
Soyabean,2014-11-15,3110.0,2700.0,3170.0,1
Soyabean,2014-11-17,3000.0,2600.0,3150.0,1
Soyabean,2014-11-18,3000.0,2800.0,3170.0,1
Soyabean,2014-11-19,3000.0,2800.0,3150.0,1
Soyabean,2014-11-20,3000.0,2800.0,3150.0,1
Soyabean,2014-11-21,3100.0,2800.0,3170.0,1
Soyabean,2014-11-24,3100.0,2800.0,3230.0,1
Soyabean,2014-11-25,3150.0,2900.0,3270.0,1
Soyabean,2014-11-26,3200.0,2800.0,3300.0,1
Soyabean,2014-11-27,3150.0,2900.0,3270.0,1
Soyabean,2014-11-28,3100.0,2800.0,3200.0,1
Soyabean,2014-11-29,3100.0,2600.0,3250.0,1
Soyabean,2014-12-01,3100.0,2600.0,3220.0,1
Soyabean,2014-12-02,3100.0,2600.0,3225.0,1
Soyabean,2014-12-03,3100.0,2700.0,3200.0,1
Soyabean,2014-12-04,3100.0,2600.0,3200.0,1
Soyabean,2014-12-05,3100.0,2600.0,3220.0,1
Soyabean,2014-12-06,3100.0,2700.0,3240.0,1
Soyabean,2014-12-09,3200.0,2600.0,3300.0,1
Soyabean,2014-12-10,3200.0,2700.0,3260.0,1
Soyabean,2014-12-11,3100.0,2700.0,3240.0,1
Soyabean,2014-12-12,3175.0,2600.0,3275.0,1
Soyabean,2014-12-13,3150.0,2610.0,3265.0,1
Soyabean,2014-12-15,3125.0,2700.0,3200.0,1
Soyabean,2014-12-16,3100.0,2600.0,3200.0,1
Soyabean,2014-12-17,3100.0,2600.0,3200.0,1
Soyabean,2014-12-18,3100.0,2700.0,3200.0,1
Soyabean,2014-12-19,3150.0,2700.0,3250.0,1
Soyabean,2014-12-20,3150.0,2500.0,3250.0,1
Soyabean,2014-12-23,3225.0,2800.0,3300.0,1
Soyabean,2014-12-24,3170.0,2800.0,3300.0,1
Soyabean,2014-12-25,3200.0,2800.0,3315.0,1
Soyabean,2014-12-26,3200.0,2800.0,3315.0,1
Soyabean,2014-12-27,3210.0,2800.0,3350.0,1
Soyabean,2014-12-29,3300.0,2800.0,3415.0,1
Soyabean,2014-12-30,3300.0,2800.0,3450.0,1
Soyabean,2014-12-31,3250.0,2800.0,3400.0,1
Soyabean,2015-01-01,3200.0,2600.0,3300.0,1
Soyabean,2015-01-02,3200.0,2800.0,3315.0,1
Soyabean,2015-01-03,3250.0,2800.0,3350.0,1
Soyabean,2015-01-05,3250.0,2800.0,3325.0,1
Soyabean,2015-01-06,3350.0,3000.0,3450.0,1
Soyabean,2015-01-07,3350.0,3000.0,3450.0,1
Soyabean,2015-01-08,3325.0,3000.0,3460.0,1
Soyabean,2015-01-09,3350.0,3000.0,3450.0,1
Soyabean,2015-01-10,3325.0,3000.0,3400.0,1
Soyabean,2015-01-12,3325.0,2900.0,3400.0,1
Soyabean,2015-01-13,3325.0,3000.0,3400.0,1
Soyabean,2015-01-14,3225.0,3000.0,3350.0,1
Soyabean,2015-01-16,3310.0,3000.0,3400.0,1
Soyabean,2015-01-17,3300.0,2800.0,3400.0,1
Soyabean,2015-01-19,3325.0,3000.0,3420.0,1
Soyabean,2015-01-21,3325.0,3000.0,3415.0,1
Soyabean,2015-01-22,3225.0,3000.0,3390.0,1
Soyabean,2015-01-23,3200.0,3000.0,3300.0,1
Soyabean,2015-01-24,3150.0,3000.0,3260.0,1
Soyabean,2015-01-27,3200.0,3000.0,3300.0,1
Soyabean,2015-01-28,3225.0,3000.0,3335.0,1
Soyabean,2015-01-29,3250.0,3000.0,3300.0,1
Soyabean,2015-01-30,3225.0,3000.0,3320.0,1
Soyabean,2015-02-02,3225.0,3000.0,3340.0,1
Soyabean,2015-02-03,3250.0,3000.0,3490.0,1
Soyabean,2015-02-04,3225.0,3000.0,3390.0,1
Soyabean,2015-02-05,3250.0,3000.0,3390.0,1
Soyabean,2015-02-06,3200.0,3000.0,3360.0,1
Soyabean,2015-02-07,3200.0,3000.0,3400.0,1
Soyabean,2015-02-09,3200.0,3000.0,3350.0,1
Soyabean,2015-02-10,3200.0,3000.0,3300.0,1
Soyabean,2015-02-11,3200.0,3000.0,3300.0,1
Soyabean,2015-02-12,3200.0,3000.0,3300.0,1
Soyabean,2015-02-13,3250.0,3000.0,3300.0,1
Soyabean,2015-02-14,3200.0,3000.0,3300.0,1
Soyabean,2015-02-16,3200.0,3000.0,3320.0,1
Soyabean,2015-02-19,3200.0,3000.0,3320.0,1
Soyabean,2015-02-20,3200.0,3000.0,3300.0,1
Soyabean,2015-02-21,3150.0,3000.0,3240.0,1
Soyabean,2015-02-23,3225.0,3000.0,3320.0,1
Soyabean,2015-02-24,3225.0,3000.0,3320.0,1
Soyabean,2015-02-25,3250.0,2800.0,3300.0,1
Soyabean,2015-02-26,3100.0,3000.0,3270.0,1
Soyabean,2015-02-27,3225.0,3000.0,3320.0,1
Soyabean,2015-02-28,3250.0,3000.0,3320.0,1
Soyabean,2015-03-02,3225.0,3000.0,3320.0,1
Soyabean,2015-03-03,3250.0,3000.0,3300.0,1
Soyabean,2015-03-04,3225.0,3000.0,3300.0,1
Soyabean,2015-03-05,3200.0,3000.0,3300.0,1
Soyabean,2015-03-07,3200.0,2900.0,3350.0,1
Soyabean,2015-03-09,3200.0,3000.0,3300.0,1
Soyabean,2015-03-11,3200.0,3000.0,3295.0,1
Soyabean,2015-03-13,3210.0,3000.0,3295.0,1
Soyabean,2015-03-14,3200.0,3000.0,3280.0,1
Soyabean,2015-03-16,3200.0,3000.0,3280.0,1
Soyabean,2015-03-17,3200.0,3000.0,3300.0,1
Soyabean,2015-03-18,3200.0,3000.0,3260.0,1
Soyabean,2015-03-19,3200.0,3000.0,3315.0,1
Soyabean,2015-03-21,3160.0,2900.0,3270.0,1
Soyabean,2015-03-23,3200.0,3000.0,3350.0,1
Soyabean,2015-03-24,3200.0,3000.0,3300.0,1
Soyabean,2015-03-25,3220.0,3000.0,3320.0,1
Soyabean,2015-03-26,3250.0,3000.0,3340.0,1
Soyabean,2015-03-27,3150.0,2500.0,3250.0,1
Soyabean,2015-03-30,3150.0,3000.0,3280.0,1
Soyabean,2015-03-31,3200.0,3000.0,3350.0,1
Soyabean,2015-04-01,3225.0,3000.0,3375.0,1
Soyabean,2015-04-03,3300.0,2500.0,3380.0,1
Soyabean,2015-04-06,3250.0,3000.0,3395.0,1
Soyabean,2015-04-07,3400.0,3000.0,3500.0,1
Soyabean,2015-04-08,3325.0,3000.0,3520.0,1
Soyabean,2015-04-09,3400.0,3000.0,3530.0,1
Soyabean,2015-04-10,3400.0,3000.0,3515.0,1
Soyabean,2015-04-11,3425.0,3000.0,3515.0,1
Soyabean,2015-04-13,3400.0,3000.0,3505.0,1
Soyabean,2015-04-15,3400.0,3000.0,3535.0,1
Soyabean,2015-04-16,3350.0,3000.0,3635.0,1
Soyabean,2015-04-17,3350.0,3000.0,3650.0,1
Soyabean,2015-04-20,3520.0,3000.0,3640.0,1
Soyabean,2015-04-21,3550.0,3000.0,3670.0,1
Soyabean,2015-04-22,3250.0,3000.0,3425.0,1
Soyabean,2015-04-23,3600.0,3300.0,3775.0,1
Soyabean,2015-04-24,3550.0,3000.0,3900.0,1
Soyabean,2015-04-25,3550.0,3000.0,3915.0,1
Soyabean,2015-04-27,3700.0,3000.0,3885.0,1
Soyabean,2015-04-28,3800.0,3000.0,4000.0,1
Soyabean,2015-04-29,3800.0,3000.0,3915.0,1
Soyabean,2015-04-30,3750.0,3000.0,3915.0,1
Soyabean,2015-05-01,3850.0,3000.0,3915.0,1
Soyabean,2015-05-02,3825.0,3000.0,3900.0,1
Soyabean,2015-05-04,3825.0,3250.0,3930.0,1
Soyabean,2015-05-05,3850.0,3000.0,3925.0,1
Soyabean,2015-05-06,3850.0,3000.0,4000.0,1
Soyabean,2015-05-07,3900.0,3200.0,4015.0,1
Soyabean,2015-05-08,3950.0,3000.0,4100.0,1
Soyabean,2015-05-09,3950.0,3000.0,4050.0,1
Soyabean,2015-05-11,3950.0,3000.0,4100.0,1
Soyabean,2015-05-12,3800.0,2850.0,3900.0,1
Soyabean,2015-05-13,3600.0,3000.0,3700.0,1
Soyabean,2015-05-14,3400.0,2900.0,3900.0,1
Soyabean,2015-05-15,3600.0,3000.0,4000.0,1
Soyabean,2015-05-16,3600.0,3000.0,3750.0,1
Soyabean,2015-05-19,3800.0,3000.0,3900.0,1
Soyabean,2015-05-20,3700.0,3000.0,3900.0,1
Soyabean,2015-05-21,3700.0,3000.0,3850.0,1
Soyabean,2015-05-22,3650.0,3000.0,3850.0,1
Soyabean,2015-05-23,3700.0,3000.0,3800.0,1
Soyabean,2015-05-25,3700.0,3100.0,3850.0,1
Soyabean,2015-05-26,3600.0,3000.0,3750.0,1
Soyabean,2015-05-27,3550.0,3000.0,3750.0,1
Soyabean,2015-05-28,3600.0,3000.0,3750.0,1
Soyabean,2015-05-29,3600.0,3000.0,3800.0,1
Soyabean,2015-05-30,3700.0,3000.0,3900.0,1
Soyabean,2015-06-01,3850.0,3000.0,4015.0,1
Soyabean,2015-06-02,3800.0,2900.0,3900.0,1
Soyabean,2015-06-03,3850.0,3000.0,4015.0,1
Soyabean,2015-06-04,3800.0,3000.0,4050.0,1
Soyabean,2015-06-05,3600.0,3000.0,3850.0,1
Soyabean,2015-06-06,3750.0,3000.0,3805.0,1
Soyabean,2015-06-08,3700.0,3000.0,3850.0,1
Soyabean,2015-06-09,3600.0,3000.0,3700.0,1
Soyabean,2015-06-10,3600.0,2800.0,3740.0,1
Soyabean,2015-06-11,3400.0,3000.0,3575.0,1
Soyabean,2015-06-12,3500.0,3000.0,3650.0,1
Soyabean,2015-06-13,3500.0,2600.0,3605.0,1
Soyabean,2015-06-15,3400.0,3000.0,3605.0,1
Soyabean,2015-06-17,3400.0,3000.0,3500.0,1
Soyabean,2015-06-18,3600.0,2900.0,3900.0,1
Soyabean,2015-06-19,3500.0,2700.0,3600.0,1
Soyabean,2015-06-20,3400.0,2900.0,3600.0,1
Soyabean,2015-06-22,3500.0,2900.0,3600.0,1
Soyabean,2015-06-23,3300.0,3000.0,3500.0,1
Soyabean,2015-06-24,3850.0,3000.0,4050.0,1
Soyabean,2015-06-25,3100.0,2800.0,3400.0,1
Soyabean,2015-06-26,3200.0,2600.0,3350.0,1
Soyabean,2015-06-27,3300.0,3000.0,3500.0,1
Soyabean,2015-06-29,3200.0,3000.0,3450.0,1
Soyabean,2015-06-30,3250.0,3000.0,3475.0,1
Soyabean,2015-07-01,3200.0,3000.0,3350.0,1
Soyabean,2015-07-02,3200.0,2800.0,3300.0,1
Soyabean,2015-07-03,3200.0,3000.0,3400.0,1
Soyabean,2015-07-04,3100.0,3000.0,3400.0,1
Soyabean,2015-07-06,3150.0,3000.0,3450.0,1
Soyabean,2015-07-07,3350.0,2700.0,3400.0,1
Soyabean,2015-07-08,3350.0,2575.0,3400.0,1
Soyabean,2015-07-09,3300.0,3000.0,3450.0,1
Soyabean,2015-07-10,3400.0,3000.0,3490.0,1
Soyabean,2015-07-11,3400.0,3000.0,3460.0,1
Soyabean,2015-07-13,3400.0,3000.0,3450.0,1
Soyabean,2015-07-14,3400.0,3000.0,3500.0,1
Soyabean,2015-07-15,3400.0,3000.0,3500.0,1
Soyabean,2015-07-17,3350.0,2950.0,3400.0,1
Soyabean,2015-07-18,3150.0,3000.0,3350.0,1
Soyabean,2015-07-20,3200.0,3000.0,3250.0,1
Soyabean,2015-07-21,3200.0,2800.0,3350.0,1
Soyabean,2015-07-22,3200.0,2500.0,3300.0,1
Soyabean,2015-07-23,3300.0,3000.0,3400.0,1
Soyabean,2015-07-25,3000.0,2850.0,3250.0,1
Soyabean,2015-07-27,3000.0,2800.0,3250.0,1
Soyabean,2015-07-28,3100.0,2900.0,3250.0,1
Soyabean,2015-07-29,3100.0,3000.0,3250.0,1
Soyabean,2015-07-30,3100.0,3000.0,3200.0,1
Soyabean,2015-07-31,3100.0,3000.0,3250.0,1
Soyabean,2015-08-01,3100.0,3000.0,3250.0,1
Soyabean,2015-08-03,3100.0,2800.0,3250.0,1
Soyabean,2015-08-04,2900.0,2500.0,3200.0,1
Soyabean,2015-08-05,3100.0,3000.0,3250.0,1
Soyabean,2015-08-06,2900.0,2500.0,3200.0,1
Soyabean,2015-08-07,3100.0,3000.0,3200.0,1
Soyabean,2015-08-08,3050.0,2900.0,3150.0,1
Soyabean,2015-08-10,3000.0,2800.0,3150.0,1
Soyabean,2015-08-11,3100.0,3000.0,3200.0,1
Soyabean,2015-08-12,3000.0,2500.0,3250.0,1
Soyabean,2015-08-13,3100.0,3000.0,3250.0,1
Soyabean,2015-08-17,3100.0,2900.0,3250.0,1
Soyabean,2015-08-18,3200.0,2900.0,3280.0,1
Soyabean,2015-08-19,3250.0,3000.0,3450.0,1
Soyabean,2015-08-20,3250.0,3000.0,3400.0,1
Soyabean,2015-08-21,3300.0,2900.0,3400.0,1
Soyabean,2015-08-22,3200.0,3000.0,3370.0,1
Soyabean,2015-08-25,3100.0,3000.0,3250.0,1
Soyabean,2015-08-26,3150.0,3000.0,3200.0,1
Soyabean,2015-08-27,3050.0,2800.0,3225.0,1
Soyabean,2015-08-28,3150.0,3000.0,3250.0,1
Soyabean,2015-08-31,3200.0,3000.0,3250.0,1
Soyabean,2015-09-01,3100.0,3000.0,3250.0,1
Soyabean,2015-09-02,4300.0,2200.0,4700.0,1
Soyabean,2015-09-03,3200.0,2900.0,3300.0,1
Soyabean,2015-09-04,3150.0,2850.0,3250.0,1
Soyabean,2015-09-07,3250.0,2900.0,3350.0,1
Soyabean,2015-09-08,3100.0,3000.0,3240.0,1
Soyabean,2015-09-09,3150.0,2950.0,3250.0,1
Soyabean,2015-09-10,3200.0,3000.0,3250.0,1
Soyabean,2015-09-11,3200.0,2980.0,3280.0,1
Soyabean,2015-09-15,2900.0,2400.0,3350.0,1
Soyabean,2015-09-16,3150.0,3000.0,3250.0,1
Soyabean,2015-09-19,3100.0,2800.0,3250.0,1
Soyabean,2015-09-21,2900.0,2500.0,3200.0,1
Soyabean,2015-09-22,3150.0,2400.0,3250.0,1
Soyabean,2015-09-23,3150.0,2400.0,3250.0,1
Soyabean,2015-09-24,3150.0,2400.0,3250.0,1
Soyabean,2015-09-25,3250.0,2500.0,3400.0,1
Soyabean,2015-09-26,3250.0,2900.0,3400.0,1
Soyabean,2015-09-28,3250.0,3000.0,3475.0,1
Soyabean,2015-09-29,3250.0,2700.0,3450.0,1
Soyabean,2015-09-30,3275.0,3000.0,3450.0,1
Soyabean,2015-10-01,3250.0,3000.0,3500.0,1
Soyabean,2015-10-03,3300.0,2500.0,3600.0,1
Soyabean,2015-10-05,3500.0,2400.0,4100.0,1
Soyabean,2015-10-06,3600.0,3200.0,4050.0,1
Soyabean,2015-10-07,3500.0,2500.0,4100.0,1
Soyabean,2015-10-08,3500.0,2800.0,4200.0,1
Soyabean,2015-10-09,3600.0,3000.0,4200.0,1
Soyabean,2015-10-10,3700.0,2800.0,4200.0,1
Soyabean,2015-10-14,3650.0,3000.0,4200.0,1
Soyabean,2015-10-15,3500.0,2800.0,4200.0,1
Soyabean,2015-10-16,3800.0,2800.0,4100.0,1
Soyabean,2015-10-17,3600.0,2400.0,4150.0,1
Soyabean,2015-10-19,3800.0,2800.0,4100.0,1
Soyabean,2015-10-20,3500.0,2800.0,4000.0,1
Soyabean,2015-10-21,3600.0,2700.0,4050.0,1
Soyabean,2015-10-23,3600.0,3000.0,4100.0,1
Soyabean,2015-10-24,3800.0,3000.0,4100.0,1
Soyabean,2015-10-26,3650.0,2800.0,4100.0,1
Soyabean,2015-10-27,3500.0,3000.0,4100.0,1
Soyabean,2015-10-28,3500.0,3000.0,4100.0,1
Soyabean,2015-10-29,3500.0,2800.0,3900.0,1
Soyabean,2015-10-30,3600.0,2500.0,3900.0,1
Soyabean,2015-11-02,3500.0,2500.0,3900.0,1
Soyabean,2015-11-03,3500.0,2600.0,3700.0,1
Soyabean,2015-11-04,3700.0,2500.0,3900.0,1
Soyabean,2015-11-05,3500.0,2800.0,3950.0,1
Soyabean,2015-11-09,3800.0,2510.0,3900.0,1
Soyabean,2015-11-14,3650.0,2600.0,4000.0,1
Soyabean,2015-11-16,3650.0,2500.0,3850.0,1
Soyabean,2015-11-17,3700.0,2950.0,3850.0,1
Soyabean,2015-11-18,3650.0,2800.0,3850.0,1
Soyabean,2015-11-19,3700.0,2800.0,3800.0,1
Soyabean,2015-11-20,3700.0,3000.0,3900.0,1
Soyabean,2015-11-21,3500.0,2500.0,3850.0,1
Soyabean,2015-11-23,3750.0,2900.0,3950.0,1
Soyabean,2015-11-24,3650.0,2400.0,3850.0,1
Soyabean,2015-11-25,3600.0,2700.0,3900.0,1
Soyabean,2015-11-26,3650.0,2800.0,3850.0,1
Soyabean,2015-11-27,3750.0,2500.0,3850.0,1
Soyabean,2015-11-28,3700.0,3200.0,3900.0,1
Soyabean,2015-11-30,3500.0,2300.0,3810.0,1
Soyabean,2015-12-01,3700.0,2950.0,3950.0,1
Soyabean,2015-12-02,3650.0,2500.0,3900.0,1
Soyabean,2015-12-03,3650.0,2500.0,3900.0,1
Soyabean,2015-12-04,3550.0,2400.0,3900.0,1
Soyabean,2015-12-05,3600.0,2950.0,3750.0,1
Soyabean,2015-12-07,3500.0,2800.0,3750.0,1
Soyabean,2015-12-08,3600.0,2600.0,3850.0,1
Soyabean,2015-12-09,3700.0,2750.0,3875.0,1
Soyabean,2015-12-10,3600.0,2500.0,3770.0,1
Soyabean,2015-12-12,3500.0,2800.0,3750.0,1
Soyabean,2015-12-14,3700.0,3000.0,3850.0,1
Soyabean,2015-12-15,3600.0,2500.0,3785.0,1
Soyabean,2015-12-17,3600.0,2500.0,3755.0,1
Soyabean,2015-12-18,3650.0,2800.0,3900.0,1
Soyabean,2015-12-19,3625.0,2500.0,3780.0,1
Soyabean,2015-12-21,3650.0,2500.0,3800.0,1
Soyabean,2015-12-22,3600.0,2500.0,3850.0,1
Soyabean,2015-12-23,3500.0,2500.0,3850.0,1
Soyabean,2015-12-24,3730.0,2800.0,3970.0,1
Soyabean,2015-12-25,3700.0,2780.0,3835.0,1
Soyabean,2015-12-26,3700.0,2500.0,3830.0,1
Soyabean,2015-12-28,3600.0,2850.0,3820.0,1
Soyabean,2015-12-29,3600.0,2980.0,3880.0,1
Soyabean,2015-12-30,3625.0,2500.0,3835.0,1
Soyabean,2016-01-05,3700.0,2500.0,3930.0,1
Soyabean,2016-01-06,3600.0,2500.0,3800.0,1
Soyabean,2016-01-08,3600.0,2500.0,3800.0,1
Soyabean,2016-01-11,3700.0,2600.0,3800.0,1
Soyabean,2016-01-12,3600.0,3100.0,3780.0,1
Soyabean,2016-01-13,3600.0,2500.0,3790.0,1
Soyabean,2016-01-14,3650.0,2500.0,3800.0,1
Soyabean,2016-01-16,3750.0,2800.0,3850.0,1
Soyabean,2016-01-18,3750.0,2700.0,3900.0,1
Soyabean,2016-01-19,3700.0,2500.0,3900.0,1
Soyabean,2016-01-20,3700.0,2950.0,3850.0,1
Soyabean,2016-01-21,3700.0,2770.0,3885.0,1
Soyabean,2016-01-22,3700.0,2600.0,3860.0,1
Soyabean,2016-01-29,3600.0,2500.0,3790.0,1
Soyabean,2016-01-30,3700.0,2825.0,3800.0,1
Soyabean,2016-02-01,3600.0,2615.0,3795.0,1
Soyabean,2016-02-02,3600.0,2800.0,3810.0,1
Soyabean,2016-02-03,3625.0,2600.0,3825.0,1
Soyabean,2016-02-04,3700.0,2900.0,3840.0,1
Soyabean,2016-02-05,3700.0,2800.0,3860.0,1
Soyabean,2016-02-06,3700.0,2800.0,3805.0,1
Soyabean,2016-02-10,3650.0,2800.0,3795.0,1
Soyabean,2016-02-16,3325.0,2600.0,3830.0,1
Soyabean,2016-02-17,3500.0,2720.0,3850.0,1
Soyabean,2016-02-18,3725.0,2500.0,3860.0,1
Soyabean,2016-02-19,3725.0,2500.0,3870.0,1
Soyabean,2016-02-20,3750.0,2600.0,3900.0,1
Soyabean,2016-02-22,3650.0,2500.0,3855.0,1
Soyabean,2016-02-23,3700.0,2800.0,3800.0,1
Soyabean,2016-02-24,3550.0,2850.0,3780.0,1
Soyabean,2016-02-26,3600.0,2500.0,3700.0,1
Soyabean,2016-02-27,3600.0,2800.0,3750.0,1
Soyabean,2016-02-29,3600.0,2800.0,3760.0,1
Soyabean,2016-03-01,3500.0,2500.0,3655.0,1
Soyabean,2016-03-02,3400.0,2800.0,3650.0,1
Soyabean,2016-03-03,3350.0,2500.0,3600.0,1
Soyabean,2016-03-04,3350.0,2500.0,3525.0,1
Soyabean,2016-03-05,3400.0,2900.0,3550.0,1
Soyabean,2016-03-08,3450.0,2500.0,3600.0,1
Soyabean,2016-03-09,3200.0,2700.0,3600.0,1
Soyabean,2016-03-10,3600.0,2500.0,3720.0,1
Soyabean,2016-03-11,3600.0,2500.0,3720.0,1
Soyabean,2016-03-14,3600.0,2430.0,3770.0,1
Soyabean,2016-03-15,3650.0,2650.0,3795.0,1
Soyabean,2016-03-16,3650.0,2350.0,3790.0,1
Soyabean,2016-03-17,3655.0,1900.0,3795.0,1
Soyabean,2016-03-18,3700.0,2500.0,3845.0,1
Soyabean,2016-03-19,3600.0,2500.0,3735.0,1
Soyabean,2016-03-22,3700.0,2500.0,3890.0,1
Soyabean,2016-03-23,3550.0,2000.0,3760.0,1
Soyabean,2016-03-25,3650.0,2500.0,3910.0,1
Soyabean,2016-03-26,3700.0,2500.0,3890.0,1
Soyabean,2016-03-29,3600.0,2600.0,3740.0,1
Soyabean,2016-03-30,3700.0,2900.0,3900.0,1
Soyabean,2016-04-01,3755.0,3000.0,3921.0,1
Soyabean,2016-04-02,3850.0,3000.0,4005.0,1
Soyabean,2016-04-04,3795.0,2100.0,4035.0,1
Soyabean,2016-04-05,3850.0,2500.0,3980.0,1
Soyabean,2016-04-06,3750.0,1100.0,4100.0,1
Soyabean,2016-04-08,3600.0,3200.0,3950.0,1
Soyabean,2016-04-11,3900.0,3000.0,4045.0,1
Soyabean,2016-04-12,3900.0,3000.0,4100.0,1
Soyabean,2016-04-13,3840.0,2500.0,4080.0,1
Soyabean,2016-04-16,4015.0,3000.0,4170.0,1
Soyabean,2016-04-18,4000.0,2550.0,4190.0,1
Soyabean,2016-04-20,3900.0,2800.0,4100.0,1
Soyabean,2016-04-21,3975.0,2800.0,4165.0,1
Soyabean,2016-04-23,3950.0,3000.0,4150.0,1
Soyabean,2016-04-25,3950.0,2500.0,4130.0,1
Soyabean,2016-04-26,3950.0,2500.0,4090.0,1
Soyabean,2016-04-27,3950.0,2500.0,4085.0,1
Soyabean,2016-04-28,3900.0,3000.0,4065.0,1
Soyabean,2016-04-29,3900.0,2500.0,4150.0,1
Soyabean,2016-04-30,3850.0,2500.0,4085.0,1
Soyabean,2016-05-02,3950.0,2650.0,4135.0,1
Soyabean,2016-05-03,3900.0,2750.0,4200.0,1
Soyabean,2016-05-04,3900.0,2600.0,4305.0,1
Soyabean,2016-05-05,3950.0,2850.0,4355.0,1
Soyabean,2016-05-07,3950.0,2500.0,4080.0,1
Soyabean,2016-05-10,3925.0,2800.0,4130.0,1
Soyabean,2016-05-11,3985.0,2800.0,4120.0,1
Soyabean,2016-05-12,3850.0,2700.0,4070.0,1
Soyabean,2016-05-13,3900.0,3000.0,4200.0,1
Soyabean,2016-05-14,3775.0,2800.0,4150.0,1
Soyabean,2016-05-16,3800.0,2800.0,4055.0,1
Soyabean,2016-05-17,3800.0,2600.0,4020.0,1
Soyabean,2016-05-18,3800.0,2700.0,4050.0,1
Soyabean,2016-05-19,3800.0,2800.0,4000.0,1
Soyabean,2016-05-20,3850.0,3000.0,4050.0,1
Soyabean,2016-05-21,3900.0,2800.0,4000.0,1
Soyabean,2016-05-23,3800.0,2600.0,3985.0,1
Soyabean,2016-05-24,3850.0,2700.0,4020.0,1
Soyabean,2016-05-25,3880.0,2700.0,3970.0,1
Soyabean,2016-05-26,3700.0,2750.0,3930.0,1
Soyabean,2016-05-27,3750.0,2500.0,3985.0,1
Soyabean,2016-05-28,3800.0,2555.0,4070.0,1
Soyabean,2016-05-30,3800.0,2500.0,3950.0,1
Soyabean,2016-05-31,3750.0,2550.0,3865.0,1
Soyabean,2016-06-02,3550.0,2700.0,3880.0,1
Soyabean,2016-06-03,3780.0,2150.0,3980.0,1
Soyabean,2016-06-06,3650.0,2550.0,4050.0,1
Soyabean,2016-06-07,3650.0,2600.0,3985.0,1
Soyabean,2016-06-08,3750.0,2500.0,3990.0,1
Soyabean,2016-06-09,3800.0,2600.0,3975.0,1
Soyabean,2016-06-10,3750.0,2000.0,4015.0,1
Soyabean,2016-06-11,3700.0,1000.0,4175.0,1
Soyabean,2016-06-14,3650.0,2500.0,4155.0,1
Soyabean,2016-06-15,3600.0,2550.0,3930.0,1
Soyabean,2016-06-16,3650.0,2700.0,3960.0,1
Soyabean,2016-06-17,3675.0,2450.0,3830.0,1
Soyabean,2016-06-20,3600.0,2500.0,3880.0,1
Soyabean,2016-06-21,3600.0,3000.0,3800.0,1
Soyabean,2016-06-22,3700.0,3000.0,3900.0,1
Soyabean,2016-06-23,3600.0,3000.0,3850.0,1
Soyabean,2016-06-24,3600.0,3000.0,3850.0,1
Soyabean,2016-06-25,3650.0,2005.0,4000.0,1
Soyabean,2016-06-27,3600.0,2500.0,3850.0,1
Soyabean,2016-06-28,3600.0,2500.0,3905.0,1
Soyabean,2016-06-29,3650.0,2500.0,3850.0,1
Soyabean,2016-06-30,3650.0,2600.0,3850.0,1
Soyabean,2016-07-01,3650.0,2500.0,3850.0,1
Soyabean,2016-07-02,3650.0,3000.0,3800.0,1
Soyabean,2016-07-05,3600.0,2500.0,3815.0,1
Soyabean,2016-07-09,3550.0,2500.0,3665.0,1
Soyabean,2016-07-11,3585.0,2050.0,3775.0,1
Soyabean,2016-07-12,3650.0,2500.0,3780.0,1
Soyabean,2016-07-13,3650.0,2500.0,3740.0,1
Soyabean,2016-07-14,3650.0,2500.0,3750.0,1
Soyabean,2016-07-16,3550.0,2500.0,3695.0,1
Soyabean,2016-07-17,3550.0,2550.0,3685.0,1
Soyabean,2016-07-19,3500.0,2805.0,3695.0,1
Soyabean,2016-07-20,3550.0,2500.0,3650.0,1
Soyabean,2016-07-21,3600.0,2500.0,3800.0,1
Soyabean,2016-07-22,3620.0,2500.0,3700.0,1
Soyabean,2016-07-23,3600.0,2500.0,3750.0,1
Soyabean,2016-07-25,3600.0,2500.0,3685.0,1
Soyabean,2016-07-26,3600.0,2500.0,3690.0,1
Soyabean,2016-07-27,3600.0,2600.0,3675.0,1
Soyabean,2016-07-28,3550.0,2700.0,3680.0,1
Soyabean,2016-07-29,3550.0,2605.0,3670.0,1
Soyabean,2016-07-30,3550.0,2500.0,3650.0,1
Soyabean,2016-08-01,3500.0,2800.0,3700.0,1
Soyabean,2016-08-03,3600.0,2500.0,3675.0,1
Soyabean,2016-08-05,3650.0,2600.0,3750.0,1
Soyabean,2016-08-06,3500.0,2500.0,3650.0,1
Soyabean,2016-08-08,3650.0,2600.0,3700.0,1
Soyabean,2016-08-09,3550.0,2600.0,3650.0,1
Soyabean,2016-08-10,3550.0,2500.0,3680.0,1
Soyabean,2016-08-11,3650.0,2600.0,3700.0,1
Soyabean,2016-08-12,3620.0,2060.0,3680.0,1
Soyabean,2016-08-13,3600.0,2550.0,3675.0,1
Soyabean,2016-08-16,3600.0,2350.0,3800.0,1
Soyabean,2016-08-17,3650.0,2500.0,3700.0,1
Soyabean,2016-08-19,3600.0,2500.0,3800.0,1
Soyabean,2016-08-20,3550.0,2600.0,3605.0,1
Soyabean,2016-08-23,3600.0,2500.0,3640.0,1
Soyabean,2016-08-24,3600.0,2500.0,3680.0,1
Soyabean,2016-08-26,3375.0,2800.0,3485.0,1
Soyabean,2016-08-27,3500.0,2600.0,3600.0,1
Soyabean,2016-08-29,3200.0,2500.0,3385.0,1
Soyabean,2016-08-30,3200.0,2500.0,3300.0,1
Soyabean,2016-08-31,3400.0,2200.0,3555.0,1
Soyabean,2016-09-02,3200.0,2400.0,3310.0,1
Soyabean,2016-09-03,3300.0,2750.0,3400.0,1
Soyabean,2016-09-05,3300.0,2500.0,3455.0,1
Soyabean,2016-09-07,3350.0,2500.0,3500.0,1
Soyabean,2016-09-08,3200.0,2390.0,3365.0,1
Soyabean,2016-09-09,3250.0,2560.0,3400.0,1
Soyabean,2016-09-10,3500.0,2500.0,3705.0,1
Soyabean,2016-09-13,3300.0,2750.0,3971.0,1
Soyabean,2016-09-15,3250.0,2600.0,3375.0,1
Soyabean,2016-09-16,3250.0,2500.0,3415.0,1
Soyabean,2016-09-19,3300.0,2525.0,3445.0,1
Soyabean,2016-09-20,3325.0,1300.0,3385.0,1
Soyabean,2016-09-21,3250.0,2500.0,3480.0,1
Soyabean,2016-09-22,3250.0,2500.0,3430.0,1
Soyabean,2016-09-26,2800.0,2200.0,3290.0,1
Soyabean,2016-09-27,2800.0,2560.0,3205.0,1
Soyabean,2016-09-28,2800.0,2640.0,3295.0,1
Soyabean,2016-09-29,2900.0,2500.0,3250.0,1
Soyabean,2016-10-04,2900.0,2600.0,3230.0,1
Soyabean,2016-10-05,2800.0,2520.0,3195.0,1
Soyabean,2016-10-06,2900.0,2520.0,3240.0,1
Soyabean,2016-10-07,2900.0,2500.0,3180.0,1
Soyabean,2016-10-08,2900.0,2600.0,3280.0,1
Soyabean,2016-10-10,2950.0,2500.0,3180.0,1
Soyabean,2016-10-12,2800.0,2500.0,3090.0,1
Soyabean,2016-10-13,2900.0,2500.0,3045.0,1
Soyabean,2016-10-14,2800.0,2600.0,3000.0,1
Soyabean,2016-10-15,2850.0,2500.0,3005.0,1
Soyabean,2016-10-17,2800.0,2500.0,3095.0,1
Soyabean,2016-10-18,2850.0,2600.0,3045.0,1
Soyabean,2016-10-19,2850.0,2510.0,3055.0,1
Soyabean,2016-10-20,2850.0,2500.0,3100.0,1
Soyabean,2016-10-21,2890.0,2500.0,3110.0,1
Soyabean,2016-10-22,2890.0,2500.0,3110.0,1
Soyabean,2016-10-24,2900.0,2500.0,3100.0,1
Soyabean,2016-10-25,2800.0,1800.0,3150.0,1
Soyabean,2016-10-26,2800.0,1500.0,3200.0,1
Soyabean,2016-10-27,2900.0,2500.0,3285.0,1
Soyabean,2016-10-28,3000.0,2500.0,3280.0,1
Soyabean,2016-11-02,2950.0,2550.0,4001.0,1
Soyabean,2016-11-03,2900.0,2500.0,3130.0,1
Soyabean,2016-11-04,2950.0,2500.0,3300.0,1
Soyabean,2016-11-05,2900.0,2500.0,3200.0,1
Soyabean,2016-11-07,3000.0,2500.0,3250.0,1
Soyabean,2016-11-08,2950.0,2500.0,3000.0,1
Soyabean,2016-11-16,2600.0,2000.0,2750.0,1
Soyabean,2016-11-17,2700.0,2160.0,2860.0,1
Soyabean,2016-11-18,2900.0,2500.0,3005.0,1
Soyabean,2016-11-19,2850.0,2555.0,3055.0,1
Soyabean,2016-11-21,2850.0,2200.0,3085.0,1
Soyabean,2016-11-22,2800.0,2500.0,3090.0,1
Soyabean,2016-11-23,2850.0,2500.0,3080.0,1
Soyabean,2016-11-24,2900.0,2500.0,3102.0,1
Soyabean,2016-11-29,2850.0,2200.0,3120.0,1
Soyabean,2016-11-30,2850.0,2100.0,3100.0,1
Soyabean,2016-12-01,2850.0,2500.0,3050.0,1
Soyabean,2016-12-03,2900.0,2500.0,3050.0,1
Soyabean,2016-12-05,2900.0,2560.0,3100.0,1
Soyabean,2016-12-07,3000.0,2500.0,3090.0,1
Soyabean,2016-12-08,2900.0,2450.0,2990.0,1
Soyabean,2016-12-09,2900.0,2450.0,2995.0,1
Soyabean,2016-12-10,2950.0,2500.0,3300.0,1
Soyabean,2016-12-12,2800.0,2400.0,2960.0,1
Soyabean,2016-12-13,2910.0,1805.0,3000.0,1
Soyabean,2016-12-16,2900.0,2600.0,3030.0,1
Soyabean,2016-12-17,2900.0,2500.0,3065.0,1
Soyabean,2016-12-19,2950.0,2400.0,3020.0,1
Soyabean,2016-12-20,2950.0,2200.0,3050.0,1
Soyabean,2016-12-21,2850.0,2200.0,2950.0,1
Soyabean,2016-12-23,2850.0,2200.0,2950.0,1
Soyabean,2016-12-26,2850.0,2500.0,2950.0,1
Soyabean,2016-12-27,2900.0,2500.0,3020.0,1
Soyabean,2016-12-28,2900.0,2400.0,3050.0,1
Soyabean,2016-12-29,2850.0,1950.0,2950.0,1
Soyabean,2016-12-30,2935.0,1780.0,3065.0,1
Soyabean,2016-12-31,2850.0,2350.0,3020.0,1
Soyabean,2017-01-02,2850.0,2500.0,2950.0,1
Soyabean,2017-01-03,2900.0,2500.0,3100.0,1
Soyabean,2017-01-04,2880.0,2600.0,3040.0,1
Soyabean,2017-01-05,2880.0,2560.0,3080.0,1
Soyabean,2017-01-06,2975.0,2560.0,3120.0,1
Soyabean,2017-01-09,2905.0,1525.0,2990.0,1
Soyabean,2017-01-10,2850.0,2500.0,2990.0,1
Soyabean,2017-01-11,2900.0,2500.0,2970.0,1
Soyabean,2017-01-12,2925.0,2500.0,3090.0,1
Soyabean,2017-01-13,2850.0,2500.0,2990.0,1
Soyabean,2017-01-16,2900.0,2500.0,3020.0,1
Soyabean,2017-01-17,2900.0,2500.0,3040.0,1
Soyabean,2017-01-18,2900.0,2500.0,3050.0,1
Soyabean,2017-01-19,2950.0,2550.0,3070.0,1
Soyabean,2017-01-20,2850.0,2500.0,3085.0,1
Soyabean,2017-01-21,2860.0,2500.0,2990.0,1
Soyabean,2017-01-24,2900.0,2500.0,3000.0,1
Soyabean,2017-01-28,2850.0,2500.0,2950.0,1
Soyabean,2017-01-30,2880.0,2500.0,3005.0,1
Soyabean,2017-01-31,2875.0,1400.0,3025.0,1
Soyabean,2017-02-03,2900.0,2555.0,3010.0,1
Soyabean,2017-02-04,2975.0,2500.0,2975.0,1
Soyabean,2017-02-06,2850.0,2500.0,2950.0,1
Soyabean,2017-02-07,2900.0,2500.0,3075.0,1
Soyabean,2017-02-08,2900.0,2500.0,3090.0,1
Soyabean,2017-02-09,2875.0,1200.0,3005.0,1
Soyabean,2017-02-10,2875.0,1200.0,3005.0,1
Soyabean,2017-02-11,2875.0,2500.0,3100.0,1
Soyabean,2017-02-13,2850.0,2560.0,2960.0,1
Soyabean,2017-02-14,2800.0,2500.0,2925.0,1
Soyabean,2017-02-15,2800.0,2500.0,2940.0,1
Soyabean,2017-02-16,2800.0,2450.0,3000.0,1
Soyabean,2017-02-17,2800.0,2400.0,2875.0,1
Soyabean,2017-02-18,2800.0,2400.0,2880.0,1
Soyabean,2017-02-20,2780.0,2550.0,2860.0,1
Soyabean,2017-02-21,2850.0,700.0,2895.0,1
Soyabean,2017-02-22,2810.0,730.0,2875.0,1
Soyabean,2017-02-23,2800.0,2700.0,2890.0,1
Soyabean,2017-02-28,2950.0,500.0,2955.0,1
Soyabean,2017-03-01,3005.0,1600.0,3005.0,1
Soyabean,2017-03-02,2870.0,1375.0,3020.0,1
Soyabean,2017-03-03,2800.0,2000.0,2910.0,1
Soyabean,2017-03-04,2870.0,2000.0,2950.0,1
Soyabean,2017-03-06,2790.0,2500.0,2915.0,1
Soyabean,2017-03-07,2870.0,2000.0,2965.0,1
Soyabean,2017-03-09,2800.0,2500.0,2920.0,1
Soyabean,2017-03-10,2885.0,2505.0,2930.0,1
Soyabean,2017-03-11,2935.0,2500.0,2935.0,1
Soyabean,2017-03-14,2885.0,2000.0,2930.0,1
Soyabean,2017-03-15,2800.0,1475.0,2925.0,1
Soyabean,2017-03-16,2920.0,1450.0,2930.0,1
Soyabean,2017-03-18,2880.0,1900.0,2950.0,1
Soyabean,2017-03-20,2865.0,1805.0,2970.0,1
Soyabean,2017-03-21,2900.0,1500.0,2985.0,1
Soyabean,2017-03-22,2885.0,1485.0,2950.0,1
Soyabean,2017-03-24,2925.0,1650.0,2960.0,1
Soyabean,2017-03-25,2925.0,1650.0,2960.0,1
Soyabean,2017-03-27,2915.0,1500.0,2940.0,1
Soyabean,2017-03-29,2800.0,2600.0,2890.0,1
Soyabean,2017-03-30,2890.0,2200.0,2935.0,1
Soyabean,2017-03-31,2780.0,1500.0,2920.0,1
Soyabean,2017-04-01,2700.0,2000.0,2915.0,1
Soyabean,2017-04-04,2850.0,1800.0,2950.0,1
Soyabean,2017-04-06,2845.0,1800.0,2980.0,1
Soyabean,2017-04-07,2880.0,1870.0,2975.0,1
Soyabean,2017-04-08,2930.0,1500.0,2950.0,1
Soyabean,2017-04-10,2950.0,1100.0,2960.0,1
Soyabean,2017-04-12,2920.0,2500.0,2960.0,1
Soyabean,2017-04-13,2950.0,1500.0,2975.0,1
Soyabean,2017-04-15,2925.0,1000.0,2995.0,1
Soyabean,2017-04-17,2920.0,1000.0,3015.0,1
Soyabean,2017-04-18,2900.0,1500.0,3000.0,1
Soyabean,2017-04-19,2950.0,1500.0,3015.0,1
Soyabean,2017-04-20,2965.0,500.0,3020.0,1
Soyabean,2017-04-21,3000.0,1500.0,3060.0,1
Soyabean,2017-04-22,2990.0,1800.0,3050.0,1
Soyabean,2017-04-24,2900.0,2500.0,3035.0,1
Soyabean,2017-04-27,3005.0,1760.0,3040.0,1
Soyabean,2017-04-28,2985.0,2030.0,3025.0,1
Soyabean,2017-05-01,3000.0,1260.0,3030.0,1
Soyabean,2017-05-02,2995.0,1000.0,3045.0,1
Soyabean,2017-05-03,2980.0,1400.0,3040.0,1
Soyabean,2017-05-04,2975.0,1600.0,3020.0,1
Soyabean,2017-05-05,2950.0,1500.0,3015.0,1
Soyabean,2017-05-06,2930.0,1800.0,3025.0,1
Soyabean,2017-05-08,2990.0,1800.0,3040.0,1
Soyabean,2017-05-09,2965.0,1210.0,3015.0,1
Soyabean,2017-05-10,2945.0,1750.0,3030.0,1
Soyabean,2017-05-11,2900.0,1500.0,2985.0,1
Soyabean,2017-05-12,2880.0,1750.0,2970.0,1
Soyabean,2017-05-13,2925.0,1700.0,3030.0,1
Soyabean,2017-05-15,2930.0,1680.0,2945.0,1
Soyabean,2017-05-16,2790.0,1910.0,2940.0,1
Soyabean,2017-05-17,2830.0,1805.0,2940.0,1
Soyabean,2017-05-18,2850.0,2600.0,2950.0,1
Soyabean,2017-05-19,2765.0,1500.0,2925.0,1
Soyabean,2017-05-20,2780.0,1500.0,2865.0,1
Soyabean,2017-05-22,2855.0,1550.0,2855.0,1
Soyabean,2017-05-23,2855.0,1666.0,2955.0,1
Soyabean,2017-05-24,2750.0,1000.0,2875.0,1
Soyabean,2017-05-25,2750.0,1000.0,2875.0,1
Soyabean,2017-05-26,2780.0,2500.0,2865.0,1
Soyabean,2017-05-27,2895.0,555.0,2895.0,1
Soyabean,2017-06-21,2865.0,800.0,2965.0,1
Soyabean,2017-06-22,2840.0,1125.0,2975.0,1
Soyabean,2017-06-26,2870.0,1400.0,3025.0,1
Soyabean,2017-06-27,2870.0,500.0,3080.0,1
Soyabean,2017-06-29,2850.0,2600.0,2940.0,1
Soyabean,2017-07-05,2800.0,1600.0,2925.0,1
Soyabean,2017-07-06,2800.0,620.0,2940.0,1
Soyabean,2017-07-07,2800.0,2500.0,2900.0,1
Soyabean,2017-07-08,2840.0,2500.0,2980.0,1
Soyabean,2017-07-14,2875.0,2500.0,2990.0,1
Soyabean,2017-07-17,3900.0,1000.0,3900.0,1
Soyabean,2017-07-18,2870.0,2000.0,3015.0,1
Soyabean,2017-07-19,2955.0,2855.0,2955.0,1
Soyabean,2017-07-20,2845.0,2500.0,2955.0,1
Soyabean,2017-07-22,2830.0,1500.0,2940.0,1
Soyabean,2017-07-27,2810.0,1500.0,2880.0,1
Soyabean,2017-07-28,2845.0,1500.0,2885.0,1
Soyabean,2017-07-29,2860.0,1280.0,2905.0,1
Soyabean,2017-07-31,2845.0,1500.0,2900.0,1
Soyabean,2017-08-01,2830.0,1820.0,2905.0,1
Soyabean,2017-08-03,2865.0,1500.0,2865.0,1
Soyabean,2017-08-04,2830.0,1000.0,2830.0,1
Soyabean,2017-08-05,2830.0,1500.0,2925.0,1
Soyabean,2017-08-08,2760.0,1605.0,2880.0,1
Soyabean,2017-08-09,2855.0,1500.0,2905.0,1
Soyabean,2017-08-10,2880.0,1500.0,2910.0,1
Soyabean,2017-08-11,2820.0,1500.0,2895.0,1
Soyabean,2017-08-12,2965.0,1100.0,2985.0,1
Soyabean,2017-08-14,2920.0,1800.0,2985.0,1
Soyabean,2017-08-16,2990.0,1750.0,3015.0,1
Soyabean,2017-08-18,3015.0,1600.0,3035.0,1
Soyabean,2017-08-19,3020.0,1505.0,3030.0,1
Soyabean,2017-08-22,3020.0,1200.0,3050.0,1
Soyabean,2017-08-23,3070.0,1125.0,3100.0,1
Soyabean,2017-08-24,3080.0,1500.0,3120.0,1
Soyabean,2017-08-28,3075.0,1000.0,3135.0,1
Soyabean,2017-08-29,3050.0,1105.0,3100.0,1
Soyabean,2017-08-30,2980.0,2500.0,3080.0,1
Soyabean,2017-08-31,2955.0,1100.0,3075.0,1
Soyabean,2017-09-02,2980.0,1000.0,3721.0,1
Soyabean,2017-09-04,2950.0,600.0,3015.0,1
Soyabean,2017-09-06,2875.0,600.0,3040.0,1
Soyabean,2017-09-07,2940.0,1800.0,3040.0,1
Soyabean,2017-09-08,1641.0,1540.0,2019.0,1
Soyabean,2017-09-09,2950.0,2000.0,3040.0,1
Soyabean,2017-09-11,2925.0,2000.0,3010.0,1
Soyabean,2017-09-12,2925.0,2000.0,3035.0,1
Soyabean,2017-09-13,2925.0,2000.0,3040.0,1
Soyabean,2017-09-14,2925.0,2000.0,3090.0,1
Soyabean,2017-09-15,2930.0,2000.0,3070.0,1
Soyabean,2017-09-16,2925.0,2000.0,3075.0,1
Soyabean,2017-09-18,2950.0,2000.0,3090.0,1
Soyabean,2017-09-19,3080.0,615.0,3110.0,1
Soyabean,2017-09-22,3000.0,2000.0,3110.0,1
Soyabean,2017-09-23,2970.0,2000.0,3170.0,1
Soyabean,2017-09-25,2900.0,2000.0,3135.0,1
Soyabean,2017-09-26,2930.0,2000.0,3090.0,1
Soyabean,2017-09-27,2950.0,2000.0,3100.0,1
Soyabean,2017-09-28,2950.0,2000.0,3135.0,1
Soyabean,2017-09-29,2950.0,2000.0,3100.0,1
Soyabean,2017-10-03,2900.0,2000.0,3060.0,1
Soyabean,2017-10-04,2950.0,2000.0,3060.0,1
Soyabean,2017-10-05,2950.0,2000.0,3060.0,1
Soyabean,2017-10-06,2950.0,2000.0,3035.0,1
Soyabean,2017-10-07,2950.0,2000.0,3015.0,1
Soyabean,2017-10-09,2850.0,2000.0,2965.0,1
Soyabean,2017-10-10,2800.0,2000.0,2980.0,1
Soyabean,2017-10-11,2800.0,2000.0,2905.0,1
Soyabean,2017-10-12,2800.0,2000.0,2905.0,1
Soyabean,2017-10-13,2800.0,2000.0,2930.0,1
Soyabean,2017-10-14,2800.0,2000.0,2930.0,1
Soyabean,2017-10-16,1406.0,1061.0,1406.0,1
Soyabean,2017-10-17,2800.0,2000.0,2950.0,1
Soyabean,2017-10-23,2900.0,2000.0,4611.0,1
Soyabean,2017-10-24,2800.0,2000.0,2985.0,1
Soyabean,2017-10-25,2750.0,2000.0,2935.0,1
Soyabean,2017-10-26,2700.0,2000.0,2865.0,1
Soyabean,2017-10-27,2700.0,2000.0,2865.0,1
Soyabean,2017-10-28,2700.0,2000.0,2865.0,1
Soyabean,2017-10-30,2700.0,2000.0,2850.0,1
Soyabean,2017-10-31,2600.0,2000.0,2760.0,1
Soyabean,2017-11-01,2700.0,2000.0,2820.0,1
Soyabean,2017-11-02,2600.0,2000.0,2780.0,1
Soyabean,2017-11-03,2650.0,2000.0,2805.0,1
Soyabean,2017-11-04,2650.0,2000.0,2755.0,1
Soyabean,2017-11-06,2600.0,2000.0,2790.0,1
Soyabean,2017-11-08,2650.0,2000.0,2830.0,1
Soyabean,2017-11-09,2650.0,2000.0,2850.0,1
Soyabean,2017-11-10,2600.0,2000.0,2780.0,1
Soyabean,2017-11-11,2600.0,2000.0,2770.0,1
Soyabean,2017-11-13,2600.0,2000.0,2785.0,1
Soyabean,2017-11-14,2600.0,2000.0,2720.0,1
Soyabean,2017-11-15,2600.0,2000.0,2765.0,1
Soyabean,2017-11-16,2700.0,2000.0,2820.0,1
Soyabean,2017-11-17,2600.0,2000.0,2785.0,1
Soyabean,2017-11-20,2700.0,2000.0,2830.0,1
Soyabean,2017-11-21,2700.0,2000.0,2845.0,1
Soyabean,2017-11-22,2750.0,2000.0,2845.0,1
Soyabean,2017-11-23,2800.0,2000.0,2920.0,1
Soyabean,2017-11-24,2900.0,2000.0,3000.0,1
Soyabean,2017-11-25,2800.0,2000.0,2985.0,1
Soyabean,2017-11-27,2900.0,2000.0,3010.0,1
Soyabean,2017-11-28,2900.0,2000.0,3055.0,1
Soyabean,2017-11-29,2950.0,2000.0,3060.0,1
Soyabean,2017-11-30,2950.0,2000.0,3070.0,1
Soyabean,2017-12-01,2900.0,2000.0,3025.0,1
Soyabean,2017-12-02,2900.0,2000.0,3045.0,1
Soyabean,2017-12-04,2900.0,2000.0,3075.0,1
Soyabean,2017-12-05,2950.0,2000.0,3080.0,1
Soyabean,2017-12-07,3050.0,2000.0,3150.0,1
Soyabean,2017-12-09,3050.0,2000.0,3135.0,1
Soyabean,2017-12-11,3000.0,2000.0,3100.0,1
Soyabean,2017-12-12,3000.0,2000.0,3100.0,1
Soyabean,2017-12-13,3000.0,2000.0,3125.0,1
Soyabean,2017-12-14,2930.0,2000.0,3090.0,1
Soyabean,2017-12-15,2930.0,2000.0,3080.0,1
Soyabean,2017-12-16,2950.0,2000.0,3075.0,1
Soyabean,2017-12-19,2950.0,2000.0,3100.0,1
Soyabean,2017-12-20,2950.0,2000.0,3110.0,1
Soyabean,2017-12-21,2950.0,2000.0,3080.0,1
Soyabean,2017-12-22,2950.0,2000.0,3070.0,1
Soyabean,2017-12-23,3000.0,2000.0,3090.0,1
Soyabean,2017-12-25,2900.0,2000.0,3070.0,1
Soyabean,2017-12-26,3000.0,2000.0,3100.0,1
Soyabean,2017-12-27,3000.0,2000.0,3190.0,1
Soyabean,2017-12-28,3000.0,2000.0,3165.0,1
Soyabean,2017-12-29,3050.0,2000.0,3205.0,1
Soyabean,2018-01-01,3000.0,2000.0,3165.0,1
Soyabean,2018-01-02,3000.0,2000.0,3100.0,1
Soyabean,2018-01-03,3050.0,2000.0,3160.0,1
Soyabean,2018-01-04,3000.0,2000.0,3150.0,1
Soyabean,2018-01-05,3050.0,2000.0,3225.0,1
Soyabean,2018-01-06,3100.0,2000.0,3350.0,1
Soyabean,2018-01-08,3050.0,2000.0,3285.0,1
Soyabean,2018-01-09,3100.0,2000.0,3305.0,1
Soyabean,2018-01-10,3100.0,2000.0,3285.0,1
Soyabean,2018-01-11,3100.0,2000.0,3400.0,1
Soyabean,2018-01-12,3100.0,2000.0,3280.0,1
Soyabean,2018-01-13,3200.0,2000.0,3405.0,1
Soyabean,2018-01-15,3100.0,2000.0,3335.0,1
Soyabean,2018-01-16,3100.0,2000.0,3375.0,1
Soyabean,2018-01-18,3100.0,2000.0,3380.0,1
Soyabean,2018-01-19,3100.0,2000.0,3380.0,1
Soyabean,2018-01-20,3200.0,2000.0,3415.0,1
Soyabean,2018-01-22,3200.0,2000.0,3410.0,1
Soyabean,2018-01-23,3200.0,2000.0,3505.0,1
Soyabean,2018-01-24,3200.0,2000.0,3540.0,1
Soyabean,2018-01-25,3200.0,2000.0,3560.0,1
Soyabean,2018-01-27,3300.0,2000.0,3640.0,1
Soyabean,2018-01-29,3530.0,2000.0,3770.0,1
Soyabean,2018-01-30,3300.0,2000.0,3950.0,1
Soyabean,2018-01-31,3500.0,2000.0,3915.0,1
Soyabean,2018-02-01,3500.0,2000.0,3830.0,1
Soyabean,2018-02-02,3500.0,2000.0,3705.0,1
Soyabean,2018-02-03,3500.0,2000.0,3695.0,1
Soyabean,2018-02-05,3500.0,2000.0,3670.0,1
Soyabean,2018-02-06,3300.0,2000.0,3520.0,1
Soyabean,2018-02-07,3400.0,2000.0,3620.0,1
Soyabean,2018-02-08,3500.0,2000.0,3780.0,1
Soyabean,2018-02-09,3500.0,2000.0,3695.0,1
Soyabean,2018-02-10,3500.0,2000.0,3740.0,1
Soyabean,2018-02-14,3600.0,2000.0,3810.0,1
Soyabean,2018-02-16,3500.0,2000.0,3765.0,1
Soyabean,2018-02-17,3600.0,2000.0,3830.0,1
Soyabean,2018-02-19,3600.0,2000.0,3860.0,1
Soyabean,2018-02-20,3500.0,2000.0,3725.0,1
Soyabean,2018-02-21,3500.0,2000.0,3780.0,1
Soyabean,2018-02-22,3600.0,2000.0,3770.0,1
Soyabean,2018-02-23,3600.0,2000.0,3770.0,1
Soyabean,2018-02-24,3500.0,2000.0,3700.0,1
Soyabean,2018-02-26,3600.0,2000.0,3710.0,1
Soyabean,2018-02-27,3600.0,2000.0,3820.0,1
Soyabean,2018-02-28,3600.0,2000.0,3750.0,1
Soyabean,2018-03-01,3600.0,2000.0,3795.0,1
Soyabean,2018-03-03,3600.0,2000.0,3770.0,1
Soyabean,2018-03-05,3600.0,2000.0,3825.0,1
Soyabean,2018-03-07,3600.0,2000.0,3770.0,1
Soyabean,2018-03-08,3600.0,2000.0,3735.0,1
Soyabean,2018-03-09,3600.0,2000.0,3730.0,1
Soyabean,2018-03-10,3600.0,2000.0,3800.0,1
Soyabean,2018-03-14,3600.0,2000.0,3780.0,1
Soyabean,2018-03-15,3500.0,2000.0,3660.0,1
Soyabean,2018-03-16,3500.0,2000.0,3670.0,1
Soyabean,2018-03-19,3550.0,3300.0,3690.0,1
Soyabean,2018-03-20,3600.0,2000.0,3725.0,1
Soyabean,2018-03-21,3600.0,2000.0,3795.0,1
Soyabean,2018-03-22,3600.0,2000.0,3700.0,1
Soyabean,2018-03-23,3650.0,2000.0,3810.0,1
Soyabean,2018-03-24,3600.0,2000.0,3750.0,1
Soyabean,2018-03-26,3500.0,2000.0,3660.0,1
Soyabean,2018-03-27,3650.0,2000.0,3800.0,1
Soyabean,2018-03-28,3700.0,2000.0,3800.0,1
Soyabean,2018-04-02,3700.0,2000.0,3830.0,1
Soyabean,2018-04-03,3600.0,2000.0,3860.0,1
Soyabean,2018-04-04,3700.0,2000.0,3880.0,1
Soyabean,2018-04-05,3600.0,2000.0,3865.0,1
Soyabean,2018-04-06,3600.0,2000.0,3805.0,1
Soyabean,2018-04-07,3600.0,2000.0,3805.0,1
Soyabean,2018-04-09,3600.0,2050.0,3860.0,1
Soyabean,2018-04-10,3645.0,2000.0,3880.0,1
Soyabean,2018-04-11,3670.0,2000.0,3910.0,1
Soyabean,2018-04-12,3600.0,2000.0,3815.0,1
Soyabean,2018-04-13,3665.0,2000.0,3905.0,1
Soyabean,2018-04-17,3600.0,2000.0,3735.0,1
Soyabean,2018-04-18,3600.0,2000.0,3755.0,1
Soyabean,2018-04-19,3600.0,2000.0,3800.0,1
Soyabean,2018-04-23,3600.0,2000.0,3760.0,1
Soyabean,2018-04-24,3600.0,2000.0,3725.0,1
Soyabean,2018-04-25,3600.0,2000.0,3750.0,1
Soyabean,2018-04-26,3500.0,2000.0,3670.0,1
Soyabean,2018-04-27,3600.0,2000.0,3680.0,1
Soyabean,2018-04-28,3500.0,2000.0,3640.0,1
Soyabean,2018-05-01,3600.0,2000.0,3700.0,1
Soyabean,2018-05-07,3600.0,2000.0,3750.0,1
Soyabean,2018-05-08,3600.0,2000.0,3715.0,1
Soyabean,2018-05-09,3600.0,2000.0,3800.0,1
Soyabean,2018-05-10,3600.0,2000.0,3730.0,1
Soyabean,2018-05-11,3600.0,2000.0,3725.0,1
Soyabean,2018-05-12,3600.0,2000.0,3720.0,1
Soyabean,2018-05-14,3600.0,2000.0,3880.0,1
Soyabean,2018-05-16,3600.0,2000.0,3715.0,1
Soyabean,2018-05-17,3500.0,2000.0,3675.0,1
Soyabean,2018-05-18,3600.0,2000.0,3790.0,1
Soyabean,2018-05-19,3500.0,2000.0,3680.0,1
Soyabean,2018-05-21,3600.0,2000.0,3760.0,1
Soyabean,2018-05-22,3500.0,2000.0,3690.0,1
Soyabean,2018-05-23,3600.0,2000.0,3785.0,1
Soyabean,2018-05-25,3500.0,2000.0,3665.0,1
Soyabean,2018-05-26,3500.0,2000.0,3655.0,1
Soyabean,2018-05-28,3500.0,2000.0,3645.0,1
Soyabean,2018-05-29,3475.0,2000.0,3575.0,1
Soyabean,2018-05-30,3500.0,2000.0,3500.0,1
Soyabean,2018-06-02,3300.0,3300.0,3305.0,1
Soyabean,2018-06-04,3350.0,2300.0,3535.0,1
Soyabean,2018-06-05,3350.0,2000.0,3445.0,1
Soyabean,2018-06-06,3350.0,2000.0,3465.0,1
Soyabean,2018-06-07,3350.0,2000.0,3465.0,1
Soyabean,2018-06-08,3400.0,2000.0,3580.0,1
Soyabean,2018-06-09,3350.0,2000.0,3475.0,1
Soyabean,2018-06-11,3350.0,2000.0,3490.0,1
Soyabean,2018-06-12,3250.0,2000.0,3370.0,1
Soyabean,2018-06-14,3350.0,2000.0,4805.0,1
Soyabean,2018-06-15,3370.0,2000.0,3440.0,1
Soyabean,2018-06-16,3360.0,2000.0,3475.0,1
Soyabean,2018-06-18,3370.0,2000.0,3460.0,1
Soyabean,2018-06-19,3350.0,2000.0,3495.0,1
Soyabean,2018-06-20,3350.0,2000.0,3420.0,1
Soyabean,2018-06-25,3300.0,2000.0,3405.0,1
Soyabean,2018-06-26,3500.0,2000.0,3940.0,1
Soyabean,2018-06-27,3350.0,2000.0,3455.0,1
Soyabean,2018-06-28,3400.0,2000.0,3515.0,1
Soyabean,2018-06-29,3400.0,2000.0,3700.0,1
Soyabean,2018-06-30,3350.0,2000.0,3480.0,1
Soyabean,2018-07-02,3400.0,2000.0,3600.0,1
Soyabean,2018-07-03,3350.0,2000.0,3465.0,1
Soyabean,2018-07-04,3350.0,2000.0,3455.0,1
Soyabean,2018-07-05,3350.0,2000.0,3440.0,1
Soyabean,2018-07-06,3350.0,2000.0,3465.0,1
Soyabean,2018-07-07,3350.0,2000.0,3480.0,1
Soyabean,2018-07-09,3350.0,2000.0,3500.0,1
Soyabean,2018-07-10,3350.0,2000.0,3460.0,1
Soyabean,2018-07-11,3350.0,2000.0,3470.0,1
Soyabean,2018-07-12,3350.0,2000.0,3470.0,1
Soyabean,2018-07-14,3350.0,2000.0,3455.0,1
Soyabean,2018-07-16,3350.0,2000.0,3445.0,1
Soyabean,2018-07-17,3350.0,2000.0,3460.0,1
Soyabean,2018-07-18,3350.0,2000.0,3470.0,1
Soyabean,2018-07-19,3350.0,2000.0,3475.0,1
Soyabean,2018-07-20,3350.0,2000.0,3465.0,1
Soyabean,2018-07-21,3350.0,2000.0,3475.0,1
Soyabean,2018-07-23,3370.0,3250.0,3410.0,1
Soyabean,2018-07-24,3350.0,2850.0,3440.0,1
Soyabean,2018-07-25,3350.0,2750.0,3450.0,1
Soyabean,2018-07-26,3340.0,2850.0,3455.0,1
Soyabean,2018-07-31,3350.0,2000.0,3475.0,1
Soyabean,2018-08-01,3400.0,2000.0,3535.0,1
Soyabean,2018-08-02,3400.0,2000.0,3530.0,1
Soyabean,2018-08-03,3400.0,2000.0,3655.0,1
Soyabean,2018-08-04,3400.0,2000.0,3485.0,1
Soyabean,2018-08-07,3350.0,2000.0,3450.0,1
Soyabean,2018-08-08,3300.0,2000.0,3475.0,1
Soyabean,2018-08-09,3300.0,2000.0,3470.0,1
Soyabean,2018-08-10,3300.0,2000.0,3435.0,1
Soyabean,2018-08-13,3250.0,2000.0,3250.0,1
Soyabean,2018-08-14,3250.0,2000.0,3405.0,1
Soyabean,2018-08-16,3300.0,2000.0,3405.0,1
Soyabean,2018-08-18,3200.0,2000.0,3430.0,1
Soyabean,2018-08-20,3310.0,2000.0,3425.0,1
Soyabean,2018-08-21,3300.0,2000.0,3410.0,1
Soyabean,2018-08-22,3300.0,2000.0,3395.0,1
Soyabean,2018-08-23,3300.0,2000.0,3420.0,1
Soyabean,2018-08-24,3350.0,2000.0,3520.0,1
Soyabean,2018-08-25,3250.0,2000.0,3435.0,1
Soyabean,2018-08-27,3300.0,2340.0,3370.0,1
Soyabean,2018-08-28,3200.0,2000.0,3325.0,1
Soyabean,2018-08-29,3200.0,2000.0,3295.0,1
Soyabean,2018-08-30,3850.0,2000.0,3850.0,1
Soyabean,2018-08-31,3200.0,2000.0,3295.0,1
Soyabean,2018-09-12,3200.0,2000.0,3811.0,1
Soyabean,2018-09-14,3370.0,2850.0,3510.0,1
Soyabean,2018-09-15,3250.0,2000.0,3400.0,1
Soyabean,2018-09-17,3250.0,2000.0,3395.0,1
Soyabean,2018-09-18,3250.0,2000.0,3375.0,1
Soyabean,2018-09-19,3250.0,2000.0,3421.0,1
Soyabean,2018-09-20,3200.0,2000.0,3360.0,1
Soyabean,2018-09-21,3200.0,2000.0,3385.0,1
Soyabean,2018-09-22,3200.0,2000.0,3340.0,1
Soyabean,2018-09-24,3200.0,2000.0,3355.0,1
Soyabean,2018-09-25,3200.0,2000.0,3325.0,1
Soyabean,2018-09-26,3200.0,2000.0,3330.0,1
Soyabean,2018-09-27,3050.0,2000.0,3220.0,1
Soyabean,2018-09-28,2930.0,2000.0,3015.0,1
Soyabean,2018-09-29,3000.0,2300.0,3175.0,1
Soyabean,2018-10-01,3000.0,2300.0,3155.0,1
Soyabean,2018-10-03,3000.0,2500.0,3215.0,1
Soyabean,2018-10-04,3000.0,2500.0,3215.0,1
Soyabean,2018-10-05,3000.0,2500.0,3195.0,1
Soyabean,2018-10-06,3000.0,2500.0,3240.0,1
Soyabean,2018-10-08,3000.0,2500.0,3205.0,1
Soyabean,2018-10-11,3000.0,2500.0,3185.0,1
Soyabean,2018-10-12,3000.0,2500.0,3180.0,1
Soyabean,2018-10-13,3000.0,2500.0,3185.0,1
Soyabean,2018-10-15,3000.0,2500.0,3220.0,1
Soyabean,2018-10-16,3100.0,2500.0,3275.0,1
Soyabean,2018-10-17,3100.0,2500.0,3255.0,1
Soyabean,2018-10-18,3100.0,2500.0,3275.0,1
Soyabean,2018-10-20,3100.0,2500.0,3245.0,1
Soyabean,2018-10-22,3000.0,2500.0,3155.0,1
Soyabean,2018-10-23,3100.0,2500.0,3265.0,1
Soyabean,2018-10-24,3100.0,2500.0,3220.0,1
Soyabean,2018-10-25,3000.0,2500.0,3180.0,1
Soyabean,2018-10-26,3050.0,2500.0,3180.0,1
Soyabean,2018-10-27,3050.0,2500.0,3180.0,1
Soyabean,2018-10-29,3050.0,2500.0,3160.0,1
Soyabean,2018-10-30,3100.0,2500.0,3215.0,1
Soyabean,2018-10-31,3100.0,2500.0,3255.0,1
Soyabean,2018-11-01,3050.0,2500.0,3180.0,1
Soyabean,2018-11-02,3100.0,2500.0,3230.0,1
Soyabean,2018-11-03,3150.0,2500.0,3250.0,1
Soyabean,2018-11-10,3100.0,2500.0,4141.0,1
Soyabean,2018-11-12,3100.0,2500.0,3295.0,1
Soyabean,2018-11-13,3200.0,2500.0,3360.0,1
Soyabean,2018-11-14,3200.0,2500.0,3320.0,1
Soyabean,2018-11-15,3200.0,2500.0,3350.0,1
Soyabean,2018-11-16,3200.0,2500.0,3380.0,1
Soyabean,2018-11-17,3200.0,2500.0,3370.0,1
Soyabean,2018-11-19,3200.0,2500.0,3345.0,1
Soyabean,2018-11-20,3250.0,2500.0,3405.0,1
Soyabean,2018-11-21,3200.0,2500.0,3375.0,1
Soyabean,2018-11-22,3240.0,2500.0,3370.0,1
Soyabean,2018-11-23,3200.0,2500.0,3390.0,1
Soyabean,2018-11-24,3250.0,2500.0,3430.0,1
Soyabean,2018-11-30,3300.0,2500.0,3405.0,1
Soyabean,2018-12-01,3250.0,2500.0,3420.0,1
Soyabean,2018-12-03,3280.0,2500.0,3410.0,1
Soyabean,2018-12-04,3250.0,2500.0,3345.0,1
Soyabean,2018-12-05,3250.0,2500.0,3395.0,1
Soyabean,2018-12-06,3200.0,2500.0,3430.0,1
Soyabean,2018-12-08,3260.0,2500.0,3350.0,1
Soyabean,2018-12-10,3270.0,2500.0,3355.0,1
Soyabean,2018-12-11,3220.0,2500.0,3380.0,1
Soyabean,2018-12-12,3270.0,2500.0,3390.0,1
Soyabean,2018-12-13,3250.0,2500.0,3390.0,1
Soyabean,2018-12-14,3250.0,2500.0,3380.0,1
Soyabean,2018-12-15,3250.0,2500.0,3370.0,1
Soyabean,2018-12-17,3275.0,2500.0,3410.0,1
Soyabean,2018-12-18,3250.0,2500.0,3390.0,1
Soyabean,2018-12-19,3270.0,2500.0,3405.0,1
Soyabean,2018-12-20,3350.0,2500.0,3435.0,1
Soyabean,2018-12-21,3320.0,2500.0,3390.0,1
Soyabean,2018-12-22,3300.0,2500.0,3400.0,1
Soyabean,2018-12-24,3340.0,2500.0,3400.0,1
Soyabean,2018-12-25,3300.0,2500.0,3370.0,1
Soyabean,2018-12-26,3270.0,2500.0,3365.0,1
Soyabean,2018-12-27,3280.0,2500.0,3380.0,1
Soyabean,2018-12-28,3250.0,2500.0,3345.0,1
Soyabean,2018-12-29,3250.0,2500.0,3355.0,1
Soyabean,2018-12-31,3250.0,2500.0,3365.0,1
Soyabean,2019-01-01,3250.0,2500.0,3350.0,1
Soyabean,2019-01-02,3250.0,2500.0,3350.0,1
Soyabean,2019-01-03,3250.0,2500.0,3385.0,1
Soyabean,2019-01-04,3250.0,2500.0,3375.0,1
Soyabean,2019-01-07,3290.0,3290.0,3325.0,1
Soyabean,2019-01-08,3300.0,2500.0,3390.0,1
Soyabean,2019-01-09,3345.0,2500.0,3475.0,1
Soyabean,2019-01-10,3385.0,2500.0,3500.0,1
Soyabean,2019-01-11,3330.0,2500.0,3480.0,1
Soyabean,2019-01-12,3350.0,2500.0,3480.0,1
Soyabean,2019-01-15,3470.0,2500.0,3605.0,1
Soyabean,2019-01-16,3440.0,2500.0,3580.0,1
Soyabean,2019-01-17,3500.0,2500.0,3650.0,1
Soyabean,2019-01-18,3600.0,2500.0,3700.0,1
Soyabean,2019-01-19,3625.0,2500.0,3745.0,1
Soyabean,2019-01-21,3700.0,2500.0,3825.0,1
Soyabean,2019-01-22,3700.0,2500.0,3830.0,1
Soyabean,2019-01-24,3650.0,2500.0,3810.0,1
Soyabean,2019-01-25,3700.0,2500.0,3855.0,1
Soyabean,2019-01-28,3750.0,2500.0,3920.0,1
Soyabean,2019-01-29,3800.0,2500.0,3975.0,1
Soyabean,2019-01-30,3800.0,2500.0,3900.0,1
Soyabean,2019-01-31,3800.0,2500.0,3935.0,1
Soyabean,2019-02-02,3750.0,2500.0,3910.0,1
Soyabean,2019-02-05,3750.0,2500.0,3875.0,1
Soyabean,2019-02-06,3750.0,2500.0,3800.0,1
Soyabean,2019-02-08,3700.0,2500.0,3835.0,1
Soyabean,2019-02-09,3700.0,2500.0,3830.0,1
Soyabean,2019-02-11,3700.0,2500.0,3810.0,1
Soyabean,2019-02-12,3650.0,2500.0,3765.0,1
Soyabean,2019-02-13,3700.0,2500.0,3815.0,1
Soyabean,2019-02-14,3700.0,2500.0,3830.0,1
Soyabean,2019-02-15,3750.0,2500.0,3840.0,1
Soyabean,2019-02-16,3650.0,2500.0,3780.0,1
Soyabean,2019-02-18,3700.0,2500.0,3790.0,1
Soyabean,2019-02-19,3700.0,2500.0,3830.0,1
Soyabean,2019-02-20,3700.0,2500.0,3835.0,1
Soyabean,2019-02-21,3700.0,2500.0,3830.0,1
Soyabean,2019-02-22,3700.0,2500.0,3795.0,1
Soyabean,2019-02-23,3650.0,2500.0,3770.0,1
Soyabean,2019-02-25,3670.0,2500.0,3780.0,1
Soyabean,2019-02-26,3650.0,2500.0,3745.0,1
Soyabean,2019-02-27,3500.0,2500.0,3685.0,1
Soyabean,2019-02-28,3500.0,2500.0,3650.0,1
Soyabean,2019-03-01,3500.0,2500.0,3655.0,1
Soyabean,2019-03-02,3500.0,2500.0,3665.0,1
Soyabean,2019-03-05,3625.0,2500.0,3745.0,1
Soyabean,2019-03-07,3600.0,2500.0,3750.0,1
Soyabean,2019-03-08,3600.0,2500.0,3710.0,1
Soyabean,2019-03-09,3600.0,2500.0,3720.0,1
Soyabean,2019-03-14,3600.0,2500.0,3720.0,1
Soyabean,2019-03-15,3600.0,2500.0,3770.0,1
Soyabean,2019-03-16,3600.0,2500.0,3740.0,1
Soyabean,2019-03-18,3600.0,2500.0,3735.0,1
Soyabean,2019-03-19,3600.0,2500.0,3735.0,1
Soyabean,2019-03-20,3600.0,2500.0,3730.0,1
Soyabean,2019-03-22,3600.0,2500.0,3745.0,1
Soyabean,2019-03-23,3600.0,2500.0,3775.0,1
Soyabean,2019-03-26,3600.0,2500.0,3750.0,1
Soyabean,2019-03-27,3600.0,2500.0,3735.0,1
Soyabean,2019-03-28,3650.0,2500.0,3765.0,1
Soyabean,2019-03-29,3650.0,2500.0,3740.0,1
Soyabean,2019-04-02,3650.0,2500.0,3780.0,1
Soyabean,2019-04-03,3650.0,2500.0,3800.0,1
Soyabean,2019-04-04,3700.0,2500.0,3810.0,1
Soyabean,2019-04-06,3700.0,3500.0,3880.0,1
Soyabean,2019-04-08,3720.0,3500.0,3840.0,1
Soyabean,2019-04-09,3700.0,3550.0,3850.0,1
Soyabean,2019-04-10,3750.0,3500.0,3850.0,1
Soyabean,2019-04-11,3725.0,2500.0,3800.0,1
Soyabean,2019-04-12,3730.0,2500.0,3830.0,1
Soyabean,2019-04-15,3730.0,2500.0,3835.0,1
Soyabean,2019-04-16,3730.0,2500.0,3840.0,1
Soyabean,2019-04-20,3700.0,2500.0,3800.0,1
Soyabean,2019-04-22,3700.0,2500.0,3795.0,1
Soyabean,2019-04-23,3700.0,2500.0,3805.0,1
Soyabean,2019-04-24,3700.0,2500.0,3820.0,1
Soyabean,2019-04-25,3700.0,2500.0,3805.0,1
Soyabean,2019-04-26,3700.0,2500.0,3785.0,1
Soyabean,2019-04-27,3700.0,2500.0,3820.0,1
Soyabean,2019-04-29,3700.0,2500.0,3765.0,1
Soyabean,2019-04-30,3700.0,2500.0,3765.0,1
Soyabean,2019-05-01,3650.0,2500.0,3760.0,1
Soyabean,2019-05-02,3600.0,2500.0,3735.0,1
Soyabean,2019-05-03,3600.0,2500.0,3695.0,1
Soyabean,2019-05-06,3600.0,2500.0,3675.0,1
Soyabean,2019-05-07,3600.0,2500.0,3665.0,1
Soyabean,2019-05-08,3600.0,2500.0,3695.0,1
Soyabean,2019-05-09,3650.0,2500.0,3790.0,1
Soyabean,2019-05-10,3740.0,2500.0,3815.0,1
Soyabean,2019-05-11,3700.0,2500.0,3800.0,1
Soyabean,2019-05-13,3630.0,2500.0,3785.0,1
Soyabean,2019-05-14,3650.0,2500.0,3795.0,1
Soyabean,2019-05-15,3750.0,2500.0,3865.0,1
Soyabean,2019-05-16,3750.0,2500.0,3890.0,1
Soyabean,2019-05-17,3750.0,2500.0,3890.0,1
Soyabean,2019-05-20,3650.0,2500.0,3790.0,1
Soyabean,2019-05-21,3650.0,2500.0,3770.0,1
Soyabean,2019-05-22,3650.0,2500.0,3795.0,1
Soyabean,2019-05-23,3650.0,2500.0,3795.0,1
Soyabean,2019-05-24,3700.0,2500.0,3800.0,1
Soyabean,2019-05-25,3700.0,2500.0,3790.0,1
Soyabean,2019-05-27,3730.0,2500.0,3800.0,1
Soyabean,2019-05-28,3700.0,2500.0,3785.0,1
Soyabean,2019-05-29,3700.0,2500.0,3800.0,1
Soyabean,2019-05-30,3700.0,2500.0,3810.0,1
Soyabean,2019-05-31,3700.0,2500.0,3805.0,1
Soyabean,2019-06-01,3715.0,2500.0,3805.0,1
Soyabean,2019-06-04,3700.0,2500.0,3870.0,1
Soyabean,2019-06-05,3640.0,2500.0,3725.0,1
Soyabean,2019-06-06,3650.0,2500.0,3735.0,1
Soyabean,2019-06-07,3650.0,2500.0,3785.0,1
Soyabean,2019-06-08,3600.0,3350.0,3690.0,1
Soyabean,2019-06-10,3650.0,2500.0,3850.0,1
Soyabean,2019-06-11,3550.0,3450.0,3650.0,1
Soyabean,2019-06-12,3650.0,2500.0,3735.0,1
Soyabean,2019-06-13,3660.0,2500.0,3710.0,1
Soyabean,2019-06-14,3640.0,2500.0,3750.0,1
Soyabean,2019-06-15,3650.0,2500.0,3745.0,1
Soyabean,2019-06-21,3500.0,3250.0,3610.0,1
Soyabean,2019-06-24,3560.0,2500.0,3650.0,1
Soyabean,2019-06-25,3600.0,2500.0,3680.0,1
Soyabean,2019-06-26,3575.0,2500.0,3660.0,1
Soyabean,2019-06-27,3650.0,2500.0,3780.0,1
Soyabean,2019-06-28,3570.0,2500.0,3700.0,1
Soyabean,2019-06-29,3570.0,3400.0,3680.0,1
Soyabean,2019-07-01,3620.0,2500.0,3715.0,1
Soyabean,2019-07-02,3620.0,2500.0,3715.0,1
Soyabean,2019-07-03,3520.0,2500.0,3605.0,1
Soyabean,2019-07-04,3565.0,2500.0,3620.0,1
Soyabean,2019-07-05,3500.0,2500.0,3610.0,1
Soyabean,2019-07-06,3500.0,2500.0,3595.0,1
Soyabean,2019-07-08,3480.0,2500.0,3645.0,1
Soyabean,2019-07-09,3300.0,2500.0,3400.0,1
Soyabean,2019-07-10,3400.0,2500.0,3490.0,1
Soyabean,2019-07-11,3400.0,2500.0,3510.0,1
Soyabean,2019-07-12,3450.0,2500.0,3530.0,1
Soyabean,2019-07-15,3570.0,2500.0,3750.0,1
Soyabean,2019-07-16,3500.0,2500.0,3625.0,1
Soyabean,2019-07-17,3530.0,2500.0,3610.0,1
Soyabean,2019-07-18,3530.0,2500.0,3620.0,1
Soyabean,2019-07-19,3560.0,2500.0,3600.0,1
Soyabean,2019-07-20,3500.0,2500.0,3570.0,1
Soyabean,2019-07-22,3500.0,2500.0,3595.0,1
Soyabean,2019-07-23,3500.0,2500.0,3570.0,1
Soyabean,2019-07-24,3500.0,2500.0,3580.0,1
Soyabean,2019-07-25,3500.0,2500.0,3580.0,1
Soyabean,2019-07-26,3500.0,2500.0,3575.0,1
Soyabean,2019-07-29,3500.0,2500.0,3575.0,1
Soyabean,2019-07-30,3500.0,2500.0,3555.0,1
Soyabean,2019-07-31,3470.0,2500.0,3520.0,1
Soyabean,2019-08-02,3450.0,2500.0,3535.0,1
Soyabean,2019-08-03,3450.0,2500.0,3555.0,1
Soyabean,2019-08-05,3480.0,2500.0,3535.0,1
Soyabean,2019-08-06,3450.0,2500.0,3525.0,1
Soyabean,2019-08-07,3450.0,2500.0,3520.0,1
Soyabean,2019-08-08,3475.0,2500.0,3550.0,1
Soyabean,2019-08-09,3500.0,2500.0,3615.0,1
Soyabean,2019-08-13,3500.0,2500.0,3620.0,1
Soyabean,2019-08-14,3500.0,2500.0,3650.0,1
Soyabean,2019-08-16,3500.0,2500.0,3610.0,1
Soyabean,2019-08-17,3530.0,2500.0,3650.0,1
Soyabean,2019-08-19,3550.0,2500.0,3650.0,1
Soyabean,2019-08-20,3550.0,2500.0,3670.0,1
Soyabean,2019-08-21,3550.0,2500.0,3645.0,1
Soyabean,2019-08-22,3550.0,2500.0,3670.0,1
Soyabean,2019-08-23,3550.0,2500.0,3650.0,1
Soyabean,2019-08-26,3550.0,2500.0,3680.0,1
Soyabean,2019-08-27,3600.0,2500.0,3700.0,1
Soyabean,2019-08-28,3650.0,2500.0,3755.0,1
Soyabean,2019-08-29,3600.0,2500.0,3710.0,1
Soyabean,2019-08-31,3600.0,2500.0,3730.0,1
Soyabean,2019-09-03,3600.0,2950.0,3695.0,1
Soyabean,2019-09-04,3600.0,2500.0,3730.0,1
Soyabean,2019-09-05,3600.0,2500.0,3720.0,1
Soyabean,2019-09-06,3600.0,2500.0,3710.0,1
Soyabean,2019-09-07,3600.0,2500.0,3720.0,1
Soyabean,2019-09-09,3600.0,2500.0,3715.0,1
Soyabean,2019-09-10,3600.0,2500.0,3720.0,1
Soyabean,2019-09-11,3750.0,2500.0,3840.0,1
Soyabean,2019-09-13,3725.0,2500.0,3885.0,1
Soyabean,2019-09-16,3825.0,2500.0,3905.0,1
Soyabean,2019-09-17,3830.0,2500.0,3905.0,1
Soyabean,2019-09-18,3830.0,2500.0,3920.0,1
Soyabean,2019-09-19,3750.0,2500.0,3900.0,1
Soyabean,2019-09-20,3750.0,2500.0,3880.0,1
Soyabean,2019-09-21,3750.0,2500.0,3900.0,1
Soyabean,2019-09-23,3800.0,2500.0,3925.0,1
Soyabean,2019-09-24,3900.0,2500.0,4000.0,1
Soyabean,2019-09-25,3900.0,2500.0,4075.0,1
Soyabean,2019-09-26,4100.0,3000.0,4170.0,1
Soyabean,2019-09-27,4100.0,3000.0,4230.0,1
Soyabean,2019-09-30,4200.0,3000.0,4375.0,1
Soyabean,2019-10-01,4000.0,3000.0,4230.0,1
Soyabean,2019-10-03,3900.0,3000.0,4220.0,1
Soyabean,2019-10-04,3800.0,3000.0,4185.0,1
Soyabean,2019-10-07,3600.0,3000.0,4190.0,1
Soyabean,2019-10-08,3600.0,3000.0,4165.0,1
Soyabean,2019-10-09,3500.0,3000.0,4125.0,1
Soyabean,2019-10-10,3600.0,3000.0,4040.0,1
Soyabean,2019-10-11,3600.0,3000.0,4005.0,1
Soyabean,2019-10-14,3500.0,2000.0,3890.0,1
Soyabean,2019-10-15,3500.0,2500.0,3880.0,1
Soyabean,2019-10-16,3500.0,2500.0,3745.0,1
Soyabean,2019-10-17,3500.0,2500.0,3900.0,1
Soyabean,2019-10-18,3500.0,2500.0,3860.0,1
Soyabean,2019-10-19,3500.0,2500.0,3825.0,1
Soyabean,2019-10-21,3500.0,2050.0,3800.0,1
Soyabean,2019-10-22,3500.0,2500.0,3770.0,1
Soyabean,2019-10-23,3500.0,2500.0,3740.0,1
Soyabean,2019-10-24,3500.0,2500.0,3735.0,1
Soyabean,2019-10-30,3500.0,2500.0,4751.0,1
Soyabean,2019-10-31,3500.0,2500.0,3850.0,1
Soyabean,2019-11-01,3500.0,2500.0,3910.0,1
Soyabean,2019-11-02,3600.0,2500.0,3930.0,1
Soyabean,2019-11-04,3600.0,2500.0,3980.0,1
Soyabean,2019-11-05,3600.0,2500.0,4000.0,1
Soyabean,2019-11-06,3600.0,2500.0,3970.0,1
Soyabean,2019-11-08,3700.0,2500.0,4055.0,1
Soyabean,2019-11-11,3700.0,2500.0,3980.0,1
Soyabean,2019-11-12,3600.0,2500.0,3970.0,1
Soyabean,2019-11-13,3700.0,2500.0,4070.0,1
Soyabean,2019-11-14,3700.0,2500.0,4060.0,1
Soyabean,2019-11-15,3700.0,2500.0,3990.0,1
Soyabean,2019-11-16,3700.0,2500.0,3965.0,1
Soyabean,2019-11-18,3700.0,2500.0,4005.0,1
Soyabean,2019-11-19,3700.0,2500.0,3950.0,1
Soyabean,2019-11-20,3800.0,2500.0,3975.0,1
Soyabean,2019-11-21,3800.0,2500.0,4075.0,1
Soyabean,2019-11-23,3800.0,2500.0,4030.0,1
Soyabean,2019-11-25,3800.0,2500.0,4150.0,1
Soyabean,2019-11-27,3750.0,2500.0,3975.0,1
Soyabean,2019-11-28,3750.0,2500.0,3940.0,1
Soyabean,2019-11-29,3800.0,2500.0,4080.0,1
Soyabean,2019-11-30,3800.0,2500.0,4055.0,1
Soyabean,2019-12-02,3800.0,2500.0,4035.0,1
Soyabean,2019-12-03,3800.0,2500.0,4045.0,1
Soyabean,2019-12-04,3800.0,2500.0,4060.0,1
Soyabean,2019-12-05,3800.0,2500.0,4070.0,1
Soyabean,2019-12-06,3800.0,2500.0,4055.0,1
Soyabean,2019-12-07,3900.0,2500.0,4125.0,1
Soyabean,2019-12-09,3900.0,2500.0,4140.0,1
Soyabean,2019-12-10,3900.0,2500.0,4205.0,1
Soyabean,2019-12-11,3900.0,2500.0,4165.0,1
Soyabean,2019-12-12,3900.0,2500.0,4175.0,1
Soyabean,2019-12-13,3900.0,2500.0,4255.0,1
Soyabean,2019-12-16,4050.0,2500.0,4235.0,1
Soyabean,2019-12-17,4050.0,2500.0,4250.0,1
Soyabean,2019-12-18,4050.0,2500.0,4300.0,1
Soyabean,2019-12-19,4050.0,2500.0,4305.0,1
Soyabean,2019-12-21,4210.0,2500.0,4340.0,1
Soyabean,2019-12-23,4215.0,2500.0,4385.0,1
Soyabean,2019-12-24,4330.0,2500.0,4470.0,1
Soyabean,2019-12-27,4300.0,2500.0,4540.0,1
Soyabean,2019-12-30,4350.0,2500.0,4515.0,1
Soyabean,2019-12-31,4350.0,2500.0,4530.0,1
Soyabean,2020-01-01,4350.0,2500.0,4505.0,1
Soyabean,2020-01-02,4350.0,2500.0,4500.0,1
Soyabean,2020-01-03,4350.0,2500.0,4500.0,1
Soyabean,2020-01-04,4300.0,2500.0,4455.0,1
Soyabean,2020-01-06,4300.0,2500.0,4405.0,1
Soyabean,2020-01-07,4280.0,2500.0,4360.0,1
Soyabean,2020-01-08,4250.0,2500.0,4325.0,1
Soyabean,2020-01-09,4250.0,2500.0,4370.0,1
Soyabean,2020-01-10,4350.0,2500.0,4470.0,1
Soyabean,2020-01-13,4330.0,2500.0,4420.0,1
Soyabean,2020-01-14,4330.0,2500.0,4435.0,1
Soyabean,2020-01-16,4300.0,2500.0,4490.0,1
Soyabean,2020-01-17,4400.0,2500.0,4550.0,1
Soyabean,2020-01-18,4315.0,2500.0,4365.0,1
Soyabean,2020-01-20,4300.0,2500.0,4330.0,1
Soyabean,2020-01-21,4150.0,2500.0,4390.0,1
Soyabean,2020-01-22,4060.0,2500.0,4275.0,1
Soyabean,2020-01-23,4050.0,2500.0,4250.0,1
Soyabean,2020-01-27,3950.0,2500.0,4165.0,1
Soyabean,2020-01-28,4000.0,2500.0,4045.0,1
Soyabean,2020-01-29,4000.0,2500.0,4080.0,1
Soyabean,2020-01-30,4000.0,2500.0,4115.0,1
Soyabean,2020-02-03,3950.0,2500.0,4130.0,1
Soyabean,2020-02-04,3950.0,2500.0,4145.0,1
Soyabean,2020-02-07,4150.0,2500.0,4225.0,1
Soyabean,2020-02-08,4000.0,2500.0,4180.0,1
Soyabean,2020-02-09,4150.0,2500.0,4300.0,1
Soyabean,2020-02-10,4050.0,2500.0,4175.0,1
Soyabean,2020-02-11,4000.0,2500.0,4055.0,1
Soyabean,2020-02-12,3800.0,2500.0,4040.0,1
Soyabean,2020-02-13,3800.0,2500.0,4070.0,1
Soyabean,2020-02-14,3800.0,2500.0,4105.0,1
Soyabean,2020-02-15,4030.0,2500.0,4030.0,1
Soyabean,2020-02-17,4030.0,2500.0,4030.0,1
Soyabean,2020-02-18,4020.0,2500.0,4035.0,1
Soyabean,2020-02-19,3800.0,2500.0,4030.0,1
Soyabean,2020-02-20,4000.0,2500.0,4055.0,1
Soyabean,2020-02-24,3900.0,2500.0,4035.0,1
Soyabean,2020-02-25,3800.0,2500.0,4090.0,1
Soyabean,2020-02-26,3800.0,2500.0,4005.0,1
Soyabean,2020-02-27,3800.0,2500.0,3975.0,1
Soyabean,2020-02-28,3775.0,2500.0,3980.0,1
Soyabean,2020-02-29,3700.0,2500.0,3805.0,1
Soyabean,2020-03-03,3675.0,2500.0,3790.0,1
Soyabean,2020-03-04,3700.0,2500.0,3800.0,1
Soyabean,2020-03-05,3775.0,2500.0,3835.0,1
Soyabean,2020-03-06,3700.0,2500.0,3880.0,1
Soyabean,2020-03-07,3800.0,2500.0,3935.0,1
Soyabean,2020-03-09,3775.0,2500.0,3870.0,1
Soyabean,2020-03-11,3650.0,2500.0,3755.0,1
Soyabean,2020-03-12,3550.0,2500.0,3680.0,1
Soyabean,2020-03-13,3590.0,2500.0,3680.0,1
Soyabean,2020-03-16,3590.0,2500.0,3700.0,1
Soyabean,2020-03-17,3515.0,2500.0,3545.0,1
Soyabean,2020-03-18,3500.0,2500.0,3635.0,1
Soyabean,2020-03-19,3500.0,2500.0,3600.0,1
Soyabean,2020-03-20,3500.0,2500.0,3675.0,1
Soyabean,2020-03-21,3615.0,2500.0,3665.0,1
Soyabean,2020-05-18,3200.0,3200.0,3200.0,1
Soyabean,2020-05-24,3500.0,3400.0,3600.0,1
Soyabean,2020-05-27,3600.0,3600.0,3700.0,1
Soyabean,2020-05-29,3700.0,3700.0,3700.0,1
Soyabean,2020-05-30,3700.0,3700.0,3700.0,1
Soyabean,2020-06-03,3100.0,3100.0,3100.0,1
Soyabean,2020-06-04,2500.0,2500.0,2500.0,1
Soyabean,2020-06-05,3600.0,3230.0,3750.0,1
Soyabean,2020-06-06,3725.0,3400.0,3750.0,1
Soyabean,2020-06-08,3600.0,3400.0,3700.0,1
Soyabean,2020-06-09,3700.0,3500.0,3760.0,1
Soyabean,2020-06-10,3700.0,3500.0,3760.0,1
Soyabean,2020-06-11,3760.0,3500.0,3760.0,1
Soyabean,2020-06-12,5300.0,4850.0,5500.0,1
Soyabean,2020-06-13,3750.0,2330.0,3770.0,1
Soyabean,2020-06-14,3550.0,3400.0,3685.0,1
Soyabean,2020-06-15,3660.0,3550.0,3700.0,1
Soyabean,2020-06-16,3650.0,3050.0,3700.0,1
Soyabean,2020-06-17,3550.0,3400.0,3700.0,1
Soyabean,2020-06-18,3550.0,3150.0,3675.0,1
Soyabean,2020-06-19,3600.0,2700.0,3675.0,1
Soyabean,2020-06-20,3650.0,3250.0,3700.0,1
Soyabean,2020-06-22,3650.0,3250.0,3675.0,1
Soyabean,2020-06-23,3650.0,3250.0,3710.0,1
Soyabean,2020-06-24,3550.0,3450.0,3650.0,1
Soyabean,2020-06-25,3650.0,2650.0,3750.0,1
Soyabean,2020-06-26,3650.0,2650.0,3755.0,1
Soyabean,2020-06-27,3650.0,2650.0,3755.0,1
Soyabean,2020-06-29,3600.0,2850.0,3750.0,1
Soyabean,2020-06-30,3600.0,2950.0,3680.0,1
Soyabean,2020-07-01,3650.0,2650.0,3800.0,1
Soyabean,2020-07-02,3600.0,2650.0,3725.0,1
Soyabean,2020-07-03,3600.0,2650.0,3725.0,1
Soyabean,2020-07-04,3500.0,1550.0,3670.0,1
Soyabean,2020-07-06,3550.0,2650.0,3650.0,1
Soyabean,2020-07-07,3500.0,2250.0,3650.0,1
Soyabean,2020-07-08,3500.0,2450.0,3630.0,1
Soyabean,2020-07-09,3500.0,2550.0,3650.0,1
Soyabean,2020-07-10,3470.0,3000.0,3690.0,1
Soyabean,2020-07-11,3580.0,2500.0,3630.0,1
Soyabean,2020-07-13,3500.0,2250.0,3610.0,1
Soyabean,2020-07-14,3500.0,2250.0,3600.0,1
Soyabean,2020-07-15,3500.0,2650.0,3610.0,1
Soyabean,2020-07-17,3500.0,1550.0,3650.0,1
Soyabean,2020-07-18,3520.0,2250.0,3695.0,1
Soyabean,2020-07-21,3500.0,2250.0,3630.0,1
Soyabean,2020-07-22,3550.0,2250.0,3660.0,1
Soyabean,2020-07-24,3630.0,2000.0,3695.0,1
Soyabean,2020-07-25,3635.0,1500.0,3710.0,1
Soyabean,2020-07-27,3550.0,2350.0,3670.0,1
Soyabean,2020-07-28,3550.0,3550.0,3550.0,1
Soyabean,2020-07-29,3550.0,2750.0,3650.0,1
Soyabean,2020-07-30,3550.0,2650.0,3670.0,1
Soyabean,2020-07-31,3550.0,2650.0,3660.0,1
Soyabean,2020-08-02,3615.0,1000.0,3660.0,1
Soyabean,2020-08-04,3500.0,2550.0,3650.0,1
Soyabean,2020-08-05,3500.0,2550.0,3650.0,1
Soyabean,2020-08-06,3600.0,2550.0,3710.0,1
Soyabean,2020-08-07,3650.0,2650.0,3820.0,1
Soyabean,2020-08-08,3740.0,1405.0,3800.0,1
Soyabean,2020-08-10,3820.0,2650.0,3820.0,1
Soyabean,2020-08-11,3650.0,3650.0,3660.0,1
Soyabean,2020-08-13,3650.0,2850.0,3810.0,1
Soyabean,2020-08-14,3740.0,1450.0,3750.0,1
Soyabean,2020-08-17,3600.0,2650.0,3805.0,1
Soyabean,2020-08-18,3550.0,2650.0,3730.0,1
Soyabean,2020-08-20,3550.0,2750.0,3780.0,1
Soyabean,2020-08-21,3600.0,2750.0,3780.0,1
Soyabean,2020-08-24,3550.0,2450.0,3750.0,1
Soyabean,2020-08-25,3600.0,2650.0,3750.0,1
Soyabean,2020-08-26,3770.0,2180.0,3810.0,1
Soyabean,2020-08-27,3790.0,1330.0,3860.0,1
Soyabean,2020-08-28,3860.0,1500.0,3905.0,1
Soyabean,2020-08-29,3045.0,2200.0,3925.0,1
Soyabean,2020-08-31,3920.0,1035.0,3950.0,1
Soyabean,2020-09-08,3500.0,2850.0,3760.0,1
Soyabean,2020-09-09,3400.0,2850.0,3585.0,1
Soyabean,2020-09-10,3740.0,1500.0,3745.0,1
Soyabean,2020-09-11,3650.0,2650.0,3810.0,1
Soyabean,2020-09-12,3000.0,1650.0,3810.0,1
Soyabean,2020-09-14,3650.0,2650.0,3860.0,1
Soyabean,2020-09-15,3650.0,2000.0,3810.0,1
Soyabean,2020-09-16,3650.0,1850.0,3860.0,1
Soyabean,2020-09-18,3650.0,2450.0,3850.0,1
Soyabean,2020-09-19,3750.0,2850.0,3995.0,1
Soyabean,2020-09-21,3550.0,1950.0,3720.0,1
Soyabean,2020-09-22,3800.0,1550.0,4125.0,1
Soyabean,2020-09-23,2200.0,1525.0,4005.0,1
Soyabean,2020-10-08,3550.0,2200.0,3770.0,1
Soyabean,2020-10-10,2300.0,2150.0,4065.0,1
Soyabean,2020-10-11,3600.0,2150.0,3835.0,1
Soyabean,2020-10-12,2700.0,1300.0,4115.0,1
Soyabean,2020-10-13,3650.0,2535.0,4035.0,1
Soyabean,2020-10-14,3650.0,2550.0,4080.0,1
Soyabean,2020-10-15,3700.0,2850.0,4190.0,1
Soyabean,2020-10-19,3400.0,1500.0,4095.0,1
Soyabean,2020-10-20,2800.0,1500.0,4145.0,1
Soyabean,2020-10-26,4270.0,2065.0,4270.0,1
Soyabean,2020-10-27,3680.0,1800.0,4295.0,1
Soyabean,2020-10-28,3390.0,1800.0,4295.0,1
Soyabean,2020-11-02,4150.0,2850.0,4350.0,1
Soyabean,2020-11-04,4150.0,3050.0,4390.0,1
Soyabean,2020-11-05,3000.0,1800.0,4370.0,1
Soyabean,2020-11-06,3200.0,1900.0,4470.0,1
Soyabean,2020-11-09,3000.0,1700.0,4390.0,1
Soyabean,2020-11-10,3400.0,1800.0,4375.0,1
Soyabean,2020-11-21,3400.0,1800.0,4600.0,1
Soyabean,2020-11-23,3200.0,1800.0,4655.0,1
Soyabean,2020-11-24,3300.0,1700.0,4430.0,1
Soyabean,2020-11-25,4040.0,1700.0,4410.0,1
Soyabean,2020-12-01,3650.0,1445.0,4450.0,1
Soyabean,2020-12-02,3600.0,1700.0,4395.0,1
Soyabean,2020-12-03,3750.0,1490.0,4400.0,1
Soyabean,2020-12-04,3500.0,1700.0,4500.0,1
Soyabean,2020-12-05,3800.0,1750.0,4410.0,1
Soyabean,2020-12-07,3705.0,1700.0,4430.0,1
Soyabean,2020-12-08,4130.0,1710.0,4130.0,1
Soyabean,2020-12-09,3805.0,2000.0,4450.0,1
Soyabean,2020-12-10,3910.0,1250.0,4330.0,1
Soyabean,2020-12-15,3400.0,2410.0,4405.0,1
Soyabean,2020-12-16,3250.0,1800.0,4440.0,1
Soyabean,2020-12-18,4525.0,2000.0,4525.0,1
Soyabean,2020-12-19,4300.0,1800.0,4670.0,1
Soyabean,2020-12-21,4200.0,1800.0,4615.0,1
Soyabean,2020-12-22,3900.0,1800.0,4490.0,1
Soyabean,2020-12-23,3800.0,1800.0,4400.0,1
Soyabean,2020-12-24,3600.0,1505.0,4505.0,1
Soyabean,2020-12-25,3810.0,1800.0,4480.0,1
Soyabean,2020-12-28,3600.0,1830.0,4525.0,1
Soyabean,2020-12-29,3900.0,2000.0,4535.0,1
Soyabean,2020-12-30,4325.0,1510.0,4605.0,1
Soyabean,2020-12-31,4000.0,2000.0,4625.0,1
Soyabean,2021-01-01,4635.0,1500.0,4660.0,1
Soyabean,2021-01-03,4630.0,1800.0,4710.0,1
Soyabean,2021-01-04,4625.0,2000.0,4625.0,1
Soyabean,2021-01-05,4610.0,1500.0,4610.0,1
Soyabean,2021-01-06,4560.0,1800.0,4650.0,1
Soyabean,2021-01-07,4580.0,1700.0,4600.0,1
Soyabean,2021-01-08,4200.0,1490.0,4600.0,1
Soyabean,2021-01-09,4180.0,1700.0,4605.0,1
Soyabean,2021-01-10,4630.0,1800.0,4710.0,1
Soyabean,2021-01-11,4100.0,1750.0,4650.0,1
Soyabean,2021-01-12,4200.0,1850.0,4580.0,1
Soyabean,2021-01-15,3965.0,1700.0,4570.0,1
Soyabean,2021-01-16,3700.0,1800.0,4565.0,1
Soyabean,2021-01-18,3700.0,1500.0,4610.0,1
Soyabean,2021-01-19,4260.0,1800.0,4675.0,1
Soyabean,2021-01-20,3700.0,1700.0,4630.0,1
Soyabean,2021-01-21,3800.0,1800.0,4605.0,1
Soyabean,2021-01-22,3700.0,1800.0,4620.0,1
Soyabean,2021-01-24,3490.0,1700.0,4620.0,1
Soyabean,2021-01-25,3500.0,1900.0,4550.0,1
Soyabean,2021-01-27,4400.0,1925.0,4500.0,1
Soyabean,2021-01-28,3400.0,1800.0,4610.0,1
Soyabean,2021-01-29,4200.0,1800.0,4660.0,1
Soyabean,2021-01-30,4635.0,1700.0,4640.0,1
Soyabean,2021-02-01,4400.0,1700.0,4720.0,1
Soyabean,2021-02-02,4200.0,1780.0,4715.0,1
Soyabean,2021-02-03,4000.0,1800.0,4665.0,1
Soyabean,2021-02-04,4600.0,1780.0,4805.0,1
Soyabean,2021-02-05,3900.0,1700.0,4745.0,1
Soyabean,2021-02-06,4650.0,1700.0,4740.0,1
Soyabean,2021-02-08,4770.0,1800.0,4780.0,1
Soyabean,2021-02-09,3800.0,1910.0,4785.0,1
Soyabean,2021-02-10,4200.0,1700.0,4800.0,1
Soyabean,2021-02-13,4600.0,2000.0,4935.0,1
Soyabean,2021-02-14,4800.0,1700.0,4870.0,1
Soyabean,2021-02-15,4780.0,1700.0,4870.0,1
Soyabean,2021-02-16,4900.0,1800.0,4980.0,1
Soyabean,2021-02-17,4780.0,1700.0,4975.0,1
Soyabean,2021-02-19,4100.0,1800.0,4930.0,1
Soyabean,2021-02-20,4570.0,1650.0,4992.0,1
Soyabean,2021-02-21,4200.0,1700.0,4960.0,1
Soyabean,2021-02-22,3350.0,1555.0,4990.0,1
Soyabean,2021-02-23,4650.0,1800.0,5010.0,1
Soyabean,2021-02-24,5000.0,1800.0,5080.0,1
Soyabean,2021-02-25,4800.0,2100.0,5095.0,1
Soyabean,2021-02-26,5105.0,1700.0,5110.0,1
Soyabean,2021-02-27,4765.0,1800.0,5170.0,1
Soyabean,2021-03-01,5040.0,2960.0,5190.0,1
Soyabean,2021-03-02,4650.0,2010.0,5185.0,1
Soyabean,2021-03-03,5165.0,2200.0,5170.0,1
Soyabean,2021-03-04,4650.0,2010.0,5185.0,1
Soyabean,2021-03-05,4250.0,1800.0,5165.0,1
Soyabean,2021-03-12,5400.0,3050.0,5400.0,1
Soyabean,2021-03-13,4600.0,1800.0,5255.0,1
Soyabean,2021-03-14,4800.0,1700.0,5305.0,1
Soyabean,2021-03-15,4600.0,3100.0,5500.0,1
Soyabean,2021-03-16,5520.0,1700.0,5550.0,1
Soyabean,2021-03-17,5500.0,2000.0,5600.0,1
Soyabean,2021-03-23,5750.0,1950.0,5870.0,1
Soyabean,2021-03-24,5400.0,2860.0,5845.0,1
Soyabean,2021-03-25,5905.0,1500.0,5910.0,1
Soyabean,2021-03-26,5890.0,1200.0,5900.0,1
Soyabean,2021-03-27,5945.0,3300.0,5955.0,1
Soyabean,2021-04-03,6145.0,3400.0,6145.0,1
Soyabean,2021-04-05,6380.0,4500.0,6425.0,1
Soyabean,2021-04-06,6350.0,2500.0,6525.0,1
Soyabean,2021-04-07,6520.0,2950.0,6520.0,1
Soyabean,2021-04-08,5700.0,2000.0,6690.0,1
Soyabean,2021-06-14,6710.0,1600.0,6755.0,1
Soyabean,2021-06-15,6630.0,2600.0,6725.0,1
Soyabean,2021-06-16,6665.0,2500.0,6770.0,1
Soyabean,2021-06-17,6700.0,2425.0,6800.0,1
Soyabean,2021-06-18,6450.0,3500.0,6700.0,1
Soyabean,2021-06-21,6650.0,2500.0,6900.0,1
Soyabean,2021-06-22,7000.0,2300.0,7145.0,1
Soyabean,2021-06-23,7245.0,2355.0,7300.0,1
Soyabean,2021-06-24,7155.0,1600.0,7200.0,1
Soyabean,2021-06-25,7100.0,4150.0,7180.0,1
Soyabean,2021-06-26,7000.0,1950.0,7270.0,1
Soyabean,2021-06-28,7000.0,2000.0,7260.0,1
Soyabean,2021-06-29,7100.0,1550.0,7200.0,1
Soyabean,2021-06-30,7000.0,2450.0,7220.0,1
Soyabean,2021-07-02,7280.0,2700.0,7345.0,1
Soyabean,2021-07-03,7255.0,1500.0,7325.0,1
Soyabean,2021-07-04,7100.0,3100.0,7235.0,1
Soyabean,2021-07-07,7165.0,2350.0,7390.0,1
Soyabean,2021-07-08,7370.0,3950.0,7505.0,1
Soyabean,2021-07-09,7200.0,3870.0,7470.0,1
Soyabean,2021-07-10,7250.0,6150.0,7550.0,1
Soyabean,2021-07-12,7375.0,3960.0,7510.0,1
Soyabean,2021-07-13,7635.0,2500.0,7690.0,1
Soyabean,2021-07-14,7600.0,1800.0,7650.0,1
Soyabean,2021-07-15,7500.0,2470.0,7645.0,1
Soyabean,2021-07-17,7780.0,3000.0,7810.0,1
Soyabean,2021-07-19,7900.0,4800.0,8070.0,1
Soyabean,2021-07-20,8000.0,3000.0,8075.0,1
Soyabean,2021-07-21,8100.0,3950.0,8240.0,1
Soyabean,2021-07-23,8000.0,2500.0,8460.0,1
Soyabean,2021-07-24,8680.0,2600.0,8700.0,1
Soyabean,2021-07-25,8250.0,2000.0,8350.0,1
Soyabean,2021-07-26,8900.0,4250.0,9490.0,1
Soyabean,2021-07-27,8900.0,4250.0,9490.0,1
Soyabean,2021-07-28,9900.0,2205.0,10000.0,1
Soyabean,2021-07-29,9500.0,3000.0,9570.0,1
Soyabean,2021-07-30,9950.0,5000.0,10055.0,1
Soyabean,2021-07-31,10025.0,5000.0,10110.0,1
Soyabean,2021-08-02,9000.0,2500.0,10160.0,1
Soyabean,2021-08-03,10000.0,4000.0,10170.0,1
Soyabean,2021-08-04,9000.0,2500.0,10135.0,1
Soyabean,2021-08-05,10180.0,4000.0,10220.0,1
Soyabean,2021-08-07,10250.0,5000.0,10270.0,1
Soyabean,2021-08-08,10300.0,4000.0,10340.0,1
Soyabean,2021-08-09,10000.0,3350.0,10065.0,1
Soyabean,2021-08-10,7500.0,3500.0,9310.0,1
Soyabean,2021-08-11,8700.0,4055.0,8900.0,1
Soyabean,2021-08-12,8900.0,3000.0,9095.0,1
Soyabean,2021-08-13,7500.0,6000.0,8915.0,1
Soyabean,2021-08-14,8000.0,3000.0,9100.0,1
Soyabean,2021-08-16,9350.0,4000.0,9350.0,1
Soyabean,2021-08-17,9350.0,7350.0,9370.0,1
Soyabean,2021-08-18,9300.0,3200.0,9400.0,1
Soyabean,2021-08-23,9200.0,3000.0,9200.0,1
Soyabean,2021-08-24,9460.0,8160.0,9460.0,1
Soyabean,2021-08-25,7000.0,7000.0,9605.0,1
Soyabean,2021-08-26,8900.0,3000.0,9200.0,1
Soyabean,2021-08-28,8800.0,4300.0,8800.0,1
Soyabean,2021-08-29,8650.0,3000.0,9090.0,1
Soyabean,2021-09-08,8000.0,5800.0,9490.0,1
Soyabean,2021-09-10,9150.0,4500.0,9455.0,1
Soyabean,2021-09-11,9100.0,7500.0,9400.0,1
Soyabean,2021-09-13,9000.0,5700.0,9545.0,1
Soyabean,2021-09-14,7090.0,5800.0,9385.0,1
Soyabean,2021-09-15,6305.0,4500.0,9465.0,1
Soyabean,2021-09-16,8800.0,4800.0,9400.0,1
Soyabean,2021-09-18,6900.0,5800.0,9100.0,1
Soyabean,2021-09-19,9300.0,4200.0,9305.0,1
Soyabean,2021-09-20,5200.0,3000.0,7380.0,1
Soyabean,2021-09-21,4400.0,3000.0,6380.0,1
Soyabean,2021-09-22,5000.0,3000.0,6750.0,1
Soyabean,2021-09-23,5000.0,3000.0,8000.0,1
Soyabean,2021-09-24,5300.0,3500.0,7740.0,1
Soyabean,2021-09-25,4500.0,3500.0,6380.0,1
Soyabean,2021-09-27,4500.0,3605.0,6800.0,1
Soyabean,2021-09-28,3500.0,3200.0,6090.0,1
Soyabean,2021-09-29,3800.0,3200.0,6065.0,1
Soyabean,2021-09-30,3400.0,3000.0,6100.0,1
Soyabean,2021-10-02,3500.0,3000.0,6100.0,1
Soyabean,2021-10-04,4000.0,3000.0,5500.0,1
Soyabean,2021-10-05,4660.0,2500.0,5600.0,1
Soyabean,2021-10-09,4500.0,3000.0,5900.0,1
Soyabean,2021-10-10,4500.0,3000.0,5770.0,1
Soyabean,2021-10-11,4500.0,3000.0,5800.0,1
Soyabean,2021-10-12,4500.0,3000.0,5925.0,1
Soyabean,2021-10-13,5000.0,3500.0,6011.0,1
Soyabean,2021-10-14,4850.0,3000.0,5400.0,1
Soyabean,2021-10-16,5200.0,3500.0,5405.0,1
Soyabean,2021-10-19,5000.0,3500.0,5725.0,1
Soyabean,2021-10-20,5100.0,3500.0,5600.0,1
Soyabean,2021-10-21,5200.0,3500.0,5690.0,1
Soyabean,2021-10-22,5100.0,3500.0,5500.0,1
Soyabean,2021-10-23,5000.0,3000.0,5530.0,1
Soyabean,2021-10-25,4800.0,3500.0,5340.0,1
Soyabean,2021-10-26,5000.0,3000.0,5600.0,1
Soyabean,2021-10-27,5000.0,3000.0,5400.0,1
Soyabean,2021-10-28,5000.0,3500.0,5670.0,1
Soyabean,2021-10-29,5200.0,3000.0,5800.0,1
Soyabean,2021-10-30,5200.0,3200.0,5625.0,1
Soyabean,2021-11-01,5200.0,3000.0,5650.0,1
Soyabean,2021-11-08,5430.0,2800.0,5615.0,1
Soyabean,2021-11-09,5200.0,3000.0,6151.0,1
Soyabean,2021-11-10,5500.0,2800.0,5705.0,1
Soyabean,2021-11-11,5500.0,2800.0,5670.0,1
Soyabean,2021-11-13,5200.0,3000.0,5890.0,1
Soyabean,2021-11-14,5400.0,2500.0,5870.0,1
Soyabean,2021-11-15,5500.0,2500.0,5810.0,1
Soyabean,2021-11-16,5600.0,2700.0,6100.0,1
Soyabean,2021-11-17,5870.0,2800.0,6110.0,1
Soyabean,2021-11-18,5900.0,2500.0,6200.0,1
Soyabean,2021-11-19,6000.0,2500.0,6435.0,1
Soyabean,2021-11-20,6170.0,2500.0,6400.0,1
Soyabean,2021-11-22,6000.0,2500.0,6570.0,1
Soyabean,2021-11-23,6305.0,2500.0,7270.0,1
Soyabean,2021-11-24,6400.0,2800.0,6675.0,1
Soyabean,2021-11-25,6400.0,3000.0,6685.0,1
Soyabean,2021-11-26,6570.0,3500.0,6680.0,1
Soyabean,2021-11-27,6450.0,2500.0,6665.0,1
Soyabean,2021-11-29,6050.0,3500.0,6516.0,1
Soyabean,2021-11-30,6165.0,3500.0,6255.0,1
Soyabean,2021-12-03,6200.0,2500.0,6500.0,1
Soyabean,2021-12-05,6200.0,2500.0,6500.0,1
Soyabean,2021-12-06,6600.0,3000.0,6760.0,1
Soyabean,2021-12-07,6420.0,2800.0,6555.0,1
Soyabean,2021-12-08,6350.0,2800.0,6700.0,1
Soyabean,2021-12-09,6300.0,3500.0,7000.0,1
Soyabean,2021-12-10,6070.0,1800.0,6500.0,1
Soyabean,2021-12-11,6180.0,2800.0,6500.0,1
Soyabean,2021-12-13,6200.0,2800.0,6485.0,1
Soyabean,2021-12-14,6000.0,2500.0,6400.0,1
Soyabean,2021-12-15,6200.0,3000.0,7125.0,1
Soyabean,2021-12-16,6200.0,1800.0,6450.0,1
Soyabean,2021-12-17,6295.0,3000.0,10100.0,1
Soyabean,2021-12-18,5700.0,3000.0,6400.0,1
Soyabean,2021-12-19,6090.0,2500.0,6292.0,1
Soyabean,2021-12-20,6000.0,2500.0,6210.0,1
Soyabean,2021-12-21,6000.0,2000.0,6160.0,1
Soyabean,2021-12-22,6050.0,2500.0,6130.0,1
Soyabean,2021-12-23,6145.0,1800.0,6360.0,1
Soyabean,2021-12-24,6300.0,2000.0,6465.0,1
Soyabean,2021-12-25,6195.0,2500.0,6415.0,1
Soyabean,2021-12-27,6000.0,2800.0,6420.0,1
Soyabean,2021-12-28,6480.0,2800.0,6540.0,1
Soyabean,2021-12-29,6350.0,2500.0,6500.0,1
Soyabean,2021-12-30,6295.0,1500.0,6520.0,1
Soyabean,2021-12-31,6150.0,3500.0,6375.0,1
Soyabean,2022-01-01,6200.0,2500.0,6350.0,1
Soyabean,2022-01-03,6295.0,2500.0,6390.0,1
Soyabean,2022-01-04,6395.0,2500.0,6480.0,1
Soyabean,2022-01-05,6150.0,2500.0,6480.0,1
Soyabean,2022-01-06,6165.0,2500.0,6415.0,1
Soyabean,2022-01-07,6005.0,2505.0,6145.0,1
Soyabean,2022-01-08,6250.0,2800.0,6650.0,1
Soyabean,2022-01-10,6230.0,2500.0,6550.0,1
Soyabean,2022-01-11,6240.0,2800.0,6450.0,1
Soyabean,2022-01-12,6000.0,3000.0,6460.0,1
Soyabean,2022-01-15,6240.0,2500.0,6370.0,1
Soyabean,2022-01-17,5890.0,2500.0,6335.0,1
Soyabean,2022-01-18,6330.0,2500.0,6365.0,1
Soyabean,2022-01-19,5500.0,2500.0,6375.0,1
Soyabean,2022-01-21,6290.0,2800.0,6375.0,1
Soyabean,2022-01-22,6345.0,2500.0,6365.0,1
Soyabean,2022-01-24,6160.0,2400.0,6350.0,1
Soyabean,2022-01-25,6280.0,2800.0,6335.0,1
Soyabean,2022-01-27,5900.0,2800.0,6360.0,1
Soyabean,2022-01-28,6265.0,2800.0,6410.0,1
Soyabean,2022-01-29,6200.0,2500.0,6315.0,1
Soyabean,2022-01-31,6200.0,2500.0,6325.0,1
Soyabean,2022-02-02,5500.0,2500.0,6290.0,1
Soyabean,2022-02-03,4600.0,2840.0,6330.0,1
Soyabean,2022-02-05,6160.0,3390.0,6400.0,1
Soyabean,2022-02-07,5300.0,2800.0,6540.0,1
Soyabean,2022-02-08,6380.0,2800.0,6605.0,1
Soyabean,2022-02-09,6545.0,2800.0,6615.0,1
Soyabean,2022-02-10,6555.0,2800.0,6595.0,1
Soyabean,2022-02-11,6630.0,2500.0,6695.0,1
Soyabean,2022-02-12,4600.0,2500.0,6725.0,1
Soyabean,2022-02-14,6700.0,3905.0,6865.0,1
Soyabean,2022-02-15,6865.0,3500.0,6920.0,1
Soyabean,2022-02-16,6890.0,2700.0,6890.0,1
Soyabean,2022-02-17,6945.0,3510.0,7000.0,1
Soyabean,2022-02-18,6750.0,2800.0,6970.0,1
Soyabean,2022-02-19,7010.0,4500.0,7010.0,1
Soyabean,2022-02-21,7000.0,2800.0,7120.0,1
Soyabean,2022-02-22,7010.0,4500.0,7010.0,1
Soyabean,2022-02-23,7230.0,2800.0,7260.0,1
Soyabean,2022-02-24,7600.0,3800.0,7750.0,1
Soyabean,2022-02-25,5900.0,3855.0,7660.0,1
Soyabean,2022-02-26,7435.0,3600.0,7450.0,1
Soyabean,2022-02-28,7400.0,2800.0,7690.0,1
Soyabean,2022-03-03,7750.0,3000.0,7765.0,1
Soyabean,2022-03-05,7415.0,3000.0,7640.0,1
Soyabean,2022-03-07,7550.0,3000.0,7690.0,1
Soyabean,2022-03-08,7700.0,3000.0,7780.0,1
Soyabean,2022-03-09,7705.0,3000.0,7730.0,1
Soyabean,2022-03-10,7720.0,3000.0,7760.0,1
Soyabean,2022-03-11,7740.0,3000.0,7795.0,1
Soyabean,2022-03-12,7665.0,2500.0,7755.0,1
Soyabean,2022-03-14,7500.0,2500.0,7690.0,1
Soyabean,2022-03-15,7500.0,2500.0,7680.0,1
Soyabean,2022-03-16,7565.0,1545.0,7630.0,1
Soyabean,2022-03-17,7620.0,6405.0,7645.0,1
Soyabean,2022-03-19,7640.0,6450.0,7640.0,1
Soyabean,2022-03-21,7610.0,2800.0,7620.0,1
Soyabean,2022-03-23,7560.0,2900.0,7619.0,1
Soyabean,2022-03-24,7640.0,2500.0,7830.0,1
Soyabean,2022-03-25,7625.0,2500.0,7720.0,1
Soyabean,2022-03-26,7650.0,3500.0,7700.0,1
Soyabean,2022-03-28,7540.0,3000.0,7665.0,1
Soyabean,2022-03-29,7100.0,3000.0,7630.0,1
Soyabean,2022-03-30,7540.0,3000.0,7595.0,1
Soyabean,2022-04-04,7540.0,2490.0,7540.0,1
Soyabean,2022-04-05,7625.0,2650.0,7625.0,1
Soyabean,2022-04-06,7600.0,3000.0,7675.0,1
Soyabean,2022-04-07,7550.0,3200.0,7650.0,1
Soyabean,2022-04-08,7250.0,3500.0,7690.0,1
Soyabean,2022-04-09,7200.0,3500.0,7685.0,1
Soyabean,2022-04-11,6850.0,4250.0,7670.0,1
Soyabean,2022-04-12,7675.0,3000.0,7720.0,1
Soyabean,2022-04-13,7480.0,3000.0,7690.0,1
Soyabean,2022-04-15,7640.0,4790.0,7725.0,1
Soyabean,2022-04-18,7650.0,2800.0,7765.0,1
Soyabean,2022-04-19,7200.0,2800.0,7750.0,1
Soyabean,2022-04-20,7650.0,2800.0,7765.0,1
Soyabean,2022-04-21,7380.0,3800.0,7720.0,1
Soyabean,2022-04-22,7500.0,3150.0,7620.0,1
Soyabean,2022-04-23,6550.0,2800.0,7645.0,1
Soyabean,2022-04-25,7570.0,2800.0,7630.0,1
Soyabean,2022-04-26,7490.0,2800.0,7490.0,1
Soyabean,2022-04-27,7350.0,2800.0,7375.0,1
Soyabean,2022-04-28,7390.0,3350.0,7535.0,1
Soyabean,2022-04-29,7140.0,3500.0,7500.0,1
Soyabean,2022-05-02,6800.0,3000.0,7155.0,1
Soyabean,2022-05-03,7155.0,3000.0,7155.0,1
Soyabean,2022-05-04,6960.0,4050.0,7055.0,1
Soyabean,2022-05-06,6600.0,2500.0,7275.0,1
Soyabean,2022-05-07,7180.0,3200.0,7220.0,1
Soyabean,2022-05-09,7100.0,3200.0,7160.0,1
Soyabean,2022-05-10,7040.0,2900.0,7155.0,1
Soyabean,2022-05-11,7100.0,2900.0,7105.0,1
Soyabean,2022-05-12,6950.0,3500.0,7000.0,1
Soyabean,2022-05-14,6965.0,2800.0,6965.0,1
Soyabean,2022-05-19,6870.0,3190.0,7183.0,1
Soyabean,2022-05-20,7045.0,3000.0,7145.0,1
Soyabean,2022-05-21,7050.0,3700.0,7130.0,1
Soyabean,2022-05-23,6780.0,2970.0,7025.0,1
Soyabean,2022-05-24,6780.0,2700.0,6940.0,1
Soyabean,2022-05-25,6775.0,2500.0,6825.0,1
Soyabean,2022-05-26,6730.0,3200.0,6770.0,1
Soyabean,2022-05-27,6600.0,2500.0,6745.0,1
Soyabean,2022-05-28,6600.0,2500.0,6725.0,1
Soyabean,2022-05-31,6640.0,2050.0,6770.0,1
Soyabean,2022-06-01,6585.0,2500.0,6585.0,1
Soyabean,2022-06-02,6675.0,2500.0,6755.0,1
Soyabean,2022-06-03,6680.0,2500.0,6760.0,1
Soyabean,2022-06-04,6685.0,2500.0,6800.0,1
Soyabean,2022-06-06,6740.0,2470.0,6800.0,1
Soyabean,2022-06-09,7000.0,2500.0,7155.0,1
Soyabean,2022-06-10,7000.0,2700.0,7090.0,1
Soyabean,2022-06-11,6780.0,2500.0,6880.0,1
Soyabean,2022-06-13,6700.0,3500.0,6830.0,1
Soyabean,2022-06-14,6545.0,2500.0,6595.0,1
Soyabean,2022-06-15,6600.0,2600.0,6655.0,1
Soyabean,2022-06-16,6580.0,2500.0,6685.0,1
Soyabean,2022-06-17,6595.0,2500.0,6620.0,1
Soyabean,2022-06-18,6540.0,2500.0,6695.0,1
Soyabean,2022-06-20,6200.0,2500.0,6560.0,1
Soyabean,2022-06-21,6400.0,2500.0,6525.0,1
Soyabean,2022-06-22,6400.0,3600.0,6445.0,1
Soyabean,2022-06-23,5700.0,3100.0,6605.0,1
Soyabean,2022-06-27,6200.0,2500.0,6320.0,1
Soyabean,2022-06-28,6280.0,2500.0,6340.0,1
Soyabean,2022-06-30,6200.0,2500.0,6340.0,1
Soyabean,2022-07-01,6150.0,2500.0,6330.0,1
Soyabean,2022-07-02,6150.0,2500.0,6250.0,1
Soyabean,2022-07-04,5980.0,2500.0,6180.0,1
Soyabean,2022-07-07,6055.0,2500.0,6095.0,1
Soyabean,2022-07-08,6150.0,2500.0,6205.0,1
Soyabean,2022-07-09,6050.0,2500.0,6170.0,1
Soyabean,2022-07-11,6055.0,2500.0,6150.0,1
Soyabean,2022-07-12,6030.0,2500.0,6185.0,1
Soyabean,2022-07-13,6090.0,2500.0,6150.0,1
Soyabean,2022-07-14,6015.0,2500.0,6065.0,1
Soyabean,2022-07-15,5970.0,2500.0,6040.0,1
Soyabean,2022-07-18,5950.0,2500.0,6060.0,1
Soyabean,2022-07-19,6040.0,2500.0,6525.0,1
Soyabean,2022-07-20,6000.0,2500.0,6105.0,1
Soyabean,2022-07-21,5980.0,2500.0,6035.0,1
Soyabean,2022-07-22,5850.0,2500.0,5960.0,1
Soyabean,2022-07-23,5900.0,2600.0,5950.0,1
Soyabean,2022-07-25,5945.0,2500.0,6180.0,1
Soyabean,2022-07-26,5945.0,2500.0,6180.0,1
Soyabean,2022-07-28,5000.0,5000.0,5000.0,1
Soyabean,2022-07-29,6120.0,2500.0,6250.0,1
Soyabean,2022-07-30,6195.0,2305.0,6280.0,1
Soyabean,2022-07-31,1650.0,1600.0,1665.0,1
Soyabean,2022-08-01,6163.0,2700.0,6315.0,1
Soyabean,2022-08-02,6100.0,2500.0,6165.0,1
Soyabean,2022-08-03,6210.0,2500.0,6210.0,1
Soyabean,2022-08-04,6165.0,2500.0,6165.0,1
Soyabean,2022-08-13,6160.0,2500.0,6245.0,1
Soyabean,2022-08-16,6140.0,2500.0,6215.0,1
Soyabean,2022-08-17,6060.0,2500.0,6200.0,1
Soyabean,2022-08-18,6000.0,2500.0,6200.0,1
Soyabean,2022-08-20,5880.0,2500.0,6080.0,1
Soyabean,2022-08-22,5900.0,2500.0,6000.0,1
Soyabean,2022-08-23,5930.0,3400.0,6000.0,1
Soyabean,2022-08-24,5700.0,2500.0,6050.0,1
Soyabean,2022-08-25,5700.0,2500.0,5870.0,1
Soyabean,2022-08-26,5400.0,2500.0,5580.0,1
Soyabean,2022-08-28,2500.0,2250.0,3000.0,1
Soyabean,2022-08-29,5350.0,2300.0,5420.0,1
Soyabean,2022-08-30,5200.0,2000.0,5385.0,1
Soyabean,2022-08-31,5050.0,5050.0,5050.0,1
Soyabean,2022-09-01,5200.0,2425.0,5335.0,1
Soyabean,2022-09-03,5165.0,2000.0,5330.0,1
Soyabean,2022-09-05,5300.0,2310.0,5365.0,1
Soyabean,2022-09-06,5400.0,2000.0,5440.0,1
Soyabean,2022-09-07,5000.0,2400.0,5475.0,1
Soyabean,2022-09-08,5270.0,2050.0,5270.0,1
Soyabean,2022-09-09,2080.0,1860.0,2565.0,1
Soyabean,2022-09-10,5050.0,2000.0,5245.0,1
Soyabean,2022-09-12,5255.0,2550.0,5270.0,1
Soyabean,2022-09-13,5200.0,2050.0,5350.0,1
Soyabean,2022-09-14,5050.0,2000.0,5320.0,1
Soyabean,2022-09-15,5250.0,2840.0,5300.0,1
Soyabean,2022-09-16,5220.0,2000.0,5300.0,1
Soyabean,2022-09-17,5100.0,2150.0,5290.0,1
Soyabean,2022-09-19,5155.0,2205.0,5260.0,1
Soyabean,2022-09-20,4900.0,2000.0,5230.0,1
Soyabean,2022-09-21,5050.0,2000.0,5205.0,1
Soyabean,2022-09-22,5000.0,2000.0,5250.0,1
Soyabean,2022-09-23,3700.0,2000.0,5300.0,1
Soyabean,2022-09-24,5320.0,1800.0,5360.0,1
Soyabean,2022-09-26,2065.0,1955.0,2200.0,1
Soyabean,2022-09-27,4050.0,2040.0,5040.0,1
Soyabean,2022-09-28,4500.0,1800.0,5055.0,1
Soyabean,2022-09-29,4200.0,1800.0,5120.0,1
Soyabean,2022-09-30,4350.0,2100.0,5080.0,1
Soyabean,2022-10-01,4205.0,1800.0,5095.0,1
Soyabean,2022-10-02,4180.0,4050.0,4220.0,1
Soyabean,2022-10-03,4100.0,2000.0,5100.0,1
Soyabean,2022-10-04,4350.0,2000.0,4750.0,1
Soyabean,2022-10-05,4175.0,4081.0,4300.0,1
Soyabean,2022-10-06,4600.0,1845.0,4980.0,1
Soyabean,2022-10-07,4300.0,1700.0,5070.0,1
Soyabean,2022-10-08,4800.0,2030.0,5100.0,1
Soyabean,2022-10-10,4400.0,1800.0,4995.0,1
Soyabean,2022-10-11,4400.0,1800.0,4945.0,1
Soyabean,2022-10-12,4555.0,1850.0,4950.0,1
Soyabean,2022-10-13,4500.0,2000.0,4930.0,1
Soyabean,2022-10-14,4650.0,1700.0,5090.0,1
Soyabean,2022-10-15,4000.0,1800.0,5095.0,1
Soyabean,2022-10-17,4500.0,1800.0,5025.0,1
Soyabean,2022-10-18,3500.0,2200.0,5100.0,1
Soyabean,2022-10-19,4400.0,2200.0,5105.0,1
Soyabean,2022-10-20,4000.0,1800.0,5255.0,1
Soyabean,2022-10-22,4500.0,4500.0,4500.0,1
Soyabean,2022-10-26,4400.0,2200.0,5105.0,1
Soyabean,2022-10-27,4400.0,2200.0,5105.0,1
Soyabean,2022-10-28,4600.0,4000.0,4600.0,1
Soyabean,2022-10-29,5030.0,2500.0,5400.0,1
Soyabean,2022-10-31,5000.0,2230.0,5330.0,1
Soyabean,2022-11-01,5060.0,1800.0,5620.0,1
Soyabean,2022-11-02,5400.0,2020.0,5590.0,1
Soyabean,2022-11-03,5400.0,2100.0,5600.0,1
Soyabean,2022-11-04,5400.0,2000.0,5600.0,1
Soyabean,2022-11-07,5740.0,2000.0,5890.0,1
Soyabean,2022-11-08,5260.0,2055.0,5855.0,1
Soyabean,2022-11-09,5705.0,2500.0,5905.0,1
Soyabean,2022-11-10,5500.0,2550.0,5700.0,1
Soyabean,2022-11-11,5470.0,2500.0,5635.0,1
Soyabean,2022-11-12,5400.0,2050.0,5765.0,1
Soyabean,2022-11-15,5500.0,2000.0,5765.0,1
Soyabean,2022-11-16,5400.0,2050.0,5730.0,1
Soyabean,2022-11-17,5400.0,2200.0,6625.0,1
Soyabean,2022-11-19,5615.0,2500.0,5685.0,1
Soyabean,2022-11-20,5445.0,2500.0,5560.0,1
Soyabean,2022-11-21,5400.0,2300.0,5645.0,1
Soyabean,2022-11-22,5500.0,1800.0,6640.0,1
Soyabean,2022-11-23,5000.0,5000.0,5000.0,1
Soyabean,2022-11-25,5300.0,1500.0,5600.0,1
Soyabean,2022-11-26,5300.0,1500.0,6650.0,1
Soyabean,2022-11-27,4000.0,4000.0,4000.0,1
Soyabean,2022-11-28,5300.0,1500.0,6100.0,1
Soyabean,2022-11-29,5400.0,1900.0,6800.0,1
Soyabean,2022-11-30,5300.0,1800.0,5490.0,1
Soyabean,2022-12-02,5250.0,1800.0,5490.0,1
Soyabean,2022-12-03,5000.0,1680.0,5470.0,1
Soyabean,2022-12-05,5350.0,1500.0,6500.0,1
Soyabean,2022-12-06,5200.0,1500.0,5470.0,1
Soyabean,2022-12-07,5205.0,1900.0,5535.0,1
Soyabean,2022-12-08,5450.0,1880.0,5560.0,1
Soyabean,2022-12-09,5490.0,2905.0,5560.0,1
Soyabean,2022-12-10,5400.0,1800.0,5545.0,1
Soyabean,2022-12-12,5400.0,1800.0,5530.0,1
Soyabean,2022-12-13,5370.0,1800.0,5400.0,1
Soyabean,2022-12-14,5400.0,1800.0,5480.0,1
Soyabean,2022-12-15,5300.0,2000.0,5535.0,1
Soyabean,2022-12-16,5400.0,1300.0,5550.0,1
Soyabean,2022-12-17,5400.0,1500.0,5545.0,1
Soyabean,2022-12-19,5420.0,1800.0,5610.0,1
Soyabean,2022-12-20,5500.0,1340.0,5950.0,1
Soyabean,2022-12-21,5150.0,5150.0,5150.0,1
Soyabean,2022-12-23,4000.0,4000.0,4000.0,1
Soyabean,2022-12-24,5480.0,1200.0,5965.0,1
Soyabean,2022-12-26,5000.0,1820.0,5545.0,1
Soyabean,2022-12-27,5375.0,1800.0,5555.0,1
Soyabean,2022-12-28,5500.0,1800.0,5800.0,1
Soyabean,2022-12-30,5545.0,1700.0,5570.0,1
Soyabean,2022-12-31,5580.0,1800.0,5640.0,1
Soyabean,2023-01-02,5600.0,2000.0,5800.0,1
Soyabean,2023-01-03,5100.0,1900.0,5800.0,1
Soyabean,2023-01-04,5625.0,1460.0,5735.0,1
Soyabean,2023-01-05,5200.0,1600.0,5725.0,1
Soyabean,2023-01-06,5550.0,1690.0,5870.0,1
Soyabean,2023-01-07,5600.0,1910.0,5780.0,1
Soyabean,2023-01-09,5550.0,1605.0,5800.0,1
Soyabean,2023-01-10,5530.0,1600.0,5675.0,1
Soyabean,2023-01-11,5550.0,1550.0,5800.0,1
Soyabean,2023-01-12,5520.0,2140.0,5610.0,1
Soyabean,2023-01-17,5500.0,3000.0,5650.0,1
Soyabean,2023-01-18,5450.0,3000.0,5610.0,1
Soyabean,2023-01-20,5300.0,1455.0,5550.0,1
Soyabean,2023-01-23,5380.0,1600.0,5990.0,1
Soyabean,2023-01-24,5290.0,1500.0,5375.0,1
Soyabean,2023-01-25,5350.0,1485.0,5550.0,1
Soyabean,2023-01-27,5350.0,1605.0,6150.0,1
Soyabean,2023-01-28,5350.0,3410.0,5500.0,1
Soyabean,2023-01-30,5425.0,1900.0,5475.0,1
Soyabean,2023-01-31,5400.0,1900.0,5495.0,1
Soyabean,2023-02-01,5480.0,1500.0,5600.0,1
Soyabean,2023-02-02,5450.0,1900.0,5575.0,1
Soyabean,2023-02-03,5450.0,1500.0,5500.0,1
Soyabean,2023-02-04,5340.0,1800.0,5420.0,1
Soyabean,2023-02-06,5355.0,2300.0,5480.0,1
Soyabean,2023-02-07,5110.0,1800.0,5480.0,1
Soyabean,2023-02-08,5305.0,1800.0,5460.0,1
Soyabean,2023-02-10,5355.0,1700.0,5455.0,1
Soyabean,2023-02-11,5400.0,1770.0,5550.0,1
Soyabean,2023-02-13,5000.0,2050.0,5465.0,1
Soyabean,2023-02-14,5490.0,1900.0,5525.0,1
Soyabean,2023-02-15,5450.0,1750.0,5600.0,1
Soyabean,2023-02-16,5450.0,1700.0,5495.0,1
Soyabean,2023-02-18,4405.0,4075.0,4500.0,1
Soyabean,2023-02-19,4405.0,4075.0,4500.0,1
Soyabean,2023-02-20,4100.0,4000.0,4300.0,1
Soyabean,2023-02-21,5520.0,1600.0,5605.0,1
Soyabean,2023-02-22,5500.0,2000.0,5750.0,1
Soyabean,2023-02-23,5300.0,1600.0,5570.0,1
Soyabean,2023-02-24,5485.0,1600.0,5580.0,1
Soyabean,2023-02-25,5375.0,2000.0,5510.0,1
Soyabean,2023-02-27,5350.0,3000.0,5475.0,1
Soyabean,2023-02-28,5350.0,3000.0,5500.0,1
Soyabean,2023-03-01,5350.0,1725.0,5475.0,1
Soyabean,2023-03-02,5350.0,1600.0,5500.0,1
Soyabean,2023-03-03,5200.0,1500.0,5335.0,1
Soyabean,2023-03-04,5250.0,1805.0,5390.0,1
Soyabean,2023-03-10,5300.0,1500.0,5400.0,1
Soyabean,2023-03-11,5240.0,3000.0,5275.0,1
Soyabean,2023-03-13,5290.0,1800.0,5350.0,1
Soyabean,2023-03-14,5200.0,1300.0,5330.0,1
Soyabean,2023-03-15,5000.0,2190.0,5200.0,1
Soyabean,2023-03-16,5000.0,1600.0,5275.0,1
Soyabean,2023-03-17,5250.0,1500.0,5300.0,1
Soyabean,2023-03-18,5255.0,2125.0,5335.0,1
Soyabean,2023-03-20,5400.0,2000.0,5450.0,1
Soyabean,2023-03-21,5400.0,2000.0,5450.0,1
Soyabean,2023-03-22,5365.0,1500.0,5365.0,1
Soyabean,2023-03-23,5250.0,2000.0,5300.0,1
Soyabean,2023-03-24,5150.0,1800.0,5290.0,1
Soyabean,2023-03-25,5265.0,2050.0,5265.0,1
Soyabean,2023-03-27,5135.0,2000.0,5345.0,1
Soyabean,2023-03-28,5150.0,1800.0,5200.0,1
Soyabean,2023-03-29,5150.0,1120.0,5390.0,1
Soyabean,2023-04-04,5480.0,1500.0,5500.0,1
Soyabean,2023-04-05,5480.0,1500.0,5555.0,1
Soyabean,2023-04-07,5355.0,2125.0,5455.0,1
Soyabean,2023-04-08,5395.0,1125.0,5465.0,1
Soyabean,2023-04-10,5400.0,1200.0,5500.0,1
Soyabean,2023-04-11,5450.0,2100.0,5505.0,1
Soyabean,2023-04-12,5480.0,1550.0,5550.0,1
Soyabean,2023-04-15,5480.0,2050.0,5570.0,1
Soyabean,2023-04-17,5470.0,1500.0,5500.0,1
Soyabean,2023-04-18,5450.0,1500.0,5560.0,1
Soyabean,2023-04-19,5460.0,2160.0,5500.0,1
Soyabean,2023-04-21,5400.0,2300.0,5495.0,1
Soyabean,2023-04-22,5435.0,2305.0,5435.0,1
Soyabean,2023-04-25,5300.0,1500.0,5325.0,1
Soyabean,2023-04-26,5455.0,1800.0,5510.0,1
Soyabean,2023-04-27,5350.0,2000.0,5400.0,1
Soyabean,2023-04-28,5150.0,1500.0,5250.0,1
Soyabean,2023-04-29,5100.0,1680.0,5380.0,1
Soyabean,2023-05-01,5050.0,1800.0,5175.0,1
Soyabean,2023-05-02,5195.0,2690.0,5460.0,1
Soyabean,2023-05-03,5465.0,1800.0,5465.0,1
Soyabean,2023-05-05,5140.0,2235.0,5510.0,1
Soyabean,2023-05-06,4000.0,1500.0,5550.0,1
Soyabean,2023-05-08,5495.0,1200.0,5570.0,1
Soyabean,2023-05-09,5460.0,1500.0,5500.0,1
Soyabean,2023-05-10,5350.0,1800.0,5500.0,1
Soyabean,2023-05-11,5395.0,2100.0,5420.0,1
Soyabean,2023-05-12,5100.0,1800.0,5435.0,1
Soyabean,2023-05-13,5825.0,2905.0,5825.0,1
Soyabean,2023-05-15,5280.0,1500.0,5450.0,1
Soyabean,2023-05-16,5300.0,1800.0,5400.0,1
Soyabean,2023-05-17,5290.0,1800.0,5320.0,1
Soyabean,2023-05-18,5200.0,1800.0,5295.0,1
Soyabean,2023-05-20,5095.0,1800.0,5295.0,1
Soyabean,2023-05-22,5000.0,2100.0,5250.0,1
Soyabean,2023-05-23,5200.0,1950.0,5400.0,1
Soyabean,2023-05-24,4755.0,1800.0,5235.0,1
Soyabean,2023-05-25,5005.0,1700.0,5225.0,1
Soyabean,2023-05-26,5150.0,1890.0,5350.0,1
Soyabean,2023-05-27,5175.0,1800.0,5245.0,1
Soyabean,2023-05-29,5100.0,2000.0,5300.0,1
Soyabean,2023-05-30,5100.0,1500.0,5250.0,1
Soyabean,2023-05-31,5150.0,1500.0,5350.0,1
Soyabean,2023-06-01,5100.0,1500.0,5350.0,1
Soyabean,2023-06-02,5150.0,1500.0,5400.0,1
Soyabean,2023-06-03,5180.0,2000.0,5350.0,1
Soyabean,2023-06-05,5070.0,1300.0,5155.0,1
Soyabean,2023-06-06,5100.0,2000.0,5250.0,1
Soyabean,2023-06-07,5070.0,1500.0,5115.0,1
Soyabean,2023-06-08,5075.0,1800.0,5170.0,1
Soyabean,2023-06-09,5150.0,2000.0,5200.0,1
Soyabean,2023-06-10,4995.0,1720.0,5120.0,1
Soyabean,2023-06-12,5055.0,2500.0,5095.0,1
Soyabean,2023-06-13,5160.0,2000.0,5250.0,1
Soyabean,2023-06-14,5150.0,1500.0,5250.0,1
Soyabean,2023-06-15,5125.0,2500.0,5200.0,1
Soyabean,2023-06-16,5180.0,2500.0,5210.0,1
Soyabean,2023-06-17,5170.0,2500.0,5250.0,1
Soyabean,2023-06-19,5150.0,2500.0,5275.0,1
Soyabean,2023-06-20,5180.0,2000.0,5260.0,1
Soyabean,2023-06-21,5100.0,2500.0,5175.0,1
Soyabean,2023-06-22,5000.0,2500.0,5190.0,1
Soyabean,2023-06-23,5050.0,2500.0,5190.0,1
Soyabean,2023-06-24,5075.0,3360.0,5095.0,1
Soyabean,2023-06-26,5150.0,2500.0,5200.0,1
Soyabean,2023-06-27,5160.0,2500.0,5205.0,1
Soyabean,2023-06-28,4900.0,2200.0,5090.0,1
Soyabean,2023-06-29,4800.0,2700.0,5000.0,1
Soyabean,2023-06-30,4970.0,1890.0,5030.0,1
Wheat,2013-07-01,1430.0,0.0,0.0,1
Wheat,2013-07-02,1435.0,0.0,0.0,1
Wheat,2013-07-03,1425.0,0.0,0.0,1
Wheat,2013-07-04,1430.0,0.0,0.0,1
Wheat,2013-07-05,1420.0,0.0,0.0,1
Wheat,2013-07-06,1435.0,0.0,0.0,1
Wheat,2013-07-08,1425.0,0.0,0.0,1
Wheat,2013-07-09,1440.0,0.0,0.0,1
Wheat,2013-07-10,1450.0,0.0,0.0,1
Wheat,2013-07-11,1445.0,0.0,0.0,1
Wheat,2013-07-12,1450.0,0.0,0.0,1
Wheat,2013-07-13,1440.0,0.0,0.0,1
Wheat,2013-07-15,1460.0,0.0,0.0,1
Wheat,2013-07-16,1425.0,0.0,0.0,1
Wheat,2013-07-17,1455.0,0.0,0.0,1
Wheat,2013-07-18,1460.0,0.0,0.0,1
Wheat,2013-07-19,1455.0,0.0,0.0,1
Wheat,2013-07-20,1450.0,0.0,0.0,1
Wheat,2013-07-22,1425.0,0.0,0.0,1
Wheat,2013-07-23,1440.0,0.0,0.0,1
Wheat,2013-07-24,1450.0,0.0,0.0,1
Wheat,2013-07-25,1445.0,0.0,0.0,1
Wheat,2013-07-26,1440.0,0.0,0.0,1
Wheat,2013-07-27,1450.0,0.0,0.0,1
Wheat,2013-07-29,1445.0,0.0,0.0,1
Wheat,2013-07-30,1415.0,0.0,0.0,1
Wheat,2013-07-31,1400.0,0.0,0.0,1
Wheat,2013-08-01,1430.0,0.0,0.0,1
Wheat,2013-08-02,1425.0,0.0,0.0,1
Wheat,2013-08-03,1415.0,0.0,0.0,1
Wheat,2013-08-05,1425.0,0.0,0.0,1
Wheat,2013-08-06,1400.0,0.0,0.0,1
Wheat,2013-08-07,1410.0,0.0,0.0,1
Wheat,2013-08-08,1420.0,0.0,0.0,1
Wheat,2013-08-09,1425.0,0.0,0.0,1
Wheat,2013-08-10,1415.0,0.0,0.0,1
Wheat,2013-08-12,1400.0,0.0,0.0,1
Wheat,2013-08-13,1410.0,0.0,0.0,1
Wheat,2013-08-14,1415.0,0.0,0.0,1
Wheat,2013-08-16,1400.0,0.0,0.0,1
Wheat,2013-08-17,1395.0,0.0,0.0,1
Wheat,2013-08-19,1390.0,0.0,0.0,1
Wheat,2013-08-20,1410.0,0.0,0.0,1
Wheat,2013-08-21,1385.0,0.0,0.0,1
Wheat,2013-08-22,1400.0,0.0,0.0,1
Wheat,2013-08-23,1390.0,0.0,0.0,1
Wheat,2013-08-24,1385.0,0.0,0.0,1
Wheat,2013-08-26,1400.0,0.0,0.0,1
Wheat,2013-08-27,1410.0,0.0,0.0,1
Wheat,2013-08-28,1400.0,0.0,0.0,1
Wheat,2013-08-29,1390.0,0.0,0.0,1
Wheat,2013-08-30,1400.0,0.0,0.0,1
Wheat,2013-08-31,1410.0,0.0,0.0,1
Wheat,2013-09-02,1395.0,0.0,0.0,1
Wheat,2013-09-03,1415.0,0.0,0.0,1
Wheat,2013-09-04,1400.0,0.0,0.0,1
Wheat,2013-09-05,1390.0,0.0,0.0,1
Wheat,2013-09-06,1410.0,0.0,0.0,1
Wheat,2013-09-07,1400.0,0.0,0.0,1
Wheat,2013-09-09,1410.0,0.0,0.0,1
Wheat,2013-09-10,1405.0,0.0,0.0,1
Wheat,2013-09-13,1400.0,0.0,0.0,1
Wheat,2013-09-14,1410.0,0.0,0.0,1
Wheat,2013-09-16,1415.0,0.0,0.0,1
Wheat,2013-09-17,1420.0,0.0,0.0,1
Wheat,2013-09-18,1410.0,0.0,0.0,1
Wheat,2013-09-19,1445.0,0.0,0.0,1
Wheat,2013-09-20,1455.0,0.0,0.0,1
Wheat,2013-09-21,1440.0,0.0,0.0,1
Wheat,2013-09-23,1425.0,0.0,0.0,1
Wheat,2013-09-24,1415.0,0.0,0.0,1
Wheat,2013-09-25,1400.0,0.0,0.0,1
Wheat,2013-09-26,1420.0,0.0,0.0,1
Wheat,2013-09-27,1430.0,0.0,0.0,1
Wheat,2013-09-28,1440.0,0.0,0.0,1
Wheat,2013-09-30,1425.0,0.0,0.0,1
Wheat,2013-10-01,1400.0,0.0,0.0,1
Wheat,2013-10-03,1410.0,0.0,0.0,1
Wheat,2013-10-04,1425.0,0.0,0.0,1
Wheat,2013-10-05,1415.0,0.0,0.0,1
Wheat,2013-10-07,1420.0,0.0,0.0,1
Wheat,2013-10-08,1450.0,0.0,0.0,1
Wheat,2013-10-09,1460.0,0.0,0.0,1
Wheat,2013-10-10,1445.0,0.0,0.0,1
Wheat,2013-10-11,1450.0,0.0,0.0,1
Wheat,2013-10-12,1440.0,0.0,0.0,1
Wheat,2013-10-14,1465.0,0.0,0.0,1
Wheat,2013-10-15,1470.0,0.0,0.0,1
Wheat,2013-10-16,1460.0,0.0,0.0,1
Wheat,2013-10-17,1465.0,0.0,0.0,1
Wheat,2013-10-19,1470.0,0.0,0.0,1
Wheat,2013-10-21,1475.0,0.0,0.0,1
Wheat,2013-10-22,1480.0,0.0,0.0,1
Wheat,2013-10-23,1470.0,0.0,0.0,1
Wheat,2013-10-24,1480.0,0.0,0.0,1
Wheat,2013-10-25,1485.0,0.0,0.0,1
Wheat,2013-10-26,1500.0,0.0,0.0,1
Wheat,2013-10-28,1480.0,0.0,0.0,1
Wheat,2013-10-29,1510.0,0.0,0.0,1
Wheat,2013-10-30,1500.0,0.0,0.0,1
Wheat,2013-10-31,1490.0,0.0,0.0,1
Wheat,2013-11-01,1525.0,0.0,0.0,1
Wheat,2013-11-06,1500.0,0.0,0.0,1
Wheat,2013-11-07,1490.0,0.0,0.0,1
Wheat,2013-11-08,1480.0,0.0,0.0,1
Wheat,2013-11-09,1470.0,0.0,0.0,1
Wheat,2013-11-11,1480.0,0.0,0.0,1
Wheat,2013-11-12,1500.0,0.0,0.0,1
Wheat,2013-11-14,1490.0,0.0,0.0,1
Wheat,2013-11-16,1520.0,0.0,0.0,1
Wheat,2013-11-18,1525.0,0.0,0.0,1
Wheat,2013-11-19,1540.0,0.0,0.0,1
Wheat,2013-11-20,1530.0,0.0,0.0,1
Wheat,2013-11-21,1525.0,0.0,0.0,1
Wheat,2013-11-22,1540.0,0.0,0.0,1
Wheat,2013-11-23,1545.0,0.0,0.0,1
Wheat,2013-11-25,1525.0,0.0,0.0,1
Wheat,2013-11-26,1500.0,0.0,0.0,1
Wheat,2013-11-27,1510.0,0.0,0.0,1
Wheat,2013-11-28,1520.0,0.0,0.0,1
Wheat,2013-11-29,1510.0,0.0,0.0,1
Wheat,2013-11-30,1520.0,0.0,0.0,1
Wheat,2013-12-02,1525.0,0.0,0.0,1
Wheat,2013-12-03,1500.0,0.0,0.0,1
Wheat,2013-12-04,1540.0,0.0,0.0,1
Wheat,2013-12-05,1530.0,0.0,0.0,1
Wheat,2013-12-06,1525.0,0.0,0.0,1
Wheat,2013-12-07,1500.0,0.0,0.0,1
Wheat,2013-12-09,1510.0,0.0,0.0,1
Wheat,2013-12-10,1520.0,0.0,0.0,1
Wheat,2013-12-11,1525.0,0.0,0.0,1
Wheat,2013-12-12,1520.0,0.0,0.0,1
Wheat,2013-12-13,1535.0,0.0,0.0,1
Wheat,2013-12-14,1540.0,0.0,0.0,1
Wheat,2013-12-16,1540.0,0.0,0.0,1
Wheat,2013-12-17,1550.0,0.0,0.0,1
Wheat,2013-12-18,1545.0,0.0,0.0,1
Wheat,2013-12-20,1550.0,0.0,0.0,1
Wheat,2013-12-21,1560.0,0.0,0.0,1
Wheat,2013-12-24,1530.0,0.0,0.0,1
Wheat,2013-12-25,1535.0,0.0,0.0,1
Wheat,2013-12-26,1540.0,0.0,0.0,1
Wheat,2013-12-27,1560.0,0.0,0.0,1
Wheat,2013-12-30,1550.0,0.0,0.0,1
Wheat,2013-12-31,1545.0,0.0,0.0,1
Wheat,2014-01-01,1550.0,0.0,0.0,1
Wheat,2014-01-02,1535.0,0.0,0.0,1
Wheat,2014-01-03,1540.0,0.0,0.0,1
Wheat,2014-01-04,1550.0,0.0,0.0,1
Wheat,2014-01-06,1560.0,0.0,0.0,1
Wheat,2014-01-07,1565.0,0.0,0.0,1
Wheat,2014-01-08,1575.0,0.0,0.0,1
Wheat,2014-01-09,1585.0,0.0,0.0,1
Wheat,2014-01-10,1600.0,0.0,0.0,1
Wheat,2014-01-11,1610.0,0.0,0.0,1
Wheat,2014-01-13,1615.0,0.0,0.0,1
Wheat,2014-01-14,1620.0,0.0,0.0,1
Wheat,2014-01-15,1625.0,0.0,0.0,1
Wheat,2014-01-16,1610.0,0.0,0.0,1
Wheat,2014-01-17,1615.0,0.0,0.0,1
Wheat,2014-01-18,1620.0,0.0,0.0,1
Wheat,2014-01-20,1600.0,0.0,0.0,1
Wheat,2014-01-21,1610.0,0.0,0.0,1
Wheat,2014-01-22,1625.0,0.0,0.0,1
Wheat,2014-01-23,1600.0,0.0,0.0,1
Wheat,2014-01-24,1580.0,0.0,0.0,1
Wheat,2014-01-25,1575.0,0.0,0.0,1
Wheat,2014-01-27,1590.0,0.0,0.0,1
Wheat,2014-01-28,1610.0,0.0,0.0,1
Wheat,2014-01-30,1640.0,0.0,0.0,1
Wheat,2014-01-31,1650.0,0.0,0.0,1
Wheat,2014-02-01,1630.0,0.0,0.0,1
Wheat,2014-02-03,1640.0,0.0,0.0,1
Wheat,2014-02-04,1650.0,0.0,0.0,1
Wheat,2014-02-05,1630.0,0.0,0.0,1
Wheat,2014-02-06,1640.0,0.0,0.0,1
Wheat,2014-02-07,1660.0,0.0,0.0,1
Wheat,2014-02-08,1640.0,0.0,0.0,1
Wheat,2014-02-10,1625.0,0.0,0.0,1
Wheat,2014-02-11,1640.0,0.0,0.0,1
Wheat,2014-02-12,1620.0,0.0,0.0,1
Wheat,2014-02-13,1635.0,0.0,0.0,1
Wheat,2014-02-14,1650.0,0.0,0.0,1
Wheat,2014-02-15,1645.0,0.0,0.0,1
Wheat,2014-02-17,1640.0,0.0,0.0,1
Wheat,2014-02-18,1625.0,0.0,0.0,1
Wheat,2014-02-19,1640.0,0.0,0.0,1
Wheat,2014-02-20,1650.0,0.0,0.0,1
Wheat,2014-02-21,1625.0,0.0,0.0,1
Wheat,2014-02-22,1635.0,0.0,0.0,1
Wheat,2014-02-24,1640.0,0.0,0.0,1
Wheat,2014-02-25,1625.0,0.0,0.0,1
Wheat,2014-02-26,1620.0,0.0,0.0,1
Wheat,2014-02-27,1610.0,0.0,0.0,1
Wheat,2014-02-28,1625.0,0.0,0.0,1
Wheat,2014-03-01,1630.0,0.0,0.0,1
Wheat,2014-03-03,1640.0,0.0,0.0,1
Wheat,2014-03-04,1625.0,0.0,0.0,1
Wheat,2014-03-05,1650.0,0.0,0.0,1
Wheat,2014-03-06,1645.0,0.0,0.0,1
Wheat,2014-03-07,1640.0,0.0,0.0,1
Wheat,2014-03-09,1650.0,0.0,0.0,1
Wheat,2014-03-10,1650.0,0.0,0.0,1
Wheat,2014-03-11,1660.0,0.0,0.0,1
Wheat,2014-03-12,1675.0,0.0,0.0,1
Wheat,2014-03-13,1665.0,0.0,0.0,1
Wheat,2014-03-14,1650.0,0.0,0.0,1
Wheat,2014-03-15,1700.0,0.0,0.0,1
Wheat,2014-03-24,1600.0,0.0,0.0,1
Wheat,2014-03-25,1655.0,0.0,0.0,1
Wheat,2014-03-26,1675.0,0.0,0.0,1
Wheat,2014-03-27,1680.0,0.0,0.0,1
Wheat,2014-03-28,1685.0,0.0,0.0,1
Wheat,2014-03-29,1600.0,0.0,0.0,1
Wheat,2014-03-31,1615.0,0.0,0.0,1
Wheat,2014-04-01,1610.0,0.0,0.0,1
Wheat,2014-04-02,1610.0,0.0,0.0,1
Wheat,2014-04-03,1625.0,0.0,0.0,1
Wheat,2014-04-04,1575.0,0.0,0.0,1
Wheat,2014-04-05,1550.0,0.0,0.0,1
Wheat,2014-04-07,1575.0,0.0,0.0,1
Wheat,2014-04-09,1560.0,0.0,0.0,1
Wheat,2014-04-14,1510.0,0.0,0.0,1
Wheat,2014-04-15,1500.0,0.0,0.0,1
Wheat,2014-04-19,1500.0,0.0,0.0,1
Wheat,2014-04-21,1510.0,0.0,0.0,1
Wheat,2014-04-22,1480.0,0.0,0.0,1
Wheat,2014-04-23,1470.0,0.0,0.0,1
Wheat,2014-04-25,1475.0,0.0,0.0,1
Wheat,2014-04-26,1465.0,0.0,0.0,1
Wheat,2014-04-28,1450.0,0.0,0.0,1
Wheat,2014-04-29,1445.0,0.0,0.0,1
Wheat,2014-05-05,1440.0,0.0,0.0,1
Wheat,2014-05-07,1450.0,0.0,0.0,1
Wheat,2014-05-08,1425.0,0.0,0.0,1
Wheat,2014-05-09,1415.0,0.0,0.0,1
Wheat,2014-05-12,1410.0,0.0,0.0,1
Wheat,2014-05-17,1430.0,0.0,0.0,1
Wheat,2014-05-19,1415.0,0.0,0.0,1
Wheat,2014-05-20,1420.0,0.0,0.0,1
Wheat,2014-05-26,1450.0,0.0,0.0,1
Wheat,2014-05-27,1460.0,0.0,0.0,1
Wheat,2014-06-02,1455.0,0.0,0.0,1
Wheat,2014-06-09,1405.0,0.0,0.0,1
Wheat,2014-06-12,1425.0,0.0,0.0,1
Wheat,2014-06-13,1435.0,0.0,0.0,1
Wheat,2014-06-14,1430.0,0.0,0.0,1
Wheat,2014-06-16,1420.0,0.0,0.0,1
Wheat,2014-06-17,1425.0,0.0,0.0,1
Wheat,2014-06-18,1405.0,0.0,0.0,1
Wheat,2014-06-19,1425.0,0.0,0.0,1
Wheat,2014-06-20,1420.0,0.0,0.0,1
Wheat,2014-06-21,1415.0,0.0,0.0,1
Wheat,2014-06-23,1400.0,0.0,0.0,1
Wheat,2014-06-24,1420.0,0.0,0.0,1
Wheat,2014-06-25,1410.0,0.0,0.0,1
Wheat,2014-06-26,1415.0,0.0,0.0,1
Wheat,2014-06-27,1405.0,0.0,0.0,1
Wheat,2014-06-28,1420.0,0.0,0.0,1
Wheat,2014-06-30,1410.0,0.0,0.0,1
Wheat,2014-07-01,1420.0,0.0,0.0,1
Wheat,2014-07-02,1425.0,0.0,0.0,1
Wheat,2014-07-03,1410.0,0.0,0.0,1
Wheat,2014-07-04,1420.0,0.0,0.0,1
Wheat,2014-07-05,1425.0,0.0,0.0,1
Wheat,2014-07-07,1410.0,0.0,0.0,1
Wheat,2014-07-08,1415.0,0.0,0.0,1
Wheat,2014-07-09,1420.0,0.0,0.0,1
Wheat,2014-07-10,1425.0,0.0,0.0,1
Wheat,2014-07-11,1400.0,0.0,0.0,1
Wheat,2014-07-12,1405.0,0.0,0.0,1
Wheat,2014-07-14,1410.0,0.0,0.0,1
Wheat,2014-07-15,1415.0,0.0,0.0,1
Wheat,2014-07-16,1400.0,0.0,0.0,1
Wheat,2014-07-17,1430.0,0.0,0.0,1
Wheat,2014-07-18,1415.0,0.0,0.0,1
Wheat,2014-07-19,1420.0,0.0,0.0,1
Wheat,2014-07-21,1425.0,0.0,0.0,1
Wheat,2014-07-22,1415.0,0.0,0.0,1
Wheat,2014-07-23,1400.0,0.0,0.0,1
Wheat,2014-07-24,1425.0,0.0,0.0,1
Wheat,2014-07-25,1420.0,0.0,0.0,1
Wheat,2014-07-26,1420.0,0.0,0.0,1
Wheat,2014-07-28,1425.0,0.0,0.0,1
Wheat,2014-07-29,1420.0,0.0,0.0,1
Wheat,2014-07-30,1430.0,0.0,0.0,1
Wheat,2014-07-31,1435.0,0.0,0.0,1
Wheat,2014-08-01,1440.0,0.0,0.0,1
Wheat,2014-08-02,1435.0,0.0,0.0,1
Wheat,2014-08-04,1430.0,0.0,0.0,1
Wheat,2014-08-05,1440.0,0.0,0.0,1
Wheat,2014-08-06,1450.0,0.0,0.0,1
Wheat,2014-08-07,1435.0,0.0,0.0,1
Wheat,2014-08-08,1450.0,0.0,0.0,1
Wheat,2014-08-11,1445.0,0.0,0.0,1
Wheat,2014-08-12,1450.0,0.0,0.0,1
Wheat,2014-08-13,1440.0,0.0,0.0,1
Wheat,2014-08-14,1460.0,0.0,0.0,1
Wheat,2014-08-16,1450.0,0.0,0.0,1
Wheat,2014-08-18,1445.0,0.0,0.0,1
Wheat,2014-08-19,1440.0,0.0,0.0,1
Wheat,2014-08-20,1445.0,0.0,0.0,1
Wheat,2014-08-21,1450.0,0.0,0.0,1
Wheat,2014-08-22,1465.0,0.0,0.0,1
Wheat,2014-08-23,1460.0,0.0,0.0,1
Wheat,2014-08-25,1450.0,0.0,0.0,1
Wheat,2014-08-26,1440.0,0.0,0.0,1
Wheat,2014-08-28,1450.0,0.0,0.0,1
Wheat,2014-08-29,1465.0,0.0,0.0,1
Wheat,2014-08-30,1460.0,0.0,0.0,1
Wheat,2014-09-01,1455.0,0.0,0.0,1
Wheat,2014-09-02,1450.0,0.0,0.0,1
Wheat,2014-09-03,1440.0,0.0,0.0,1
Wheat,2014-09-04,1445.0,0.0,0.0,1
Wheat,2014-09-05,1460.0,0.0,0.0,1
Wheat,2014-09-06,1465.0,0.0,0.0,1
Wheat,2014-09-08,1460.0,0.0,0.0,1
Wheat,2014-09-09,1435.0,0.0,0.0,1
Wheat,2014-09-10,1460.0,0.0,0.0,1
Wheat,2014-09-11,1465.0,0.0,0.0,1
Wheat,2014-09-12,1450.0,0.0,0.0,1
Wheat,2014-09-13,1425.0,0.0,0.0,1
Wheat,2014-09-15,1460.0,0.0,0.0,1
Wheat,2014-09-16,1445.0,0.0,0.0,1
Wheat,2014-09-17,1440.0,0.0,0.0,1
Wheat,2014-09-18,1450.0,0.0,0.0,1
Wheat,2014-09-19,1460.0,0.0,0.0,1
Wheat,2014-09-20,1475.0,0.0,0.0,1
Wheat,2014-09-22,1470.0,0.0,0.0,1
Wheat,2014-09-23,1480.0,0.0,0.0,1
Wheat,2014-09-24,1490.0,0.0,0.0,1
Wheat,2014-09-25,1475.0,0.0,0.0,1
Wheat,2014-09-26,1500.0,0.0,0.0,1
Wheat,2014-09-27,1485.0,0.0,0.0,1
Wheat,2014-09-29,1490.0,0.0,0.0,1
Wheat,2014-09-30,1480.0,0.0,0.0,1
Wheat,2014-10-01,1500.0,0.0,0.0,1
Wheat,2014-10-03,1510.0,0.0,0.0,1
Wheat,2014-10-04,1515.0,0.0,0.0,1
Wheat,2014-10-06,1515.0,0.0,0.0,1
Wheat,2014-10-07,1510.0,0.0,0.0,1
Wheat,2014-10-08,1525.0,0.0,0.0,1
Wheat,2014-10-09,1520.0,0.0,0.0,1
Wheat,2014-10-10,1535.0,0.0,0.0,1
Wheat,2014-10-13,1530.0,0.0,0.0,1
Wheat,2014-10-14,1575.0,0.0,0.0,1
Wheat,2014-10-15,1570.0,0.0,0.0,1
Wheat,2014-10-16,1565.0,0.0,0.0,1
Wheat,2014-10-17,1575.0,0.0,0.0,1
Wheat,2014-10-18,1570.0,0.0,0.0,1
Wheat,2014-10-20,1560.0,0.0,0.0,1
Wheat,2014-10-21,1560.0,0.0,0.0,1
Wheat,2014-10-22,1560.0,0.0,0.0,1
Wheat,2014-10-23,1550.0,0.0,0.0,1
Wheat,2014-10-27,1560.0,0.0,0.0,1
Wheat,2014-10-28,1570.0,0.0,0.0,1
Wheat,2014-10-29,1565.0,0.0,0.0,1
Wheat,2014-10-31,1510.0,0.0,0.0,1
Wheat,2014-11-01,1525.0,0.0,0.0,1
Wheat,2014-11-03,1500.0,0.0,0.0,1
Wheat,2014-11-04,1515.0,0.0,0.0,1
Wheat,2014-11-05,1525.0,0.0,0.0,1
Wheat,2014-11-06,1510.0,0.0,0.0,1
Wheat,2014-11-07,1520.0,0.0,0.0,1
Wheat,2014-11-08,1500.0,0.0,0.0,1
Wheat,2014-11-10,1490.0,0.0,0.0,1
Wheat,2014-11-11,1480.0,0.0,0.0,1
Wheat,2014-11-12,1540.0,0.0,0.0,1
Wheat,2014-11-13,1520.0,0.0,0.0,1
Wheat,2014-11-14,1545.0,0.0,0.0,1
Wheat,2014-11-15,1550.0,0.0,0.0,1
Wheat,2014-11-17,1480.0,0.0,0.0,1
Wheat,2014-11-18,1475.0,0.0,0.0,1
Wheat,2014-11-19,1570.0,0.0,0.0,1
Wheat,2014-11-20,1525.0,0.0,0.0,1
Wheat,2014-11-21,1500.0,0.0,0.0,1
Wheat,2014-11-22,1480.0,0.0,0.0,1
Wheat,2014-11-24,1485.0,0.0,0.0,1
Wheat,2014-11-25,1525.0,0.0,0.0,1
Wheat,2014-11-26,1540.0,0.0,0.0,1
Wheat,2014-11-27,1550.0,0.0,0.0,1
Wheat,2014-11-28,1555.0,0.0,0.0,1
Wheat,2014-11-29,1540.0,0.0,0.0,1
Wheat,2014-12-01,1520.0,0.0,0.0,1
Wheat,2014-12-02,1500.0,0.0,0.0,1
Wheat,2014-12-03,1525.0,0.0,0.0,1
Wheat,2014-12-04,1540.0,0.0,0.0,1
Wheat,2014-12-05,1520.0,0.0,0.0,1
Wheat,2014-12-06,1515.0,0.0,0.0,1
Wheat,2014-12-08,1500.0,0.0,0.0,1
Wheat,2014-12-09,1525.0,0.0,0.0,1
Wheat,2014-12-10,1530.0,0.0,0.0,1
Wheat,2014-12-11,1520.0,0.0,0.0,1
Wheat,2014-12-12,1525.0,0.0,0.0,1
Wheat,2014-12-15,1570.0,0.0,0.0,1
Wheat,2014-12-16,1520.0,0.0,0.0,1
Wheat,2014-12-17,1500.0,0.0,0.0,1
Wheat,2014-12-18,1540.0,0.0,0.0,1
Wheat,2014-12-19,1535.0,0.0,0.0,1
Wheat,2014-12-20,1525.0,0.0,0.0,1
Wheat,2014-12-22,1510.0,0.0,0.0,1
Wheat,2014-12-23,1515.0,0.0,0.0,1
Wheat,2014-12-24,1520.0,0.0,0.0,1
Wheat,2014-12-26,1525.0,0.0,0.0,1
Wheat,2014-12-27,1520.0,0.0,0.0,1
Wheat,2014-12-29,1530.0,0.0,0.0,1
Wheat,2014-12-30,1540.0,0.0,0.0,1
Wheat,2014-12-31,1560.0,0.0,0.0,1
Wheat,2015-01-01,1550.0,0.0,0.0,1
Wheat,2015-01-02,1560.0,0.0,0.0,1
Wheat,2015-01-03,1565.0,0.0,0.0,1
Wheat,2015-01-05,1540.0,0.0,0.0,1
Wheat,2015-01-06,1550.0,0.0,0.0,1
Wheat,2015-01-07,1540.0,0.0,0.0,1
Wheat,2015-01-08,1525.0,0.0,0.0,1
Wheat,2015-01-09,1540.0,0.0,0.0,1
Wheat,2015-01-10,1550.0,0.0,0.0,1
Wheat,2015-01-12,1560.0,0.0,0.0,1
Wheat,2015-01-13,1580.0,0.0,0.0,1
Wheat,2015-01-14,1590.0,0.0,0.0,1
Wheat,2015-01-15,1600.0,0.0,0.0,1
Wheat,2015-01-16,1625.0,0.0,0.0,1
Wheat,2015-01-17,1615.0,0.0,0.0,1
Wheat,2015-01-19,1640.0,0.0,0.0,1
Wheat,2015-01-20,1630.0,0.0,0.0,1
Wheat,2015-01-21,1640.0,0.0,0.0,1
Wheat,2015-01-22,1650.0,0.0,0.0,1
Wheat,2015-01-23,1630.0,0.0,0.0,1
Wheat,2015-01-24,1635.0,0.0,0.0,1
Wheat,2015-01-27,1625.0,0.0,0.0,1
Wheat,2015-01-28,1635.0,0.0,0.0,1
Wheat,2015-01-29,1625.0,0.0,0.0,1
Wheat,2015-01-30,1620.0,0.0,0.0,1
Wheat,2015-01-31,1600.0,0.0,0.0,1
Wheat,2015-02-02,1590.0,0.0,0.0,1
Wheat,2015-02-03,1600.0,0.0,0.0,1
Wheat,2015-02-04,1615.0,0.0,0.0,1
Wheat,2015-02-05,1625.0,0.0,0.0,1
Wheat,2015-02-06,1640.0,0.0,0.0,1
Wheat,2015-02-07,1625.0,0.0,0.0,1
Wheat,2015-02-09,1615.0,0.0,0.0,1
Wheat,2015-02-10,1600.0,0.0,0.0,1
Wheat,2015-02-11,1620.0,0.0,0.0,1
Wheat,2015-02-12,1645.0,0.0,0.0,1
Wheat,2015-02-13,1630.0,0.0,0.0,1
Wheat,2015-02-16,1610.0,0.0,0.0,1
Wheat,2015-02-17,1600.0,0.0,0.0,1
Wheat,2015-02-18,1625.0,0.0,0.0,1
Wheat,2015-02-19,1640.0,0.0,0.0,1
Wheat,2015-02-20,1615.0,0.0,0.0,1
Wheat,2015-02-21,1600.0,0.0,0.0,1
Wheat,2015-02-23,1580.0,0.0,0.0,1
Wheat,2015-02-24,1590.0,0.0,0.0,1
Wheat,2015-02-25,1600.0,0.0,0.0,1
Wheat,2015-02-26,1580.0,0.0,0.0,1
Wheat,2015-02-27,1590.0,0.0,0.0,1
Wheat,2015-03-02,1580.0,0.0,0.0,1
Wheat,2015-03-03,1585.0,0.0,0.0,1
Wheat,2015-03-04,1575.0,0.0,0.0,1
Wheat,2015-03-05,1560.0,0.0,0.0,1
Wheat,2015-03-13,1530.0,0.0,0.0,1
Wheat,2015-03-14,1540.0,0.0,0.0,1
Wheat,2015-03-16,1550.0,0.0,0.0,1
Wheat,2015-03-17,1535.0,0.0,0.0,1
Wheat,2015-03-18,1560.0,0.0,0.0,1
Wheat,2015-03-19,1540.0,0.0,0.0,1
Wheat,2015-03-20,1520.0,0.0,0.0,1
Wheat,2015-03-21,1525.0,0.0,0.0,1
Wheat,2015-03-23,1535.0,0.0,0.0,1
Wheat,2015-03-24,1550.0,0.0,0.0,1
Wheat,2015-03-25,1525.0,0.0,0.0,1
Wheat,2015-03-26,1540.0,0.0,0.0,1
Wheat,2015-03-27,1565.0,0.0,0.0,1
Wheat,2015-03-28,1560.0,0.0,0.0,1
Wheat,2015-03-30,1550.0,0.0,0.0,1
Wheat,2015-03-31,1525.0,0.0,0.0,1
Wheat,2015-04-01,1545.0,0.0,0.0,1
Wheat,2015-04-02,1560.0,0.0,0.0,1
Wheat,2015-04-03,1550.0,0.0,0.0,1
Wheat,2015-04-04,1560.0,0.0,0.0,1
Wheat,2015-04-06,1550.0,0.0,0.0,1
Wheat,2015-04-07,1560.0,0.0,0.0,1
Wheat,2015-04-08,1540.0,0.0,0.0,1
Wheat,2015-04-09,1525.0,0.0,0.0,1
Wheat,2015-04-10,1500.0,0.0,0.0,1
Wheat,2015-04-13,1520.0,0.0,0.0,1
Wheat,2015-04-15,1510.0,0.0,0.0,1
Wheat,2015-04-16,1525.0,0.0,0.0,1
Wheat,2015-04-17,1520.0,0.0,0.0,1
Wheat,2015-04-18,1540.0,0.0,0.0,1
Wheat,2015-04-20,1545.0,0.0,0.0,1
Wheat,2015-04-21,1530.0,0.0,0.0,1
Wheat,2015-04-22,1500.0,0.0,0.0,1
Wheat,2015-04-23,1520.0,0.0,0.0,1
Wheat,2015-04-24,1480.0,0.0,0.0,1
Wheat,2015-04-25,1490.0,0.0,0.0,1
Wheat,2015-04-27,1480.0,0.0,0.0,1
Wheat,2015-04-28,1500.0,0.0,0.0,1
Wheat,2015-04-29,1520.0,0.0,0.0,1
Wheat,2015-04-30,1500.0,0.0,0.0,1
Wheat,2015-05-01,1525.0,0.0,0.0,1
Wheat,2015-05-02,1465.0,0.0,0.0,1
Wheat,2015-05-04,1455.0,0.0,0.0,1
Wheat,2015-05-06,1470.0,0.0,0.0,1
Wheat,2015-05-07,1480.0,0.0,0.0,1
Wheat,2015-05-08,1475.0,0.0,0.0,1
Wheat,2015-05-09,1485.0,0.0,0.0,1
Wheat,2015-05-11,1485.0,0.0,0.0,1
Wheat,2015-05-12,1500.0,0.0,0.0,1
Wheat,2015-05-13,1510.0,0.0,0.0,1
Wheat,2015-05-14,1480.0,0.0,0.0,1
Wheat,2015-05-15,1490.0,0.0,0.0,1
Wheat,2015-05-16,1500.0,0.0,0.0,1
Wheat,2015-05-18,1480.0,0.0,0.0,1
Wheat,2015-05-20,1480.0,0.0,0.0,1
Wheat,2015-05-21,1475.0,0.0,0.0,1
Wheat,2015-05-22,1485.0,0.0,0.0,1
Wheat,2015-05-23,1480.0,0.0,0.0,1
Wheat,2015-05-25,1465.0,0.0,0.0,1
Wheat,2015-05-26,1475.0,0.0,0.0,1
Wheat,2015-05-27,1470.0,0.0,0.0,1
Wheat,2015-05-28,1460.0,0.0,0.0,1
Wheat,2015-05-29,1470.0,0.0,0.0,1
Wheat,2015-05-30,1480.0,0.0,0.0,1
Wheat,2015-06-01,1510.0,0.0,0.0,1
Wheat,2015-06-02,1500.0,0.0,0.0,1
Wheat,2015-06-03,1505.0,0.0,0.0,1
Wheat,2015-06-04,1510.0,0.0,0.0,1
Wheat,2015-06-05,1500.0,0.0,0.0,1
Wheat,2015-06-06,1480.0,0.0,0.0,1
Wheat,2015-06-08,1485.0,0.0,0.0,1
Wheat,2015-06-09,1475.0,0.0,0.0,1
Wheat,2015-06-10,1500.0,0.0,0.0,1
Wheat,2015-06-11,1520.0,0.0,0.0,1
Wheat,2015-06-12,1525.0,0.0,0.0,1
Wheat,2015-06-13,1500.0,0.0,0.0,1
Wheat,2015-06-15,1510.0,0.0,0.0,1
Wheat,2015-06-16,1535.0,0.0,0.0,1
Wheat,2015-06-17,1525.0,0.0,0.0,1
Wheat,2015-06-18,1500.0,0.0,0.0,1
Wheat,2015-06-19,1510.0,0.0,0.0,1
Wheat,2015-06-20,1525.0,0.0,0.0,1
Wheat,2015-06-22,1530.0,0.0,0.0,1
Wheat,2015-06-23,1545.0,0.0,0.0,1
Wheat,2015-06-24,1520.0,0.0,0.0,1
Wheat,2015-06-25,1540.0,0.0,0.0,1
Wheat,2015-06-26,1525.0,0.0,0.0,1
Wheat,2015-06-27,1520.0,0.0,0.0,1
Wheat,2015-06-29,1545.0,0.0,0.0,1
Wheat,2015-07-01,1525.0,0.0,0.0,1
Wheat,2015-07-02,1510.0,0.0,0.0,1
Wheat,2015-07-03,1520.0,0.0,0.0,1
Wheat,2015-07-04,1540.0,0.0,0.0,1
Wheat,2015-07-06,1480.0,0.0,0.0,1
Wheat,2015-07-07,1490.0,0.0,0.0,1
Wheat,2015-07-08,1485.0,0.0,0.0,1
Wheat,2015-07-09,1480.0,0.0,0.0,1
Wheat,2015-07-10,1485.0,0.0,0.0,1
Wheat,2015-07-11,1490.0,0.0,0.0,1
Wheat,2015-07-13,1485.0,0.0,0.0,1
Wheat,2015-07-14,1480.0,0.0,0.0,1
Wheat,2015-07-15,1495.0,0.0,0.0,1
Wheat,2015-07-16,1500.0,0.0,0.0,1
Wheat,2015-07-17,1520.0,0.0,0.0,1
Wheat,2015-07-18,1530.0,0.0,0.0,1
Wheat,2015-07-20,1515.0,0.0,0.0,1
Wheat,2015-07-21,1520.0,0.0,0.0,1
Wheat,2015-07-22,1500.0,0.0,0.0,1
Wheat,2015-07-23,1490.0,0.0,0.0,1
Wheat,2015-07-24,1500.0,0.0,0.0,1
Wheat,2015-07-25,1520.0,0.0,0.0,1
Wheat,2015-07-27,1495.0,0.0,0.0,1
Wheat,2015-07-28,1480.0,0.0,0.0,1
Wheat,2015-07-29,1490.0,0.0,0.0,1
Wheat,2015-07-30,1480.0,0.0,0.0,1
Wheat,2015-07-31,1485.0,0.0,0.0,1
Wheat,2015-08-01,1495.0,0.0,0.0,1
Wheat,2015-08-03,1500.0,0.0,0.0,1
Wheat,2015-08-04,1490.0,0.0,0.0,1
Wheat,2015-08-05,1480.0,0.0,0.0,1
Wheat,2015-08-06,1470.0,0.0,0.0,1
Wheat,2015-08-07,1500.0,0.0,0.0,1
Wheat,2015-08-08,1520.0,0.0,0.0,1
Wheat,2015-08-10,1485.0,0.0,0.0,1
Wheat,2015-08-11,1510.0,0.0,0.0,1
Wheat,2015-08-12,1500.0,0.0,0.0,1
Wheat,2015-08-14,1480.0,0.0,0.0,1
Wheat,2015-08-17,1490.0,0.0,0.0,1
Wheat,2015-08-18,1485.0,0.0,0.0,1
Wheat,2015-08-19,1500.0,0.0,0.0,1
Wheat,2015-08-20,1525.0,0.0,0.0,1
Wheat,2015-08-21,1520.0,0.0,0.0,1
Wheat,2015-08-22,1500.0,0.0,0.0,1
Wheat,2015-08-24,1525.0,0.0,0.0,1
Wheat,2015-08-25,1540.0,0.0,0.0,1
Wheat,2015-08-26,1550.0,0.0,0.0,1
Wheat,2015-08-27,1535.0,0.0,0.0,1
Wheat,2015-08-28,1550.0,0.0,0.0,1
Wheat,2015-08-31,1540.0,0.0,0.0,1
Wheat,2015-09-01,1525.0,0.0,0.0,1
Wheat,2015-09-02,1535.0,0.0,0.0,1
Wheat,2015-09-03,1525.0,0.0,0.0,1
Wheat,2015-09-05,1520.0,0.0,0.0,1
Wheat,2015-09-07,1540.0,0.0,0.0,1
Wheat,2015-09-08,1550.0,0.0,0.0,1
Wheat,2015-09-09,1520.0,0.0,0.0,1
Wheat,2015-09-10,1510.0,0.0,0.0,1
Wheat,2015-09-11,1525.0,0.0,0.0,1
Wheat,2015-09-12,1540.0,0.0,0.0,1
Wheat,2015-09-14,1510.0,0.0,0.0,1
Wheat,2015-09-15,1540.0,0.0,0.0,1
Wheat,2015-09-16,1550.0,0.0,0.0,1
Wheat,2015-09-18,1545.0,0.0,0.0,1
Wheat,2015-09-21,1510.0,0.0,0.0,1
Wheat,2015-09-22,1480.0,0.0,0.0,1
Wheat,2015-09-23,1470.0,0.0,0.0,1
Wheat,2015-09-24,1500.0,0.0,0.0,1
Wheat,2015-09-25,1510.0,0.0,0.0,1
Wheat,2015-09-26,1520.0,0.0,0.0,1
Wheat,2015-09-28,1540.0,0.0,0.0,1
Wheat,2015-09-29,1500.0,0.0,0.0,1
Wheat,2015-09-30,1525.0,0.0,0.0,1
Wheat,2015-10-01,1485.0,0.0,0.0,1
Wheat,2015-10-03,1500.0,0.0,0.0,1
Wheat,2015-10-05,1525.0,0.0,0.0,1
Wheat,2015-10-06,1520.0,0.0,0.0,1
Wheat,2015-10-07,1540.0,0.0,0.0,1
Wheat,2015-10-08,1550.0,0.0,0.0,1
Wheat,2015-10-09,1550.0,0.0,0.0,1
Wheat,2015-10-10,1540.0,0.0,0.0,1
Wheat,2015-10-12,1525.0,0.0,0.0,1
Wheat,2015-10-13,1500.0,0.0,0.0,1
Wheat,2015-10-14,1510.0,0.0,0.0,1
Wheat,2015-10-15,1580.0,0.0,0.0,1
Wheat,2015-10-16,1570.0,0.0,0.0,1
Wheat,2015-10-17,1580.0,0.0,0.0,1
Wheat,2015-10-19,1590.0,0.0,0.0,1
Wheat,2015-10-20,1565.0,0.0,0.0,1
Wheat,2015-10-21,1575.0,0.0,0.0,1
Wheat,2015-10-22,1580.0,0.0,0.0,1
Wheat,2015-10-23,1580.0,0.0,0.0,1
Wheat,2015-10-24,1575.0,0.0,0.0,1
Wheat,2015-10-26,1590.0,0.0,0.0,1
Wheat,2015-10-27,1580.0,0.0,0.0,1
Wheat,2015-10-28,1575.0,0.0,0.0,1
Wheat,2015-10-29,1585.0,0.0,0.0,1
Wheat,2015-10-30,1565.0,0.0,0.0,1
Wheat,2015-11-02,1575.0,0.0,0.0,1
Wheat,2015-11-03,1590.0,0.0,0.0,1
Wheat,2015-11-04,1580.0,0.0,0.0,1
Wheat,2015-11-05,1585.0,0.0,0.0,1
Wheat,2015-11-06,1595.0,0.0,0.0,1
Wheat,2015-11-07,1600.0,0.0,0.0,1
Wheat,2015-11-09,1610.0,0.0,0.0,1
Wheat,2015-11-11,1615.0,0.0,0.0,1
Wheat,2015-11-14,1600.0,0.0,0.0,1
Wheat,2015-11-16,1610.0,0.0,0.0,1
Wheat,2015-11-17,1625.0,0.0,0.0,1
Wheat,2015-11-18,1660.0,0.0,0.0,1
Wheat,2015-11-19,1640.0,0.0,0.0,1
Wheat,2015-11-20,1650.0,0.0,0.0,1
Wheat,2015-11-21,1640.0,0.0,0.0,1
Wheat,2015-11-23,1665.0,0.0,0.0,1
Wheat,2015-11-24,1635.0,0.0,0.0,1
Wheat,2015-11-25,1675.0,0.0,0.0,1
Wheat,2015-11-26,1625.0,0.0,0.0,1
Wheat,2015-11-27,1615.0,0.0,0.0,1
Wheat,2015-11-28,1620.0,0.0,0.0,1
Wheat,2015-11-30,1640.0,0.0,0.0,1
Wheat,2015-12-01,1625.0,0.0,0.0,1
Wheat,2015-12-02,1650.0,0.0,0.0,1
Wheat,2015-12-03,1635.0,0.0,0.0,1
Wheat,2015-12-04,1600.0,0.0,0.0,1
Wheat,2015-12-05,1615.0,0.0,0.0,1
Wheat,2015-12-07,1640.0,0.0,0.0,1
Wheat,2015-12-08,1610.0,0.0,0.0,1
Wheat,2015-12-09,1625.0,0.0,0.0,1
Wheat,2015-12-10,1600.0,0.0,0.0,1
Wheat,2015-12-11,1640.0,0.0,0.0,1
Wheat,2015-12-12,1620.0,0.0,0.0,1
Wheat,2015-12-14,1650.0,0.0,0.0,1
Wheat,2015-12-15,1645.0,0.0,0.0,1
Wheat,2015-12-16,1625.0,0.0,0.0,1
Wheat,2015-12-17,1610.0,0.0,0.0,1
Wheat,2015-12-18,1625.0,0.0,0.0,1
Wheat,2015-12-19,1640.0,0.0,0.0,1
Wheat,2015-12-21,1625.0,0.0,0.0,1
Wheat,2015-12-22,1600.0,0.0,0.0,1
Wheat,2015-12-23,1615.0,0.0,0.0,1
Wheat,2015-12-24,1625.0,0.0,0.0,1
Wheat,2015-12-25,1640.0,0.0,0.0,1
Wheat,2015-12-26,1625.0,0.0,0.0,1
Wheat,2015-12-29,1640.0,0.0,0.0,1
Wheat,2015-12-30,1600.0,0.0,0.0,1
Wheat,2015-12-31,1610.0,0.0,0.0,1
Wheat,2016-01-01,1625.0,0.0,0.0,1
Wheat,2016-01-02,1640.0,0.0,0.0,1
Wheat,2016-01-05,1645.0,0.0,0.0,1
Wheat,2016-01-06,1660.0,0.0,0.0,1
Wheat,2016-01-07,1640.0,0.0,0.0,1
Wheat,2016-01-08,1650.0,0.0,0.0,1
Wheat,2016-01-09,1625.0,0.0,0.0,1
Wheat,2016-01-11,1600.0,0.0,0.0,1
Wheat,2016-01-12,1625.0,0.0,0.0,1
Wheat,2016-01-13,1640.0,0.0,0.0,1
Wheat,2016-01-14,1650.0,0.0,0.0,1
Wheat,2016-01-15,1620.0,0.0,0.0,1
Wheat,2016-01-16,1660.0,0.0,0.0,1
Wheat,2016-01-19,1625.0,0.0,0.0,1
Wheat,2016-01-20,1600.0,0.0,0.0,1
Wheat,2016-01-21,1615.0,0.0,0.0,1
Wheat,2016-01-22,1625.0,0.0,0.0,1
Wheat,2016-01-25,1650.0,0.0,0.0,1
Wheat,2016-01-27,1625.0,0.0,0.0,1
Wheat,2016-01-29,1640.0,0.0,0.0,1
Wheat,2016-01-30,1650.0,0.0,0.0,1
Wheat,2016-02-02,1580.0,0.0,0.0,1
Wheat,2016-02-03,1605.0,0.0,0.0,1
Wheat,2016-02-04,1600.0,0.0,0.0,1
Wheat,2016-02-05,1600.0,0.0,0.0,1
Wheat,2016-02-06,1615.0,0.0,0.0,1
Wheat,2016-02-08,1625.0,0.0,0.0,1
Wheat,2016-02-09,1585.0,0.0,0.0,1
Wheat,2016-02-10,1600.0,0.0,0.0,1
Wheat,2016-02-17,1665.0,0.0,0.0,1
Wheat,2016-02-18,1640.0,0.0,0.0,1
Wheat,2016-02-19,1650.0,0.0,0.0,1
Wheat,2016-02-20,1650.0,0.0,0.0,1
Wheat,2016-02-22,1660.0,0.0,0.0,1
Wheat,2016-02-23,1625.0,0.0,0.0,1
Wheat,2016-02-24,1600.0,0.0,0.0,1
Wheat,2016-02-25,2160.0,0.0,0.0,1
Wheat,2016-02-27,1600.0,0.0,0.0,1
Wheat,2016-02-29,1650.0,0.0,0.0,1
Wheat,2016-03-01,1660.0,0.0,0.0,1
Wheat,2016-03-02,1640.0,0.0,0.0,1
Wheat,2016-03-04,1585.0,0.0,0.0,1
Wheat,2016-03-09,1565.0,0.0,0.0,1
Wheat,2016-03-10,1555.0,0.0,0.0,1
Wheat,2016-03-11,1575.0,0.0,0.0,1
Wheat,2016-03-12,1550.0,0.0,0.0,1
Wheat,2016-03-14,1560.0,0.0,0.0,1
Wheat,2016-03-15,1575.0,0.0,0.0,1
Wheat,2016-03-16,1580.0,0.0,0.0,1
Wheat,2016-03-17,1650.0,0.0,0.0,1
Wheat,2016-03-19,1640.0,0.0,0.0,1
Wheat,2016-03-21,1665.0,0.0,0.0,1
Wheat,2016-03-23,1660.0,0.0,0.0,1
Wheat,2016-03-29,1625.0,0.0,0.0,1
Wheat,2016-03-30,1640.0,0.0,0.0,1
Wheat,2016-03-31,1650.0,0.0,0.0,1
Wheat,2016-04-01,1615.0,0.0,0.0,1
Wheat,2016-04-02,1660.0,0.0,0.0,1
Wheat,2016-04-04,1625.0,0.0,0.0,1
Wheat,2016-04-05,1640.0,0.0,0.0,1
Wheat,2016-04-06,1615.0,0.0,0.0,1
Wheat,2016-04-07,1600.0,0.0,0.0,1
Wheat,2016-04-08,1585.0,0.0,0.0,1
Wheat,2016-04-09,1580.0,0.0,0.0,1
Wheat,2016-04-11,1615.0,0.0,0.0,1
Wheat,2016-04-12,1600.0,0.0,0.0,1
Wheat,2016-04-13,1620.0,0.0,0.0,1
Wheat,2016-04-18,1585.0,0.0,0.0,1
Wheat,2016-04-19,1570.0,0.0,0.0,1
Wheat,2016-04-20,1570.0,0.0,0.0,1
Wheat,2016-04-21,1590.0,0.0,0.0,1
Wheat,2016-04-22,1585.0,0.0,0.0,1
Wheat,2016-04-23,1565.0,0.0,0.0,1
Wheat,2016-04-25,1575.0,0.0,0.0,1
Wheat,2016-04-26,1585.0,0.0,0.0,1
Wheat,2016-04-27,1570.0,0.0,0.0,1
Wheat,2016-04-28,1550.0,0.0,0.0,1
Wheat,2016-04-29,1560.0,0.0,0.0,1
Wheat,2016-04-30,1565.0,0.0,0.0,1
Wheat,2016-05-02,1540.0,0.0,0.0,1
Wheat,2016-05-03,1550.0,0.0,0.0,1
Wheat,2016-05-05,1545.0,0.0,0.0,1
Wheat,2016-05-06,1550.0,0.0,0.0,1
Wheat,2016-05-07,1540.0,0.0,0.0,1
Wheat,2016-05-09,1530.0,0.0,0.0,1
Wheat,2016-05-10,1545.0,0.0,0.0,1
Wheat,2016-05-11,1525.0,0.0,0.0,1
Wheat,2016-05-12,1535.0,0.0,0.0,1
Wheat,2016-05-13,1545.0,0.0,0.0,1
Wheat,2016-05-14,1530.0,0.0,0.0,1
Wheat,2016-05-16,1540.0,0.0,0.0,1
Wheat,2016-05-17,1525.0,0.0,0.0,1
Wheat,2016-05-20,1540.0,0.0,0.0,1
Wheat,2016-05-21,1530.0,0.0,0.0,1
Wheat,2016-05-23,1545.0,0.0,0.0,1
Wheat,2016-05-24,1550.0,0.0,0.0,1
Wheat,2016-05-25,1540.0,0.0,0.0,1
Wheat,2016-05-26,1530.0,0.0,0.0,1
Wheat,2016-05-27,1550.0,0.0,0.0,1
Wheat,2016-05-28,1535.0,0.0,0.0,1
Wheat,2016-05-30,1540.0,0.0,0.0,1
Wheat,2016-05-31,1530.0,0.0,0.0,1
Wheat,2016-06-01,1540.0,0.0,0.0,1
Wheat,2016-06-02,1585.0,0.0,0.0,1
Wheat,2016-06-03,1600.0,0.0,0.0,1
Wheat,2016-06-04,1580.0,0.0,0.0,1
Wheat,2016-06-06,1550.0,0.0,0.0,1
Wheat,2016-06-07,1565.0,0.0,0.0,1
Wheat,2016-06-09,1600.0,0.0,0.0,1
Wheat,2016-06-11,1630.0,0.0,0.0,1
Wheat,2016-06-13,1650.0,0.0,0.0,1
Wheat,2016-06-14,1625.0,0.0,0.0,1
Wheat,2016-06-15,1640.0,0.0,0.0,1
Wheat,2016-06-16,1660.0,0.0,0.0,1
Wheat,2016-06-17,1645.0,0.0,0.0,1
Wheat,2016-06-18,1615.0,0.0,0.0,1
Wheat,2016-06-20,1625.0,0.0,0.0,1
Wheat,2016-06-21,1600.0,0.0,0.0,1
Wheat,2016-06-22,1640.0,0.0,0.0,1
Wheat,2016-06-23,1625.0,0.0,0.0,1
Wheat,2016-06-24,1660.0,0.0,0.0,1
Wheat,2016-06-25,1650.0,0.0,0.0,1
Wheat,2016-06-27,1675.0,0.0,0.0,1
Wheat,2016-06-29,1625.0,0.0,0.0,1
Wheat,2016-06-30,1650.0,0.0,0.0,1
Wheat,2016-07-01,1600.0,0.0,0.0,1
Wheat,2016-07-02,1625.0,0.0,0.0,1
Wheat,2016-07-04,1640.0,0.0,0.0,1
Wheat,2016-07-05,1600.0,0.0,0.0,1
Wheat,2016-07-06,1625.0,0.0,0.0,1
Wheat,2016-07-07,1650.0,0.0,0.0,1
Wheat,2016-07-08,1625.0,0.0,0.0,1
Wheat,2016-07-09,1600.0,0.0,0.0,1
Wheat,2016-07-11,1640.0,0.0,0.0,1
Wheat,2016-07-12,1600.0,0.0,0.0,1
Wheat,2016-07-13,1620.0,0.0,0.0,1
Wheat,2016-07-14,1650.0,0.0,0.0,1
Wheat,2016-07-15,1650.0,0.0,0.0,1
Wheat,2016-07-16,1625.0,0.0,0.0,1
Wheat,2016-07-18,1615.0,0.0,0.0,1
Wheat,2016-07-19,1640.0,0.0,0.0,1
Wheat,2016-07-20,1625.0,0.0,0.0,1
Wheat,2016-07-21,1600.0,0.0,0.0,1
Wheat,2016-07-22,1615.0,0.0,0.0,1
Wheat,2016-07-23,1625.0,0.0,0.0,1
Wheat,2016-07-25,1640.0,0.0,0.0,1
Wheat,2016-07-26,1685.0,0.0,0.0,1
Wheat,2016-07-27,1690.0,0.0,0.0,1
Wheat,2016-07-28,1675.0,0.0,0.0,1
Wheat,2016-07-29,1665.0,0.0,0.0,1
Wheat,2016-08-01,1640.0,0.0,0.0,1
Wheat,2016-08-02,1650.0,0.0,0.0,1
Wheat,2016-08-03,1660.0,0.0,0.0,1
Wheat,2016-08-04,1675.0,0.0,0.0,1
Wheat,2016-08-05,1680.0,0.0,0.0,1
Wheat,2016-08-06,1660.0,0.0,0.0,1
Wheat,2016-08-08,1675.0,0.0,0.0,1
Wheat,2016-08-09,1660.0,0.0,0.0,1
Wheat,2016-08-10,1675.0,0.0,0.0,1
Wheat,2016-08-11,1640.0,0.0,0.0,1
Wheat,2016-08-12,1670.0,0.0,0.0,1
Wheat,2016-08-13,1650.0,0.0,0.0,1
Wheat,2016-08-16,1660.0,0.0,0.0,1
Wheat,2016-08-17,1650.0,0.0,0.0,1
Wheat,2016-08-18,1665.0,0.0,0.0,1
Wheat,2016-08-19,1675.0,0.0,0.0,1
Wheat,2016-08-20,1665.0,0.0,0.0,1
Wheat,2016-08-22,1650.0,0.0,0.0,1
Wheat,2016-08-25,1625.0,0.0,0.0,1
Wheat,2016-08-26,1640.0,0.0,0.0,1
Wheat,2016-08-27,1625.0,0.0,0.0,1
Wheat,2016-08-29,1650.0,0.0,0.0,1
Wheat,2016-08-30,1670.0,0.0,0.0,1
Wheat,2016-08-31,1640.0,0.0,0.0,1
Wheat,2016-09-02,1680.0,0.0,0.0,1
Wheat,2016-09-03,1660.0,0.0,0.0,1
Wheat,2016-09-05,1640.0,0.0,0.0,1
Wheat,2016-09-06,1650.0,0.0,0.0,1
Wheat,2016-09-07,1670.0,0.0,0.0,1
Wheat,2016-09-08,1650.0,0.0,0.0,1
Wheat,2016-09-09,1675.0,0.0,0.0,1
Wheat,2016-09-10,1665.0,0.0,0.0,1
Wheat,2016-09-12,1665.0,0.0,0.0,1
Wheat,2016-09-13,1675.0,0.0,0.0,1
Wheat,2016-09-14,1650.0,0.0,0.0,1
Wheat,2016-09-15,1675.0,0.0,0.0,1
Wheat,2016-09-16,1655.0,0.0,0.0,1
Wheat,2016-09-17,1675.0,0.0,0.0,1
Wheat,2016-09-19,1645.0,0.0,0.0,1
Wheat,2016-09-20,1660.0,0.0,0.0,1
Wheat,2016-09-22,1650.0,0.0,0.0,1
Wheat,2016-09-23,2155.0,0.0,0.0,1
Wheat,2016-09-27,1640.0,0.0,0.0,1
Wheat,2016-09-28,1660.0,0.0,0.0,1
Wheat,2016-09-29,1625.0,0.0,0.0,1
Wheat,2016-09-30,1650.0,0.0,0.0,1
Wheat,2016-10-01,1670.0,0.0,0.0,1
Wheat,2016-10-03,1640.0,0.0,0.0,1
Wheat,2016-10-04,1630.0,0.0,0.0,1
Wheat,2016-10-05,1615.0,0.0,0.0,1
Wheat,2016-10-06,1625.0,0.0,0.0,1
Wheat,2016-10-07,1640.0,0.0,0.0,1
Wheat,2016-10-10,1615.0,0.0,0.0,1
Wheat,2016-10-11,1600.0,0.0,0.0,1
Wheat,2016-10-12,1640.0,0.0,0.0,1
Wheat,2016-10-13,1650.0,0.0,0.0,1
Wheat,2016-10-14,1600.0,0.0,0.0,1
Wheat,2016-10-15,1625.0,0.0,0.0,1
Wheat,2016-10-17,1640.0,0.0,0.0,1
Wheat,2016-10-18,1660.0,0.0,0.0,1
Wheat,2016-10-19,2100.0,0.0,0.0,1
Wheat,2016-10-20,1650.0,0.0,0.0,1
Wheat,2016-10-21,1625.0,0.0,0.0,1
Wheat,2016-10-22,1675.0,0.0,0.0,1
Wheat,2016-10-24,1650.0,0.0,0.0,1
Wheat,2016-10-25,1665.0,0.0,0.0,1
Wheat,2016-10-26,1650.0,0.0,0.0,1
Wheat,2016-10-27,1670.0,0.0,0.0,1
Wheat,2016-10-28,1650.0,0.0,0.0,1
Wheat,2016-10-29,1665.0,0.0,0.0,1
Wheat,2016-11-02,1675.0,0.0,0.0,1
Wheat,2016-11-03,1685.0,0.0,0.0,1
Wheat,2016-11-04,1670.0,0.0,0.0,1
Wheat,2016-11-05,1690.0,0.0,0.0,1
Wheat,2016-11-07,1775.0,0.0,0.0,1
Wheat,2016-11-08,1760.0,0.0,0.0,1
Wheat,2016-11-09,1800.0,0.0,0.0,1
Wheat,2016-11-10,1825.0,0.0,0.0,1
Wheat,2016-11-11,1810.0,0.0,0.0,1
Wheat,2016-11-12,1800.0,0.0,0.0,1
Wheat,2016-11-14,1815.0,0.0,0.0,1
Wheat,2016-11-15,1800.0,0.0,0.0,1
Wheat,2016-11-16,1780.0,0.0,0.0,1
Wheat,2016-11-17,1750.0,0.0,0.0,1
Wheat,2016-11-19,1825.0,0.0,0.0,1
Wheat,2016-11-21,1840.0,0.0,0.0,1
Wheat,2016-11-22,1825.0,0.0,0.0,1
Wheat,2016-11-23,1850.0,0.0,0.0,1
Wheat,2016-11-24,1900.0,0.0,0.0,1
Wheat,2016-11-25,1920.0,0.0,0.0,1
Wheat,2016-11-26,1965.0,0.0,0.0,1
Wheat,2016-11-28,1950.0,0.0,0.0,1
Wheat,2016-11-29,1900.0,0.0,0.0,1
Wheat,2016-11-30,1925.0,0.0,0.0,1
Wheat,2016-12-01,1900.0,0.0,0.0,1
Wheat,2016-12-02,1920.0,0.0,0.0,1
Wheat,2016-12-03,1940.0,0.0,0.0,1
Wheat,2016-12-05,1925.0,0.0,0.0,1
Wheat,2016-12-06,1915.0,0.0,0.0,1
Wheat,2016-12-07,1850.0,0.0,0.0,1
Wheat,2016-12-09,1840.0,0.0,0.0,1
Wheat,2016-12-10,1800.0,0.0,0.0,1
Wheat,2016-12-12,1825.0,0.0,0.0,1
Wheat,2016-12-13,1840.0,0.0,0.0,1
Wheat,2016-12-14,1825.0,0.0,0.0,1
Wheat,2016-12-15,1830.0,0.0,0.0,1
Wheat,2016-12-16,1855.0,0.0,0.0,1
Wheat,2016-12-17,1840.0,0.0,0.0,1
Wheat,2016-12-19,1860.0,0.0,0.0,1
Wheat,2016-12-20,1850.0,0.0,0.0,1
Wheat,2016-12-21,1825.0,0.0,0.0,1
Wheat,2016-12-22,1800.0,0.0,0.0,1
Wheat,2016-12-26,1840.0,0.0,0.0,1
Wheat,2016-12-27,1825.0,0.0,0.0,1
Wheat,2016-12-28,1810.0,0.0,0.0,1
Wheat,2016-12-29,1850.0,0.0,0.0,1
Wheat,2016-12-30,1825.0,0.0,0.0,1
Wheat,2016-12-31,1840.0,0.0,0.0,1
Wheat,2017-01-02,1850.0,0.0,0.0,1
Wheat,2017-01-03,2125.0,0.0,0.0,1
Wheat,2017-01-05,1835.0,0.0,0.0,1
Wheat,2017-01-10,1875.0,0.0,0.0,1
Wheat,2017-01-11,1860.0,0.0,0.0,1
Wheat,2017-01-12,1840.0,0.0,0.0,1
Wheat,2017-01-13,1865.0,0.0,0.0,1
Wheat,2017-01-14,1875.0,0.0,0.0,1
Wheat,2017-01-16,1900.0,0.0,0.0,1
Wheat,2017-01-17,1875.0,0.0,0.0,1
Wheat,2017-01-18,1850.0,0.0,0.0,1
Wheat,2017-01-19,1875.0,0.0,0.0,1
Wheat,2017-01-20,1900.0,0.0,0.0,1
Wheat,2017-01-21,1915.0,0.0,0.0,1
Wheat,2017-01-23,1925.0,0.0,0.0,1
Wheat,2017-01-24,1910.0,0.0,0.0,1
Wheat,2017-01-25,1940.0,0.0,0.0,1
Wheat,2017-01-27,1925.0,0.0,0.0,1
Wheat,2017-01-28,1915.0,0.0,0.0,1
Wheat,2017-01-30,1940.0,0.0,0.0,1
Wheat,2017-01-31,1900.0,0.0,0.0,1
Wheat,2017-02-01,1925.0,0.0,0.0,1
Wheat,2017-02-02,1940.0,0.0,0.0,1
Wheat,2017-02-03,1950.0,0.0,0.0,1
Wheat,2017-02-04,1915.0,0.0,0.0,1
Wheat,2017-02-06,1925.0,0.0,0.0,1
Wheat,2017-02-07,1940.0,0.0,0.0,1
Wheat,2017-02-08,1930.0,0.0,0.0,1
Wheat,2017-02-09,1900.0,0.0,0.0,1
Wheat,2017-02-10,1910.0,0.0,0.0,1
Wheat,2017-02-11,1900.0,0.0,0.0,1
Wheat,2017-02-13,1925.0,0.0,0.0,1
Wheat,2017-02-14,1915.0,0.0,0.0,1
Wheat,2017-02-15,1875.0,0.0,0.0,1
Wheat,2017-02-16,1865.0,0.0,0.0,1
Wheat,2017-02-20,1850.0,0.0,0.0,1
Wheat,2017-02-21,1875.0,0.0,0.0,1
Wheat,2017-02-22,1860.0,0.0,0.0,1
Wheat,2017-02-23,1850.0,0.0,0.0,1
Wheat,2017-02-24,1875.0,0.0,0.0,1
Wheat,2017-02-25,1860.0,0.0,0.0,1
Wheat,2017-02-27,1800.0,0.0,0.0,1
Wheat,2017-02-28,1825.0,0.0,0.0,1
Wheat,2017-03-01,1815.0,0.0,0.0,1
Wheat,2017-03-02,1840.0,0.0,0.0,1
Wheat,2017-03-03,1800.0,0.0,0.0,1
Wheat,2017-03-04,1825.0,0.0,0.0,1
Wheat,2017-03-06,1840.0,0.0,0.0,1
Wheat,2017-03-07,1820.0,0.0,0.0,1
Wheat,2017-03-08,1810.0,0.0,0.0,1
Wheat,2017-03-09,1785.0,0.0,0.0,1
Wheat,2017-03-10,1750.0,0.0,0.0,1
Wheat,2017-03-20,1725.0,0.0,0.0,1
Wheat,2017-03-21,1740.0,0.0,0.0,1
Wheat,2017-03-22,1710.0,0.0,0.0,1
Wheat,2017-03-23,1675.0,0.0,0.0,1
Wheat,2017-03-24,1690.0,0.0,0.0,1
Wheat,2017-03-25,1670.0,0.0,0.0,1
Wheat,2017-03-27,1650.0,0.0,0.0,1
Wheat,2017-03-28,1665.0,0.0,0.0,1
Wheat,2017-03-30,1650.0,0.0,0.0,1
Wheat,2017-03-31,1625.0,0.0,0.0,1
Wheat,2017-04-01,1640.0,0.0,0.0,1
Wheat,2017-04-03,1625.0,0.0,0.0,1
Wheat,2017-04-04,1645.0,0.0,0.0,1
Wheat,2017-04-05,1665.0,0.0,0.0,1
Wheat,2017-04-06,1650.0,0.0,0.0,1
Wheat,2017-04-07,1640.0,0.0,0.0,1
Wheat,2017-04-08,1630.0,0.0,0.0,1
Wheat,2017-04-10,1650.0,0.0,0.0,1
Wheat,2017-04-11,1640.0,0.0,0.0,1
Wheat,2017-04-12,1630.0,0.0,0.0,1
Wheat,2017-04-13,1640.0,0.0,0.0,1
Wheat,2017-04-14,1645.0,0.0,0.0,1
Wheat,2017-04-15,1665.0,0.0,0.0,1
Wheat,2017-04-17,1650.0,0.0,0.0,1
Wheat,2017-04-18,1630.0,0.0,0.0,1
Wheat,2017-04-19,1640.0,0.0,0.0,1
Wheat,2017-04-20,1650.0,0.0,0.0,1
Wheat,2017-04-21,1630.0,0.0,0.0,1
Wheat,2017-04-22,1645.0,0.0,0.0,1
Wheat,2017-04-24,1665.0,0.0,0.0,1
Wheat,2017-04-25,1650.0,0.0,0.0,1
Wheat,2017-04-26,1635.0,0.0,0.0,1
Wheat,2017-04-27,1630.0,0.0,0.0,1
Wheat,2017-04-29,1625.0,0.0,0.0,1
Wheat,2017-05-01,1640.0,0.0,0.0,1
Wheat,2017-05-02,1635.0,0.0,0.0,1
Wheat,2017-05-03,1640.0,0.0,0.0,1
Wheat,2017-05-04,1650.0,0.0,0.0,1
Wheat,2017-05-05,1645.0,1630.0,1660.0,1
Wheat,2017-05-06,1635.0,1625.0,1655.0,1
Wheat,2017-05-08,1640.0,1630.0,1660.0,1
Wheat,2017-05-09,1635.0,1600.0,1665.0,1
Wheat,2017-05-11,1640.0,1630.0,1650.0,1
Wheat,2017-05-13,1650.0,1630.0,1665.0,1
Wheat,2017-05-15,1640.0,1630.0,1650.0,1
Wheat,2017-05-16,1650.0,1635.0,1665.0,1
Wheat,2017-05-19,1645.0,1625.0,1665.0,1
Wheat,2017-05-20,1650.0,1635.0,1660.0,1
Wheat,2017-05-22,1645.0,1630.0,1655.0,1
Wheat,2017-05-23,1635.0,1625.0,1665.0,1
Wheat,2017-05-24,2150.0,2100.0,2200.0,1
Wheat,2017-05-25,1645.0,1635.0,1660.0,1
Wheat,2017-05-26,1635.0,1625.0,1655.0,1
Wheat,2017-05-27,1650.0,1640.0,1665.0,1
Wheat,2017-05-31,1645.0,1630.0,1660.0,1
Wheat,2017-06-01,1640.0,1625.0,1665.0,1
Wheat,2017-06-02,1650.0,1635.0,1660.0,1
Wheat,2017-06-03,1650.0,1640.0,1665.0,1
Wheat,2017-06-05,1640.0,1635.0,1665.0,1
Wheat,2017-06-06,1645.0,1640.0,1665.0,1
Wheat,2017-06-07,1650.0,1640.0,1660.0,1
Wheat,2017-06-08,1635.0,1625.0,1650.0,1
Wheat,2017-06-09,1655.0,1645.0,1670.0,1
Wheat,2017-06-10,1640.0,1635.0,1655.0,1
Wheat,2017-06-12,1645.0,1635.0,1660.0,1
Wheat,2017-06-13,1650.0,1640.0,1660.0,1
Wheat,2017-06-14,1640.0,1635.0,1650.0,1
Wheat,2017-06-15,1660.0,1645.0,1675.0,1
Wheat,2017-06-16,1650.0,1640.0,1660.0,1
Wheat,2017-06-17,1645.0,1635.0,1660.0,1
Wheat,2017-06-19,1640.0,1635.0,1665.0,1
Wheat,2017-06-20,1650.0,1645.0,1660.0,1
Wheat,2017-06-21,1635.0,1625.0,1645.0,1
Wheat,2017-06-22,1645.0,1630.0,1665.0,1
Wheat,2017-06-23,5650.0,5615.0,5680.0,1
Wheat,2017-06-24,1650.0,1635.0,1665.0,1
Wheat,2017-06-26,1640.0,1635.0,1650.0,1
Wheat,2017-06-27,1655.0,1645.0,1675.0,1
Wheat,2017-06-28,1635.0,1630.0,1660.0,1
Wheat,2017-06-29,1645.0,1640.0,1665.0,1
Wheat,2017-06-30,1650.0,1640.0,1665.0,1
Wheat,2017-07-03,1650.0,1640.0,1665.0,1
Wheat,2017-07-04,1665.0,1645.0,1675.0,1
Wheat,2017-07-05,1645.0,1640.0,1675.0,1
Wheat,2017-07-06,1650.0,1640.0,1665.0,1
Wheat,2017-07-07,1640.0,1635.0,1655.0,1
Wheat,2017-07-08,1620.0,1600.0,1640.0,1
Wheat,2017-07-10,1600.0,1590.0,1650.0,1
Wheat,2017-07-11,1625.0,1600.0,1635.0,1
Wheat,2017-07-12,1630.0,1565.0,1655.0,1
Wheat,2017-07-13,1640.0,1630.0,1660.0,1
Wheat,2017-07-14,1650.0,1635.0,1660.0,1
Wheat,2017-07-15,1645.0,1630.0,1655.0,1
Wheat,2017-07-17,1635.0,1630.0,1650.0,1
Wheat,2017-07-18,1650.0,1635.0,1660.0,1
Wheat,2017-07-19,1640.0,1635.0,1650.0,1
Wheat,2017-07-20,1635.0,1625.0,1650.0,1
Wheat,2017-07-21,1635.0,1625.0,1650.0,1
Wheat,2017-07-22,1645.0,1635.0,1660.0,1
Wheat,2017-07-24,1650.0,1635.0,1665.0,1
Wheat,2017-07-25,1640.0,1635.0,1660.0,1
Wheat,2017-07-26,1665.0,1650.0,1675.0,1
Wheat,2017-07-27,1635.0,1625.0,1650.0,1
Wheat,2017-07-28,1645.0,1615.0,1665.0,1
Wheat,2017-07-29,1625.0,1600.0,1650.0,1
Wheat,2017-07-31,1630.0,1610.0,1650.0,1
Wheat,2017-08-01,1600.0,1585.0,1650.0,1
Wheat,2017-08-02,1625.0,1600.0,1660.0,1
Wheat,2017-08-03,1625.0,1600.0,1650.0,1
Wheat,2017-08-04,1600.0,1575.0,1640.0,1
Wheat,2017-08-05,1640.0,1625.0,1665.0,1
Wheat,2017-08-08,1625.0,1600.0,1665.0,1
Wheat,2017-08-09,1650.0,1615.0,1675.0,1
Wheat,2017-08-10,1635.0,1610.0,1660.0,1
Wheat,2017-08-11,1600.0,1580.0,1650.0,1
Wheat,2017-08-12,1610.0,1575.0,1650.0,1
Wheat,2017-08-14,1585.0,1560.0,1625.0,1
Wheat,2017-08-16,1600.0,1580.0,1650.0,1
Wheat,2017-08-17,1575.0,1550.0,1650.0,1
Wheat,2017-08-18,1590.0,1560.0,1630.0,1
Wheat,2017-08-19,1580.0,1560.0,1600.0,1
Wheat,2017-08-21,1565.0,1540.0,1600.0,1
Wheat,2017-08-22,1575.0,1550.0,1625.0,1
Wheat,2017-08-23,1560.0,1545.0,1585.0,1
Wheat,2017-08-24,1550.0,1525.0,1600.0,1
Wheat,2017-08-25,1575.0,1540.0,1600.0,1
Wheat,2017-08-26,1560.0,1520.0,1600.0,1
Wheat,2017-08-28,1550.0,1540.0,1575.0,1
Wheat,2017-08-29,1575.0,1560.0,1600.0,1
Wheat,2017-08-30,1525.0,1500.0,1575.0,1
Wheat,2017-08-31,1565.0,1525.0,1650.0,1
Wheat,2017-09-01,1570.0,1525.0,1610.0,1
Wheat,2017-09-02,1550.0,1525.0,1600.0,1
Wheat,2017-09-04,1560.0,1540.0,1600.0,1
Wheat,2017-09-05,1575.0,1550.0,1615.0,1
Wheat,2017-09-06,1600.0,1560.0,1625.0,1
Wheat,2017-09-07,1585.0,1565.0,1620.0,1
Wheat,2017-09-08,1610.0,1580.0,1625.0,1
Wheat,2017-09-09,1600.0,1565.0,1610.0,1
Wheat,2017-09-11,1585.0,1560.0,1610.0,1
Wheat,2017-09-12,1620.0,1600.0,1650.0,1
Wheat,2017-09-13,1600.0,1580.0,1625.0,1
Wheat,2017-09-14,1625.0,1600.0,1640.0,1
Wheat,2017-09-15,1635.0,1615.0,1665.0,1
Wheat,2017-09-16,1620.0,1580.0,1650.0,1
Wheat,2017-09-18,1630.0,1600.0,1675.0,1
Wheat,2017-09-19,1645.0,1615.0,1700.0,1
Wheat,2017-09-20,1625.0,1580.0,1675.0,1
Wheat,2017-09-21,1635.0,1575.0,1660.0,1
Wheat,2017-09-22,1630.0,1600.0,1650.0,1
Wheat,2017-09-23,1620.0,1580.0,1675.0,1
Wheat,2017-09-25,1635.0,1610.0,1650.0,1
Wheat,2017-09-26,1625.0,1585.0,1675.0,1
Wheat,2017-09-27,1615.0,1575.0,1645.0,1
Wheat,2017-09-28,1630.0,1575.0,1650.0,1
Wheat,2017-09-29,1640.0,1620.0,1660.0,1
Wheat,2017-09-30,1625.0,1600.0,1650.0,1
Wheat,2017-10-03,1615.0,1585.0,1645.0,1
Wheat,2017-10-04,1600.0,1550.0,1650.0,1
Wheat,2017-10-05,1620.0,1600.0,1650.0,1
Wheat,2017-10-06,1610.0,1580.0,1640.0,1
Wheat,2017-10-07,1625.0,1575.0,1650.0,1
Wheat,2017-10-09,1600.0,1560.0,1640.0,1
Wheat,2017-10-10,1615.0,1575.0,1640.0,1
Wheat,2017-10-11,1625.0,1580.0,1650.0,1
Wheat,2017-10-12,1600.0,1575.0,1660.0,1
Wheat,2017-10-13,1620.0,1580.0,1650.0,1
Wheat,2017-10-14,1610.0,1580.0,1685.0,1
Wheat,2017-10-16,1630.0,1580.0,1700.0,1
Wheat,2017-10-17,1580.0,1500.0,1640.0,1
Wheat,2017-10-18,1570.0,1550.0,1650.0,1
Wheat,2017-10-19,1585.0,1540.0,1620.0,1
Wheat,2017-10-23,1575.0,1525.0,1625.0,1
Wheat,2017-10-24,1600.0,1575.0,1640.0,1
Wheat,2017-10-25,1615.0,1575.0,1640.0,1
Wheat,2017-10-26,1575.0,1550.0,1625.0,1
Wheat,2017-10-27,1620.0,1585.0,1675.0,1
Wheat,2017-10-28,1610.0,1580.0,1650.0,1
Wheat,2017-10-30,1625.0,1600.0,1665.0,1
Wheat,2017-10-31,1600.0,1585.0,1650.0,1
Wheat,2017-11-01,1610.0,1575.0,1640.0,1
Wheat,2017-11-02,1600.0,1550.0,1650.0,1
Wheat,2017-11-03,1615.0,1550.0,1660.0,1
Wheat,2017-11-04,1625.0,1580.0,1650.0,1
Wheat,2017-11-06,1610.0,1550.0,1650.0,1
Wheat,2017-11-07,1620.0,1550.0,1660.0,1
Wheat,2017-11-08,1615.0,1550.0,1650.0,1
Wheat,2017-11-09,1600.0,1540.0,1650.0,1
Wheat,2017-11-10,1620.0,1550.0,1680.0,1
Wheat,2017-11-11,1610.0,1540.0,1650.0,1
Wheat,2017-11-13,1600.0,1550.0,1650.0,1
Wheat,2017-11-14,1625.0,1580.0,1675.0,1
Wheat,2017-11-15,1615.0,1560.0,1670.0,1
Wheat,2017-11-16,1625.0,1600.0,1690.0,1
Wheat,2017-11-17,1630.0,1550.0,1700.0,1
Wheat,2017-11-18,1610.0,1540.0,1660.0,1
Wheat,2017-11-20,1600.0,1550.0,1650.0,1
Wheat,2017-11-23,1620.0,1575.0,1660.0,1
Wheat,2017-11-24,1610.0,1550.0,1660.0,1
Wheat,2017-11-25,1625.0,1570.0,1730.0,1
Wheat,2017-11-27,1600.0,1500.0,1680.0,1
Wheat,2017-11-28,1610.0,1530.0,1700.0,1
Wheat,2017-11-29,1585.0,1550.0,1610.0,1
Wheat,2017-11-30,1600.0,1550.0,1650.0,1
Wheat,2017-12-02,1600.0,1580.0,1650.0,1
Wheat,2017-12-04,1625.0,1600.0,1650.0,1
Wheat,2017-12-05,1610.0,1580.0,1650.0,1
Wheat,2017-12-06,1625.0,1600.0,1640.0,1
Wheat,2017-12-07,1610.0,1585.0,1625.0,1
Wheat,2017-12-08,1600.0,1580.0,1615.0,1
Wheat,2017-12-11,1620.0,1585.0,1625.0,1
Wheat,2017-12-12,1615.0,1580.0,1625.0,1
Wheat,2017-12-13,1625.0,1600.0,1640.0,1
Wheat,2017-12-14,1600.0,1580.0,1625.0,1
Wheat,2017-12-15,1610.0,1575.0,1640.0,1
Wheat,2017-12-16,1620.0,1570.0,1650.0,1
Wheat,2017-12-18,1630.0,1600.0,1650.0,1
Wheat,2017-12-19,1615.0,1560.0,1650.0,1
Wheat,2017-12-20,1585.0,1540.0,1625.0,1
Wheat,2017-12-21,1575.0,1525.0,1625.0,1
Wheat,2017-12-22,1600.0,1560.0,1640.0,1
Wheat,2017-12-23,1620.0,1580.0,1660.0,1
Wheat,2017-12-25,1625.0,1600.0,1650.0,1
Wheat,2017-12-26,1635.0,1610.0,1650.0,1
Wheat,2017-12-27,1610.0,1515.0,1630.0,1
Wheat,2017-12-28,1620.0,1560.0,1650.0,1
Wheat,2017-12-29,1615.0,1585.0,1640.0,1
Wheat,2017-12-30,1600.0,1565.0,1650.0,1
Wheat,2018-01-01,1575.0,1525.0,1625.0,1
Wheat,2018-01-02,1600.0,1585.0,1640.0,1
Wheat,2018-01-03,1625.0,1580.0,1645.0,1
Wheat,2018-01-04,1615.0,1580.0,1625.0,1
Wheat,2018-01-05,1630.0,1575.0,1660.0,1
Wheat,2018-01-06,1610.0,1550.0,1640.0,1
Wheat,2018-01-08,1625.0,1600.0,1660.0,1
Wheat,2018-01-09,1600.0,1560.0,1625.0,1
Wheat,2018-01-10,1575.0,1560.0,1640.0,1
Wheat,2018-01-11,1610.0,1585.0,1625.0,1
Wheat,2018-01-12,1600.0,1550.0,1650.0,1
Wheat,2018-01-13,1620.0,1600.0,1635.0,1
Wheat,2018-01-15,1640.0,1610.0,1660.0,1
Wheat,2018-01-16,1625.0,1600.0,1650.0,1
Wheat,2018-01-17,1600.0,1585.0,1625.0,1
Wheat,2018-01-18,1625.0,1600.0,1650.0,1
Wheat,2018-01-19,1640.0,1620.0,1660.0,1
Wheat,2018-01-20,1630.0,1600.0,1650.0,1
Wheat,2018-01-22,1610.0,1575.0,1640.0,1
Wheat,2018-01-23,1625.0,1575.0,1650.0,1
Wheat,2018-01-24,1615.0,1575.0,1640.0,1
Wheat,2018-01-25,1600.0,1575.0,1640.0,1
Wheat,2018-01-27,1620.0,1600.0,1650.0,1
Wheat,2018-01-29,1610.0,1580.0,1640.0,1
Wheat,2018-01-30,1600.0,1575.0,1650.0,1
Wheat,2018-01-31,1625.0,1600.0,1650.0,1
Wheat,2018-02-01,1580.0,1550.0,1620.0,1
Wheat,2018-02-02,1600.0,1575.0,1625.0,1
Wheat,2018-02-03,1625.0,1585.0,1650.0,1
Wheat,2018-02-05,1610.0,1585.0,1640.0,1
Wheat,2018-02-06,1600.0,1575.0,1650.0,1
Wheat,2018-02-07,1625.0,1600.0,1665.0,1
Wheat,2018-02-08,1625.0,1600.0,1650.0,1
Wheat,2018-02-09,1615.0,1575.0,1640.0,1
Wheat,2018-02-10,1610.0,1590.0,1630.0,1
Wheat,2018-02-12,1600.0,1580.0,1625.0,1
Wheat,2018-02-13,1615.0,1580.0,1640.0,1
Wheat,2018-02-14,1605.0,1575.0,1630.0,1
Wheat,2018-02-15,1620.0,1600.0,1650.0,1
Wheat,2018-02-16,1625.0,1610.0,1640.0,1
Wheat,2018-02-17,1610.0,1575.0,1630.0,1
Wheat,2018-02-19,1600.0,1575.0,1630.0,1
Wheat,2018-02-20,1620.0,1600.0,1650.0,1
Wheat,2018-02-21,1610.0,1580.0,1630.0,1
Wheat,2018-02-22,1600.0,1575.0,1625.0,1
Wheat,2018-02-23,1620.0,1585.0,1650.0,1
Wheat,2018-02-24,1610.0,1580.0,1630.0,1
Wheat,2018-02-26,1625.0,1585.0,1650.0,1
Wheat,2018-02-27,1620.0,1600.0,1640.0,1
Wheat,2018-02-28,1610.0,1585.0,1640.0,1
Wheat,2018-03-01,1600.0,1575.0,1625.0,1
Wheat,2018-03-09,1610.0,1580.0,1630.0,1
Wheat,2018-03-10,1620.0,1585.0,1650.0,1
Wheat,2018-03-12,1625.0,1600.0,1650.0,1
Wheat,2018-03-13,1580.0,1560.0,1610.0,1
Wheat,2018-03-14,1600.0,1575.0,1625.0,1
Wheat,2018-03-15,1610.0,1580.0,1650.0,1
Wheat,2018-03-16,1625.0,1600.0,1660.0,1
Wheat,2018-03-17,1615.0,1575.0,1640.0,1
Wheat,2018-03-19,1600.0,1575.0,1625.0,1
Wheat,2018-03-20,1625.0,1580.0,1650.0,1
Wheat,2018-03-21,1610.0,1580.0,1650.0,1
Wheat,2018-03-22,1650.0,1600.0,1675.0,1
Wheat,2018-03-23,1635.0,1600.0,1665.0,1
Wheat,2018-03-24,1650.0,1600.0,1675.0,1
Wheat,2018-03-26,1630.0,1600.0,1670.0,1
Wheat,2018-03-27,1625.0,1600.0,1650.0,1
Wheat,2018-03-28,1640.0,1600.0,1700.0,1
Wheat,2018-03-29,1630.0,1600.0,1650.0,1
Wheat,2018-03-30,1620.0,1575.0,1650.0,1
Wheat,2018-03-31,1620.0,1600.0,1650.0,1
Wheat,2018-04-02,1625.0,1575.0,1660.0,1
Wheat,2018-04-03,1615.0,1600.0,1640.0,1
Wheat,2018-04-04,1600.0,1575.0,1650.0,1
Wheat,2018-04-05,1625.0,1600.0,1650.0,1
Wheat,2018-04-06,1600.0,1575.0,1625.0,1
Wheat,2018-04-07,1625.0,1585.0,1650.0,1
Wheat,2018-04-09,1610.0,1575.0,1640.0,1
Wheat,2018-04-10,1670.0,1600.0,1700.0,1
Wheat,2018-04-11,1650.0,1610.0,1675.0,1
Wheat,2018-04-12,1630.0,1610.0,1650.0,1
Wheat,2018-04-13,1620.0,1590.0,1640.0,1
Wheat,2018-04-14,1610.0,1585.0,1625.0,1
Wheat,2018-04-16,1600.0,1575.0,1650.0,1
Wheat,2018-04-17,1620.0,1580.0,1650.0,1
Wheat,2018-04-18,1610.0,1575.0,1640.0,1
Wheat,2018-04-19,1665.0,1625.0,1675.0,1
Wheat,2018-04-20,1700.0,1650.0,1750.0,1
Wheat,2018-04-24,1700.0,1650.0,1750.0,1
Wheat,2018-04-25,1725.0,1650.0,1735.0,1
Wheat,2018-04-26,1750.0,1700.0,1775.0,1
Wheat,2018-04-27,1735.0,1700.0,1750.0,1
Wheat,2018-04-28,1725.0,1700.0,1750.0,1
Wheat,2018-04-30,1700.0,1650.0,1750.0,1
Wheat,2018-05-01,1735.0,1700.0,1750.0,1
Wheat,2018-05-02,1725.0,1700.0,1750.0,1
Wheat,2018-05-03,1735.0,1700.0,1750.0,1
Wheat,2018-05-04,1740.0,1710.0,1750.0,1
Wheat,2018-05-05,1735.0,1720.0,1755.0,1
Wheat,2018-05-08,1725.0,1700.0,1735.0,1
Wheat,2018-05-09,1730.0,1710.0,1750.0,1
Wheat,2018-05-10,1725.0,1700.0,1750.0,1
Wheat,2018-05-11,1735.0,1725.0,1745.0,1
Wheat,2018-05-12,1720.0,1700.0,1750.0,1
Wheat,2018-05-14,1735.0,1720.0,1750.0,1
Wheat,2018-05-15,1725.0,1685.0,1750.0,1
Wheat,2018-05-16,1730.0,1725.0,1750.0,1
Wheat,2018-05-17,1735.0,1700.0,1750.0,1
Wheat,2018-05-18,1720.0,1700.0,1740.0,1
Wheat,2018-05-19,1730.0,1700.0,1750.0,1
Wheat,2018-05-21,1735.0,1720.0,1750.0,1
Wheat,2018-05-22,1735.0,1725.0,1750.0,1
Wheat,2018-05-23,1735.0,1725.0,1740.0,1
Wheat,2018-05-24,1740.0,1725.0,1750.0,1
Wheat,2018-05-25,1735.0,1700.0,1750.0,1
Wheat,2018-05-26,1740.0,1700.0,1750.0,1
Wheat,2018-05-28,1735.0,1710.0,1760.0,1
Wheat,2018-05-29,1735.0,1725.0,1750.0,1
Wheat,2018-05-30,1735.0,1700.0,1760.0,1
Wheat,2018-05-31,1735.0,1650.0,1750.0,1
Wheat,2018-06-01,1735.0,1665.0,1740.0,1
Wheat,2018-06-02,1740.0,1700.0,1750.0,1
Wheat,2018-06-04,1735.0,1700.0,1745.0,1
Wheat,2018-06-05,1735.0,1700.0,1750.0,1
Wheat,2018-06-06,1735.0,1710.0,1760.0,1
Wheat,2018-06-07,1735.0,1700.0,1750.0,1
Wheat,2018-06-08,1735.0,1710.0,1765.0,1
Wheat,2018-06-09,1735.0,1720.0,1750.0,1
Wheat,2018-06-11,1735.0,1725.0,1760.0,1
Wheat,2018-06-12,1735.0,1650.0,1750.0,1
Wheat,2018-06-13,1735.0,1725.0,1745.0,1
Wheat,2018-06-14,1735.0,1715.0,1750.0,1
Wheat,2018-06-15,1740.0,1650.0,1750.0,1
Wheat,2018-06-16,1735.0,1725.0,1745.0,1
Wheat,2018-06-18,1740.0,1725.0,1760.0,1
Wheat,2018-06-19,1730.0,1720.0,1750.0,1
Wheat,2018-06-20,1730.0,1720.0,1740.0,1
Wheat,2018-06-21,1735.0,1700.0,1750.0,1
Wheat,2018-06-22,1740.0,1700.0,1765.0,1
Wheat,2018-06-23,1740.0,1710.0,1750.0,1
Wheat,2018-06-25,1735.0,1700.0,1750.0,1
Wheat,2018-06-26,1735.0,1685.0,1750.0,1
Wheat,2018-06-27,1740.0,1710.0,1750.0,1
Wheat,2018-06-28,1735.0,1685.0,1760.0,1
Wheat,2018-06-29,1735.0,1720.0,1750.0,1
Wheat,2018-06-30,1745.0,1710.0,1760.0,1
Wheat,2018-07-02,1730.0,1650.0,1745.0,1
Wheat,2018-07-03,1720.0,1665.0,1750.0,1
Wheat,2018-07-04,1685.0,1600.0,1700.0,1
Wheat,2018-07-05,1650.0,1600.0,1700.0,1
Wheat,2018-07-06,1665.0,1610.0,1700.0,1
Wheat,2018-07-07,1675.0,1615.0,1710.0,1
Wheat,2018-07-09,1645.0,1600.0,1675.0,1
Wheat,2018-07-10,1660.0,1600.0,1700.0,1
Wheat,2018-07-11,1650.0,1600.0,1700.0,1
Wheat,2018-07-12,1665.0,1610.0,1715.0,1
Wheat,2018-07-13,1700.0,1675.0,1750.0,1
Wheat,2018-07-14,1715.0,1675.0,1750.0,1
Wheat,2018-07-16,1725.0,1685.0,1740.0,1
Wheat,2018-07-17,1710.0,1650.0,1725.0,1
Wheat,2018-07-18,1720.0,1665.0,1750.0,1
Wheat,2018-07-20,1725.0,1650.0,1760.0,1
Wheat,2018-07-21,1740.0,1700.0,1765.0,1
Wheat,2018-07-23,1725.0,1700.0,1750.0,1
Wheat,2018-07-24,1800.0,1750.0,1850.0,1
Wheat,2018-07-25,1820.0,1785.0,1850.0,1
Wheat,2018-07-26,1830.0,1750.0,1850.0,1
Wheat,2018-07-27,1810.0,1760.0,1840.0,1
Wheat,2018-07-28,1825.0,1750.0,1850.0,1
Wheat,2018-07-30,1840.0,1750.0,1900.0,1
Wheat,2018-07-31,1850.0,1800.0,1900.0,1
Wheat,2018-08-01,1820.0,1765.0,1850.0,1
Wheat,2018-08-02,1810.0,1775.0,1840.0,1
Wheat,2018-08-03,1825.0,1800.0,1850.0,1
Wheat,2018-08-04,1800.0,1760.0,1840.0,1
Wheat,2018-08-06,1820.0,1800.0,1850.0,1
Wheat,2018-08-07,1835.0,1785.0,1865.0,1
Wheat,2018-08-08,1825.0,1800.0,1850.0,1
Wheat,2018-08-09,1815.0,1785.0,1840.0,1
Wheat,2018-08-10,1830.0,1800.0,1850.0,1
Wheat,2018-08-11,1810.0,1785.0,1840.0,1
Wheat,2018-08-13,1825.0,1800.0,1850.0,1
Wheat,2018-08-14,1815.0,1800.0,1840.0,1
Wheat,2018-08-16,1840.0,1815.0,1860.0,1
Wheat,2018-08-18,1815.0,1800.0,1850.0,1
Wheat,2018-08-20,1800.0,1750.0,1850.0,1
Wheat,2018-08-21,1825.0,1775.0,1860.0,1
Wheat,2018-08-22,1810.0,1775.0,1825.0,1
Wheat,2018-08-23,1815.0,1785.0,1840.0,1
Wheat,2018-08-24,1830.0,1810.0,1840.0,1
Wheat,2018-08-25,1815.0,1800.0,1840.0,1
Wheat,2018-08-27,1825.0,1800.0,1850.0,1
Wheat,2018-08-28,1835.0,1800.0,1860.0,1
Wheat,2018-08-29,1800.0,1775.0,1850.0,1
Wheat,2018-08-30,1810.0,1750.0,1830.0,1
Wheat,2018-08-31,1825.0,1800.0,1850.0,1
Wheat,2018-09-01,1800.0,1785.0,1820.0,1
Wheat,2018-09-03,1810.0,1800.0,1825.0,1
Wheat,2018-09-04,1825.0,1810.0,1840.0,1
Wheat,2018-09-05,1815.0,1790.0,1840.0,1
Wheat,2018-09-06,1800.0,1770.0,1825.0,1
Wheat,2018-09-07,1800.0,1775.0,1825.0,1
Wheat,2018-09-08,1810.0,1775.0,1830.0,1
Wheat,2018-09-10,1825.0,1800.0,1850.0,1
Wheat,2018-09-11,1850.0,1800.0,1875.0,1
Wheat,2018-09-12,1860.0,1800.0,1890.0,1
Wheat,2018-09-13,1840.0,1800.0,1890.0,1
Wheat,2018-09-14,1825.0,1800.0,1850.0,1
Wheat,2018-09-15,1815.0,1800.0,1850.0,1
Wheat,2018-09-17,1830.0,1800.0,1850.0,1
Wheat,2018-09-18,1845.0,1820.0,1865.0,1
Wheat,2018-09-19,1825.0,1800.0,1850.0,1
Wheat,2018-09-20,1840.0,1810.0,1860.0,1
Wheat,2018-09-21,1815.0,1800.0,1835.0,1
Wheat,2018-09-22,1850.0,1810.0,1870.0,1
Wheat,2018-09-24,1825.0,1800.0,1850.0,1
Wheat,2018-09-25,1840.0,1810.0,1860.0,1
Wheat,2018-09-26,1850.0,1820.0,1880.0,1
Wheat,2018-09-27,1825.0,1810.0,1850.0,1
Wheat,2018-09-28,1835.0,1810.0,1870.0,1
Wheat,2018-09-29,1850.0,1800.0,1875.0,1
Wheat,2018-10-01,1840.0,1825.0,1850.0,1
Wheat,2018-10-03,1825.0,1810.0,1850.0,1
Wheat,2018-10-04,1815.0,1800.0,1850.0,1
Wheat,2018-10-05,1850.0,1830.0,1875.0,1
Wheat,2018-10-06,1865.0,1800.0,1875.0,1
Wheat,2018-10-08,1845.0,1810.0,1875.0,1
Wheat,2018-10-09,1860.0,1800.0,1900.0,1
Wheat,2018-10-10,1850.0,1825.0,1875.0,1
Wheat,2018-10-11,1840.0,1810.0,1870.0,1
Wheat,2018-10-12,1845.0,1825.0,1860.0,1
Wheat,2018-10-13,1850.0,1825.0,1875.0,1
Wheat,2018-10-15,1865.0,1840.0,1875.0,1
Wheat,2018-10-16,1860.0,1840.0,1880.0,1
Wheat,2018-10-17,1850.0,1810.0,1885.0,1
Wheat,2018-10-18,1875.0,1850.0,1900.0,1
Wheat,2018-10-19,1900.0,1860.0,1915.0,1
Wheat,2018-10-20,1860.0,1850.0,1880.0,1
Wheat,2018-10-22,1885.0,1850.0,1900.0,1
Wheat,2018-10-23,1900.0,1880.0,1920.0,1
Wheat,2018-10-24,1925.0,1850.0,1950.0,1
Wheat,2018-10-25,1940.0,1900.0,1960.0,1
Wheat,2018-10-26,1915.0,1850.0,1950.0,1
Wheat,2018-10-27,1925.0,1900.0,1950.0,1
Wheat,2018-10-29,1900.0,1870.0,1940.0,1
Wheat,2018-10-30,1910.0,1875.0,1940.0,1
Wheat,2018-10-31,1890.0,1850.0,1925.0,1
Wheat,2018-11-01,1875.0,1860.0,1900.0,1
Wheat,2018-11-02,1885.0,1800.0,1900.0,1
Wheat,2018-11-03,1860.0,1825.0,1900.0,1
Wheat,2018-11-05,1850.0,1820.0,1890.0,1
Wheat,2018-11-06,1865.0,1850.0,1875.0,1
Wheat,2018-11-07,1875.0,1825.0,1900.0,1
Wheat,2018-11-10,1850.0,1800.0,1875.0,1
Wheat,2018-11-12,1860.0,1825.0,1900.0,1
Wheat,2018-11-13,1875.0,1825.0,1900.0,1
Wheat,2018-11-14,1850.0,1800.0,1900.0,1
Wheat,2018-11-15,1890.0,1825.0,1925.0,1
Wheat,2018-11-16,1880.0,1850.0,1900.0,1
Wheat,2018-11-17,1870.0,1850.0,1920.0,1
Wheat,2018-11-19,1885.0,1860.0,1920.0,1
Wheat,2018-11-20,1900.0,1875.0,1925.0,1
Wheat,2018-11-21,1910.0,1875.0,1950.0,1
Wheat,2018-11-22,1925.0,1850.0,1980.0,1
Wheat,2018-11-23,1915.0,1875.0,1965.0,1
Wheat,2018-11-24,1900.0,1875.0,1950.0,1
Wheat,2018-11-26,1910.0,1850.0,2000.0,1
Wheat,2018-11-27,1920.0,1875.0,1950.0,1
Wheat,2018-11-28,1940.0,1875.0,2000.0,1
Wheat,2018-11-29,1950.0,1900.0,2000.0,1
Wheat,2018-11-30,1925.0,1880.0,1975.0,1
Wheat,2018-12-01,1900.0,1850.0,1950.0,1
Wheat,2018-12-04,1915.0,1850.0,1950.0,1
Wheat,2018-12-05,1900.0,1875.0,1950.0,1
Wheat,2018-12-06,1925.0,1900.0,1950.0,1
Wheat,2018-12-07,1910.0,1880.0,1950.0,1
Wheat,2018-12-08,1925.0,1875.0,1960.0,1
Wheat,2018-12-10,1900.0,1850.0,1950.0,1
Wheat,2018-12-11,1940.0,1900.0,1975.0,1
Wheat,2018-12-12,1950.0,1875.0,1985.0,1
Wheat,2018-12-13,1935.0,1875.0,1960.0,1
Wheat,2018-12-14,1925.0,1850.0,1950.0,1
Wheat,2018-12-15,1900.0,1825.0,1960.0,1
Wheat,2018-12-17,1900.0,1850.0,1950.0,1
Wheat,2018-12-18,1910.0,1875.0,1950.0,1
Wheat,2018-12-19,1920.0,1875.0,1950.0,1
Wheat,2018-12-20,1950.0,1900.0,1975.0,1
Wheat,2018-12-21,1940.0,1900.0,1975.0,1
Wheat,2018-12-22,1930.0,1900.0,1970.0,1
Wheat,2018-12-24,1945.0,1900.0,2000.0,1
Wheat,2018-12-25,1925.0,1900.0,1950.0,1
Wheat,2018-12-26,1915.0,1900.0,1950.0,1
Wheat,2018-12-27,1940.0,1915.0,1960.0,1
Wheat,2018-12-28,1950.0,1930.0,1975.0,1
Wheat,2018-12-29,1925.0,1875.0,1950.0,1
Wheat,2018-12-31,1910.0,1800.0,1930.0,1
Wheat,2019-01-01,1925.0,1900.0,1950.0,1
Wheat,2019-01-02,1905.0,1875.0,1940.0,1
Wheat,2019-01-03,1900.0,1875.0,1950.0,1
Wheat,2019-01-04,1940.0,1925.0,1960.0,1
Wheat,2019-01-05,1930.0,1900.0,1950.0,1
Wheat,2019-01-07,1915.0,1900.0,1940.0,1
Wheat,2019-01-08,1920.0,1905.0,1940.0,1
Wheat,2019-01-09,1905.0,1900.0,1950.0,1
Wheat,2019-01-10,1945.0,1920.0,1960.0,1
Wheat,2019-01-11,1960.0,1925.0,2000.0,1
Wheat,2019-01-12,1940.0,1920.0,1980.0,1
Wheat,2019-01-14,1950.0,1930.0,1990.0,1
Wheat,2019-01-15,1925.0,1900.0,1950.0,1
Wheat,2019-01-16,1965.0,1940.0,1985.0,1
Wheat,2019-01-17,1975.0,1900.0,2000.0,1
Wheat,2019-01-18,1960.0,1900.0,1980.0,1
Wheat,2019-01-19,1950.0,1900.0,2000.0,1
Wheat,2019-01-21,1940.0,1900.0,1960.0,1
Wheat,2019-01-22,1925.0,1875.0,1980.0,1
Wheat,2019-01-23,1985.0,1950.0,2015.0,1
Wheat,2019-01-24,1960.0,1900.0,2000.0,1
Wheat,2019-01-25,1975.0,1925.0,2025.0,1
Wheat,2019-01-28,1950.0,1900.0,1975.0,1
Wheat,2019-01-29,1960.0,1910.0,2000.0,1
Wheat,2019-01-30,1925.0,1900.0,1960.0,1
Wheat,2019-01-31,1975.0,1925.0,2000.0,1
Wheat,2019-02-01,1985.0,1925.0,2000.0,1
Wheat,2019-02-02,1995.0,1900.0,2025.0,1
Wheat,2019-02-04,1980.0,1930.0,2025.0,1
Wheat,2019-02-05,1970.0,1940.0,2000.0,1
Wheat,2019-02-06,1985.0,1925.0,2025.0,1
Wheat,2019-02-07,1965.0,1915.0,2025.0,1
Wheat,2019-02-08,1940.0,1900.0,1975.0,1
Wheat,2019-02-09,1920.0,1900.0,1950.0,1
Wheat,2019-02-11,1910.0,1880.0,1950.0,1
Wheat,2019-02-12,1945.0,1900.0,1980.0,1
Wheat,2019-02-13,1960.0,1900.0,2000.0,1
Wheat,2019-02-14,2000.0,1950.0,2025.0,1
Wheat,2019-02-15,1980.0,1920.0,2050.0,1
Wheat,2019-02-16,1995.0,1925.0,2025.0,1
Wheat,2019-02-20,1965.0,1910.0,1975.0,1
Wheat,2019-02-21,1950.0,1925.0,1975.0,1
Wheat,2019-02-22,1975.0,1900.0,2000.0,1
Wheat,2019-02-23,1975.0,1950.0,2025.0,1
Wheat,2019-02-25,1950.0,1920.0,1990.0,1
Wheat,2019-02-26,1970.0,1930.0,2000.0,1
Wheat,2019-02-27,1955.0,1920.0,1990.0,1
Wheat,2019-02-28,1945.0,1910.0,1980.0,1
Wheat,2019-03-02,1975.0,1940.0,2025.0,1
Wheat,2019-03-04,1965.0,1940.0,2000.0,1
Wheat,2019-03-05,1980.0,1950.0,2020.0,1
Wheat,2019-03-06,1970.0,1925.0,2000.0,1
Wheat,2019-03-07,1980.0,1900.0,2025.0,1
Wheat,2019-03-08,1960.0,1925.0,2000.0,1
Wheat,2019-03-09,1950.0,1900.0,2015.0,1
Wheat,2019-03-11,1975.0,1925.0,2025.0,1
Wheat,2019-03-12,1965.0,1925.0,2000.0,1
Wheat,2019-03-13,1950.0,1900.0,2010.0,1
Wheat,2019-03-15,1940.0,1900.0,1985.0,1
Wheat,2019-03-16,1975.0,1940.0,2000.0,1
Wheat,2019-03-18,1960.0,1920.0,2000.0,1
Wheat,2019-03-19,1980.0,1925.0,2025.0,1
Wheat,2019-03-20,1970.0,1940.0,2000.0,1
Wheat,2019-03-27,1960.0,1900.0,2025.0,1
Wheat,2019-03-28,1990.0,1950.0,2040.0,1
Wheat,2019-03-29,2010.0,1960.0,2050.0,1
Wheat,2019-03-30,2000.0,1950.0,2050.0,1
Wheat,2019-04-01,1895.0,1850.0,1950.0,1
Wheat,2019-04-02,1900.0,1850.0,1950.0,1
Wheat,2019-04-03,1920.0,1880.0,1970.0,1
Wheat,2019-04-04,1900.0,1840.0,1940.0,1
Wheat,2019-04-05,1890.0,1850.0,2025.0,1
Wheat,2019-04-06,1875.0,1825.0,2035.0,1
Wheat,2019-04-08,1860.0,1820.0,1900.0,1
Wheat,2019-04-10,1860.0,1800.0,1900.0,1
Wheat,2019-04-11,1850.0,1800.0,1900.0,1
Wheat,2019-04-12,1895.0,1825.0,1950.0,1
Wheat,2019-04-13,1860.0,1820.0,1890.0,1
Wheat,2019-04-15,1875.0,1830.0,1925.0,1
Wheat,2019-04-16,1890.0,1850.0,2025.0,1
Wheat,2019-04-17,1880.0,1840.0,1920.0,1
Wheat,2019-04-18,1860.0,1840.0,1890.0,1
Wheat,2019-04-19,1875.0,1825.0,1900.0,1
Wheat,2019-04-20,1865.0,1830.0,1890.0,1
Wheat,2019-04-22,1850.0,1820.0,1880.0,1
Wheat,2019-04-23,1875.0,1840.0,1900.0,1
Wheat,2019-04-24,1885.0,1830.0,1920.0,1
Wheat,2019-04-25,1870.0,1800.0,1925.0,1
Wheat,2019-04-26,1860.0,1800.0,1900.0,1
Wheat,2019-04-27,1875.0,1830.0,1900.0,1
Wheat,2019-04-30,1850.0,1820.0,1880.0,1
Wheat,2019-05-01,1860.0,1840.0,1890.0,1
Wheat,2019-05-02,1850.0,1820.0,1880.0,1
Wheat,2019-05-03,1865.0,1800.0,1900.0,1
Wheat,2019-05-04,1875.0,1825.0,1900.0,1
Wheat,2019-05-06,1860.0,1825.0,1900.0,1
Wheat,2019-05-07,1850.0,1800.0,1900.0,1
Wheat,2019-05-08,1865.0,1850.0,1900.0,1
Wheat,2019-05-09,1850.0,1830.0,1880.0,1
Wheat,2019-05-10,1865.0,1830.0,1880.0,1
Wheat,2019-05-11,1875.0,1840.0,1890.0,1
Wheat,2019-05-13,1860.0,1840.0,1880.0,1
Wheat,2019-05-14,1855.0,1825.0,1900.0,1
Wheat,2019-05-15,1850.0,1800.0,1900.0,1
Wheat,2019-05-16,1860.0,1840.0,1880.0,1
Wheat,2019-05-17,1875.0,1835.0,1890.0,1
Wheat,2019-05-18,1865.0,1810.0,1900.0,1
Wheat,2019-05-20,1850.0,1810.0,1875.0,1
Wheat,2019-05-21,1860.0,1825.0,1900.0,1
Wheat,2019-05-22,1865.0,1840.0,1880.0,1
Wheat,2019-05-24,1865.0,1825.0,1900.0,1
Wheat,2019-05-25,1860.0,1640.0,1900.0,1
Wheat,2019-05-27,1850.0,1825.0,1925.0,1
Wheat,2019-05-28,1855.0,1810.0,1900.0,1
Wheat,2019-05-29,1875.0,1825.0,1925.0,1
Wheat,2019-05-30,1900.0,1850.0,1950.0,1
Wheat,2019-05-31,1925.0,1900.0,1960.0,1
Wheat,2019-06-01,1920.0,1875.0,1950.0,1
Wheat,2019-06-03,1945.0,1920.0,1970.0,1
Wheat,2019-06-04,1900.0,1850.0,1950.0,1
Wheat,2019-06-07,1900.0,1875.0,1925.0,1
Wheat,2019-06-08,1925.0,1900.0,1950.0,1
Wheat,2019-06-10,1915.0,1900.0,1930.0,1
Wheat,2019-06-11,1930.0,1910.0,1950.0,1
Wheat,2019-06-12,1900.0,1860.0,1950.0,1
Wheat,2019-06-13,1915.0,1900.0,1940.0,1
Wheat,2019-06-14,1925.0,1900.0,1950.0,1
Wheat,2019-06-15,1900.0,1875.0,1960.0,1
Wheat,2019-06-17,1915.0,1850.0,1925.0,1
Wheat,2019-06-18,1875.0,1850.0,1900.0,1
Wheat,2019-06-19,1895.0,1850.0,1925.0,1
Wheat,2019-06-20,1865.0,1850.0,1900.0,1
Wheat,2019-06-21,1890.0,1860.0,1910.0,1
Wheat,2019-06-22,1875.0,1825.0,1925.0,1
Wheat,2019-06-25,1885.0,1850.0,1900.0,1
Wheat,2019-06-26,1870.0,1850.0,1915.0,1
Wheat,2019-06-27,1860.0,1840.0,1880.0,1
Wheat,2019-06-28,1850.0,1825.0,1865.0,1
Wheat,2019-06-29,1875.0,1830.0,1890.0,1
Wheat,2019-07-01,1860.0,1840.0,1880.0,1
Wheat,2019-07-02,1850.0,1820.0,1880.0,1
Wheat,2019-07-03,1865.0,1850.0,1900.0,1
Wheat,2019-07-04,1875.0,1850.0,1900.0,1
Wheat,2019-07-05,1855.0,1820.0,1880.0,1
Wheat,2019-07-06,1860.0,1840.0,1900.0,1
Wheat,2019-07-08,1850.0,1830.0,1875.0,1
Wheat,2019-07-09,1865.0,1840.0,1890.0,1
Wheat,2019-07-10,1845.0,1800.0,1900.0,1
Wheat,2019-07-11,1850.0,1800.0,1900.0,1
Wheat,2019-07-12,1875.0,1850.0,1925.0,1
Wheat,2019-07-13,1850.0,1800.0,1875.0,1
Wheat,2019-07-15,1860.0,1825.0,1900.0,1
Wheat,2019-07-16,1845.0,1800.0,1900.0,1
Wheat,2019-07-17,1855.0,1815.0,1875.0,1
Wheat,2019-07-18,1850.0,1825.0,1900.0,1
Wheat,2019-07-19,1860.0,1800.0,1925.0,1
Wheat,2019-07-20,1825.0,1800.0,1850.0,1
Wheat,2019-07-22,1850.0,1820.0,1880.0,1
Wheat,2019-07-23,1860.0,1800.0,1900.0,1
Wheat,2019-07-24,1900.0,1850.0,1950.0,1
Wheat,2019-07-25,1925.0,1865.0,1950.0,1
Wheat,2019-07-26,1930.0,1900.0,1950.0,1
Wheat,2019-07-27,1920.0,1875.0,1950.0,1
Wheat,2019-07-29,1925.0,1900.0,1950.0,1
Wheat,2019-07-30,1940.0,1900.0,1970.0,1
Wheat,2019-07-31,1930.0,1910.0,1950.0,1
Wheat,2019-08-01,1950.0,1915.0,2000.0,1
Wheat,2019-08-02,1960.0,1900.0,2000.0,1
Wheat,2019-08-03,1945.0,1900.0,1975.0,1
Wheat,2019-08-06,1975.0,1900.0,2050.0,1
Wheat,2019-08-07,1950.0,1910.0,2050.0,1
Wheat,2019-08-08,2000.0,1950.0,2050.0,1
Wheat,2019-08-09,1985.0,1950.0,2070.0,1
Wheat,2019-08-10,1960.0,1900.0,2000.0,1
Wheat,2019-08-12,1950.0,1900.0,2000.0,1
Wheat,2019-08-13,1975.0,1900.0,2050.0,1
Wheat,2019-08-14,1965.0,1910.0,2000.0,1
Wheat,2019-08-16,1980.0,1900.0,2050.0,1
Wheat,2019-08-17,2000.0,1925.0,2050.0,1
Wheat,2019-08-19,1985.0,1910.0,2050.0,1
Wheat,2019-08-20,1995.0,1925.0,2025.0,1
Wheat,2019-08-21,1965.0,1925.0,2000.0,1
Wheat,2019-08-22,1950.0,1900.0,2025.0,1
Wheat,2019-08-23,1975.0,1850.0,2050.0,1
Wheat,2019-08-24,1960.0,1900.0,2050.0,1
Wheat,2019-08-26,1945.0,1900.0,2000.0,1
Wheat,2019-08-27,1950.0,1915.0,1985.0,1
Wheat,2019-08-28,1975.0,1925.0,2000.0,1
Wheat,2019-08-29,1970.0,1920.0,2050.0,1
Wheat,2019-08-30,1985.0,1900.0,2025.0,1
Wheat,2019-08-31,1975.0,1925.0,2000.0,1
Wheat,2019-09-02,1980.0,1900.0,2025.0,1
Wheat,2019-09-03,1970.0,1925.0,2000.0,1
Wheat,2019-09-04,1985.0,1925.0,2025.0,1
Wheat,2019-09-05,1975.0,1940.0,2035.0,1
Wheat,2019-09-06,1950.0,1900.0,2000.0,1
Wheat,2019-09-07,1980.0,1925.0,2025.0,1
Wheat,2019-09-09,1950.0,1925.0,2025.0,1
Wheat,2019-09-10,1975.0,1925.0,2000.0,1
Wheat,2019-09-11,1965.0,1900.0,2020.0,1
Wheat,2019-09-12,1975.0,1915.0,2000.0,1
Wheat,2019-09-13,1960.0,1900.0,2015.0,1
Wheat,2019-09-14,1970.0,1925.0,2025.0,1
Wheat,2019-09-16,1970.0,1925.0,2010.0,1
Wheat,2019-09-17,1950.0,1900.0,1975.0,1
Wheat,2019-09-18,1920.0,1900.0,1920.0,1
Wheat,2019-09-19,1940.0,1905.0,1985.0,1
Wheat,2019-09-20,1925.0,1900.0,1960.0,1
Wheat,2019-09-21,1950.0,1925.0,2000.0,1
Wheat,2019-09-23,1975.0,1900.0,2050.0,1
Wheat,2019-09-24,1950.0,1915.0,2000.0,1
Wheat,2019-09-25,1960.0,1900.0,2000.0,1
Wheat,2019-09-26,1975.0,1925.0,2075.0,1
Wheat,2019-09-27,1950.0,1920.0,2000.0,1
Wheat,2019-09-28,1965.0,1940.0,2025.0,1
Wheat,2019-09-30,1955.0,1900.0,2000.0,1
Wheat,2019-10-01,1975.0,1925.0,2015.0,1
Wheat,2019-10-03,1970.0,1925.0,2000.0,1
Wheat,2019-10-04,2000.0,1925.0,2030.0,1
Wheat,2019-10-05,1985.0,1940.0,2025.0,1
Wheat,2019-10-07,1975.0,1950.0,2030.0,1
Wheat,2019-10-08,1965.0,1925.0,1975.0,1
Wheat,2019-10-09,1950.0,1915.0,2000.0,1
Wheat,2019-10-10,2000.0,1975.0,2050.0,1
Wheat,2019-10-11,2025.0,1950.0,2060.0,1
Wheat,2019-10-12,2000.0,1950.0,2050.0,1
Wheat,2019-10-14,2030.0,1980.0,2080.0,1
Wheat,2019-10-15,2050.0,1950.0,2100.0,1
Wheat,2019-10-16,2035.0,2000.0,2100.0,1
Wheat,2019-10-17,2025.0,1975.0,2100.0,1
Wheat,2019-10-18,2000.0,1950.0,2050.0,1
Wheat,2019-10-19,1975.0,1925.0,2000.0,1
Wheat,2019-10-22,2025.0,2000.0,2050.0,1
Wheat,2019-10-23,2025.0,1975.0,2075.0,1
Wheat,2019-10-25,2030.0,2000.0,2060.0,1
Wheat,2019-10-26,2015.0,2000.0,2050.0,1
Wheat,2019-10-30,2000.0,1975.0,2025.0,1
Wheat,2019-10-31,2025.0,2000.0,2050.0,1
Wheat,2019-11-01,2040.0,2000.0,2100.0,1
Wheat,2019-11-02,2050.0,2000.0,2100.0,1
Wheat,2019-11-04,2025.0,1975.0,2075.0,1
Wheat,2019-11-05,2000.0,1950.0,2050.0,1
Wheat,2019-11-06,2030.0,1975.0,2050.0,1
Wheat,2019-11-07,2015.0,1975.0,2040.0,1
Wheat,2019-11-08,2000.0,1950.0,2050.0,1
Wheat,2019-11-09,2010.0,1960.0,2080.0,1
Wheat,2019-11-11,2025.0,1980.0,2100.0,1
Wheat,2019-11-12,2035.0,2000.0,2100.0,1
Wheat,2019-11-13,2015.0,1975.0,2050.0,1
Wheat,2019-11-14,2000.0,1975.0,2050.0,1
Wheat,2019-11-15,2040.0,2000.0,2050.0,1
Wheat,2019-11-16,2030.0,1975.0,2060.0,1
Wheat,2019-11-18,2025.0,2000.0,2050.0,1
Wheat,2019-11-19,2050.0,2010.0,2100.0,1
Wheat,2019-11-20,2040.0,2000.0,2060.0,1
Wheat,2019-11-21,2020.0,1975.0,2050.0,1
Wheat,2019-11-22,2000.0,1975.0,2050.0,1
Wheat,2019-11-23,2000.0,1950.0,2025.0,1
Wheat,2019-11-25,2010.0,1960.0,2050.0,1
Wheat,2019-11-26,2030.0,2000.0,2060.0,1
Wheat,2019-11-27,2045.0,2000.0,2065.0,1
Wheat,2019-11-28,2050.0,1975.0,2080.0,1
Wheat,2019-11-29,2025.0,2000.0,2050.0,1
Wheat,2019-12-02,2000.0,1975.0,2050.0,1
Wheat,2019-12-03,2025.0,2000.0,2050.0,1
Wheat,2019-12-04,2010.0,1975.0,2025.0,1
Wheat,2019-12-05,2000.0,1975.0,2050.0,1
Wheat,2019-12-06,2005.0,1970.0,2075.0,1
Wheat,2019-12-07,2015.0,1975.0,2050.0,1
Wheat,2019-12-09,2010.0,1950.0,2050.0,1
Wheat,2019-12-10,2000.0,1975.0,2025.0,1
Wheat,2019-12-11,2025.0,1975.0,2050.0,1
Wheat,2019-12-12,2010.0,1985.0,2040.0,1
Wheat,2019-12-13,2015.0,2000.0,2050.0,1
Wheat,2019-12-14,2025.0,2000.0,2060.0,1
Wheat,2019-12-16,2010.0,1960.0,2090.0,1
Wheat,2019-12-17,2020.0,1975.0,2050.0,1
Wheat,2019-12-18,2000.0,1980.0,2060.0,1
Wheat,2019-12-19,2015.0,1950.0,2050.0,1
Wheat,2019-12-20,2025.0,1975.0,2050.0,1
Wheat,2019-12-21,2020.0,1985.0,2050.0,1
Wheat,2019-12-23,2000.0,1950.0,2050.0,1
Wheat,2019-12-24,2015.0,2000.0,2050.0,1
Wheat,2019-12-25,2030.0,1960.0,2100.0,1
Wheat,2019-12-26,2025.0,2005.0,2100.0,1
Wheat,2019-12-27,2015.0,2000.0,2125.0,1
Wheat,2019-12-28,2020.0,1975.0,2050.0,1
Wheat,2019-12-30,2000.0,1950.0,2050.0,1
Wheat,2019-12-31,2010.0,1960.0,2060.0,1
Wheat,2020-01-01,2005.0,1975.0,2050.0,1
Wheat,2020-01-02,2000.0,1900.0,2100.0,1
Wheat,2020-01-03,2010.0,1950.0,2100.0,1
Wheat,2020-01-04,2025.0,2000.0,2050.0,1
Wheat,2020-01-06,2005.0,1975.0,2050.0,1
Wheat,2020-01-07,2015.0,2000.0,2025.0,1
Wheat,2020-01-08,2080.0,2000.0,2150.0,1
Wheat,2020-01-09,2090.0,2025.0,2150.0,1
Wheat,2020-01-10,2100.0,2050.0,2150.0,1
Wheat,2020-01-11,2110.0,1950.0,2180.0,1
Wheat,2020-01-13,2125.0,2050.0,2150.0,1
Wheat,2020-01-14,2100.0,2000.0,2200.0,1
Wheat,2020-01-15,2125.0,1950.0,2200.0,1
Wheat,2020-01-16,2150.0,2100.0,2200.0,1
Wheat,2020-01-17,2150.0,2100.0,2175.0,1
Wheat,2020-01-18,2140.0,2115.0,2160.0,1
Wheat,2020-01-20,2135.0,2100.0,2275.0,1
Wheat,2020-01-21,2150.0,2100.0,2200.0,1
Wheat,2020-01-22,2150.0,2100.0,2180.0,1
Wheat,2020-01-23,2100.0,2050.0,2150.0,1
Wheat,2020-01-24,2100.0,2050.0,2150.0,1
Wheat,2020-01-25,2150.0,2100.0,2175.0,1
Wheat,2020-01-27,2175.0,2150.0,2200.0,1
Wheat,2020-01-28,2140.0,2100.0,2175.0,1
Wheat,2020-01-29,2140.0,2100.0,2200.0,1
Wheat,2020-01-30,2100.0,2050.0,2150.0,1
Wheat,2020-01-31,2125.0,2100.0,2150.0,1
Wheat,2020-02-01,2100.0,2050.0,2150.0,1
Wheat,2020-02-03,2100.0,2000.0,2150.0,1
Wheat,2020-02-04,2050.0,2000.0,2100.0,1
Wheat,2020-02-05,2070.0,2000.0,2100.0,1
Wheat,2020-02-06,2040.0,2025.0,2050.0,1
Wheat,2020-02-07,2025.0,2000.0,2060.0,1
Wheat,2020-02-08,2100.0,2000.0,2200.0,1
Wheat,2020-02-10,2040.0,2000.0,2100.0,1
Wheat,2020-02-11,2025.0,2000.0,2075.0,1
Wheat,2020-02-12,2000.0,1950.0,2050.0,1
Wheat,2020-02-13,2015.0,1975.0,2050.0,1
Wheat,2020-02-14,1975.0,1950.0,2000.0,1
Wheat,2020-02-15,2000.0,1950.0,2050.0,1
Wheat,2020-02-17,1950.0,1900.0,2000.0,1
Wheat,2020-02-18,1925.0,1875.0,1975.0,1
Wheat,2020-02-19,2010.0,1960.0,2060.0,1
Wheat,2020-02-20,2025.0,1950.0,2050.0,1
Wheat,2020-02-21,2050.0,2000.0,2100.0,1
Wheat,2020-02-22,2015.0,1950.0,2050.0,1
Wheat,2020-02-24,2000.0,1950.0,2100.0,1
Wheat,2020-02-25,2050.0,2000.0,2100.0,1
Wheat,2020-02-26,2025.0,1925.0,2100.0,1
Wheat,2020-02-27,2000.0,1950.0,2050.0,1
Wheat,2020-02-28,2010.0,1980.0,2040.0,1
Wheat,2020-02-29,2025.0,1950.0,2050.0,1
Wheat,2020-03-02,1980.0,1925.0,2025.0,1
Wheat,2020-03-03,1950.0,1900.0,2000.0,1
Wheat,2020-03-04,1960.0,1925.0,2000.0,1
Wheat,2020-03-05,2000.0,1950.0,2050.0,1
Wheat,2020-03-06,2015.0,2000.0,2040.0,1
Wheat,2020-03-07,2010.0,1980.0,2050.0,1
Wheat,2020-03-09,2025.0,2000.0,2050.0,1
Wheat,2020-03-16,2050.0,2000.0,2100.0,1
Wheat,2020-03-17,2025.0,1975.0,2075.0,1
Wheat,2020-03-19,2010.0,1950.0,2050.0,1
Wheat,2020-03-20,2020.0,2000.0,2050.0,1
Wheat,2020-03-21,2050.0,2000.0,2100.0,1
Wheat,2020-03-31,2120.0,2050.0,2150.0,1
Wheat,2020-04-01,2150.0,2100.0,2200.0,1
Wheat,2020-04-02,2125.0,2000.0,2200.0,1
Wheat,2020-04-03,2100.0,2050.0,2150.0,1
Wheat,2020-04-04,2120.0,2100.0,2150.0,1
Wheat,2020-04-06,2160.0,2100.0,2200.0,1
Wheat,2020-04-07,2140.0,2125.0,2165.0,1
Wheat,2020-04-08,2130.0,2100.0,2150.0,1
Wheat,2020-04-09,2150.0,2100.0,2200.0,1
Wheat,2020-04-10,2050.0,1985.0,2100.0,1
Wheat,2020-04-11,1950.0,1900.0,2000.0,1
Wheat,2020-04-13,1965.0,1925.0,2000.0,1
Wheat,2020-04-14,1985.0,1925.0,2000.0,1
Wheat,2020-04-15,1960.0,1900.0,2000.0,1
Wheat,2020-04-16,1975.0,1925.0,2000.0,1
Wheat,2020-04-17,1965.0,1900.0,2000.0,1
Wheat,2020-04-18,1970.0,1950.0,2000.0,1
Wheat,2020-04-20,1975.0,1930.0,2025.0,1
Wheat,2020-04-21,1960.0,1925.0,2000.0,1
Wheat,2020-04-22,1965.0,1940.0,2000.0,1
Wheat,2020-04-23,1965.0,1925.0,2000.0,1
Wheat,2020-04-24,1970.0,1935.0,2025.0,1
Wheat,2020-04-25,1960.0,1900.0,2000.0,1
Wheat,2020-04-27,1965.0,1925.0,2000.0,1
Wheat,2020-04-28,1955.0,1900.0,2000.0,1
Wheat,2020-04-29,1970.0,1925.0,2000.0,1
Wheat,2020-04-30,1960.0,1900.0,2000.0,1
Wheat,2020-05-01,1950.0,1900.0,2000.0,1
Wheat,2020-05-02,1970.0,1950.0,2000.0,1
Wheat,2020-05-04,1955.0,1900.0,2000.0,1
Wheat,2020-05-05,1965.0,1900.0,2050.0,1
Wheat,2020-05-06,1965.0,1925.0,2000.0,1
Wheat,2020-05-07,1955.0,1930.0,2000.0,1
Wheat,2020-05-08,1950.0,1925.0,2000.0,1
Wheat,2020-05-09,1960.0,1930.0,2000.0,1
Wheat,2020-05-11,1955.0,1920.0,2000.0,1
Wheat,2020-05-12,1960.0,1900.0,2000.0,1
Wheat,2020-05-13,1975.0,1900.0,2000.0,1
Wheat,2020-05-14,1940.0,1850.0,2000.0,1
Wheat,2020-05-15,1935.0,1865.0,2000.0,1
Wheat,2020-05-16,1960.0,1900.0,2000.0,1
Wheat,2020-05-18,1960.0,1925.0,2000.0,1
Wheat,2020-05-19,1955.0,1925.0,2000.0,1
Wheat,2020-05-20,1965.0,1900.0,2000.0,1
Wheat,2020-05-21,1950.0,1900.0,2000.0,1
Wheat,2020-05-22,1975.0,1900.0,2025.0,1
Wheat,2020-05-23,1950.0,1920.0,2000.0,1
Wheat,2020-05-25,1960.0,1900.0,2000.0,1
Wheat,2020-05-26,1955.0,1900.0,2000.0,1
Wheat,2020-05-27,1965.0,1950.0,1990.0,1
Wheat,2020-05-28,1975.0,1950.0,2000.0,1
Wheat,2020-05-29,1955.0,1920.0,2000.0,1
Wheat,2020-05-30,1960.0,1900.0,2000.0,1
Wheat,2020-06-01,1950.0,1900.0,2000.0,1
Wheat,2020-06-02,1940.0,1900.0,2000.0,1
Wheat,2020-06-03,1960.0,1940.0,2000.0,1
Wheat,2020-06-04,1950.0,1900.0,2000.0,1
Wheat,2020-06-05,1935.0,1900.0,2000.0,1
Wheat,2020-06-06,1945.0,1910.0,2000.0,1
Wheat,2020-06-08,1955.0,1935.0,1980.0,1
Wheat,2020-06-09,1950.0,1900.0,2000.0,1
Wheat,2020-06-10,1940.0,1900.0,2000.0,1
Wheat,2020-06-11,1950.0,1900.0,2000.0,1
Wheat,2020-06-12,1960.0,1900.0,2000.0,1
Wheat,2020-06-13,1940.0,1925.0,1980.0,1
Wheat,2020-06-15,1950.0,1900.0,2000.0,1
Wheat,2020-06-16,1960.0,1900.0,2000.0,1
Wheat,2020-06-17,1940.0,1900.0,2000.0,1
Wheat,2020-06-18,1950.0,1900.0,2000.0,1
Wheat,2020-06-19,1945.0,1920.0,1980.0,1
Wheat,2020-06-22,1950.0,1925.0,2000.0,1
Wheat,2020-06-23,1940.0,1900.0,2000.0,1
Wheat,2020-06-24,1960.0,1925.0,2000.0,1
Wheat,2020-06-25,1945.0,1900.0,2000.0,1
Wheat,2020-06-26,1940.0,1900.0,2000.0,1
Wheat,2020-06-27,1950.0,1900.0,2000.0,1
Wheat,2020-06-29,1960.0,1950.0,2020.0,1
Wheat,2020-06-30,1945.0,1900.0,2000.0,1
Wheat,2020-07-01,1940.0,1900.0,2000.0,1
Wheat,2020-07-02,1955.0,1900.0,2000.0,1
Wheat,2020-07-03,1940.0,1900.0,2000.0,1
Wheat,2020-07-04,1950.0,1900.0,2000.0,1
Wheat,2020-07-06,1935.0,1900.0,2000.0,1
Wheat,2020-07-07,1945.0,1900.0,2000.0,1
Wheat,2020-07-08,1960.0,1900.0,2000.0,1
Wheat,2020-07-09,1940.0,1900.0,2000.0,1
Wheat,2020-07-10,1950.0,1800.0,2000.0,1
Wheat,2020-07-13,1960.0,1900.0,2000.0,1
Wheat,2020-07-14,1940.0,1900.0,2000.0,1
Wheat,2020-07-15,1950.0,1900.0,2050.0,1
Wheat,2020-07-16,1950.0,1900.0,2000.0,1
Wheat,2020-07-17,1965.0,1900.0,2025.0,1
Wheat,2020-07-20,1940.0,1900.0,2000.0,1
Wheat,2020-07-29,1975.0,1900.0,2050.0,1
Wheat,2020-07-30,1950.0,1900.0,2000.0,1
Wheat,2020-07-31,1950.0,1900.0,2025.0,1
Wheat,2020-08-03,1940.0,1900.0,2000.0,1
Wheat,2020-08-04,1930.0,1900.0,2000.0,1
Wheat,2020-08-05,1950.0,1900.0,2050.0,1
Wheat,2020-08-06,1925.0,1900.0,1975.0,1
Wheat,2020-08-07,1940.0,1915.0,2000.0,1
Wheat,2020-08-10,1950.0,1900.0,2000.0,1
Wheat,2020-08-12,2000.0,1925.0,2100.0,1
Wheat,2020-08-13,1975.0,1925.0,2050.0,1
Wheat,2020-08-14,1925.0,1850.0,2000.0,1
Wheat,2020-08-17,1940.0,1900.0,2000.0,1
Wheat,2020-08-18,1960.0,1900.0,2050.0,1
Wheat,2020-08-19,1975.0,1900.0,2050.0,1
Wheat,2020-08-20,1915.0,1850.0,2000.0,1
Wheat,2020-08-21,1900.0,1850.0,1950.0,1
Wheat,2020-08-24,1920.0,1875.0,1950.0,1
Wheat,2020-08-25,1860.0,1800.0,1900.0,1
Wheat,2020-08-26,1850.0,1800.0,1900.0,1
Wheat,2020-08-27,1800.0,1700.0,1850.0,1
Wheat,2020-08-28,1925.0,1850.0,2000.0,1
Wheat,2020-08-31,1935.0,1900.0,2000.0,1
Wheat,2020-09-01,1930.0,1900.0,1980.0,1
Wheat,2020-09-02,1945.0,1900.0,2000.0,1
Wheat,2020-09-03,1935.0,1900.0,2000.0,1
Wheat,2020-09-04,1930.0,1850.0,3000.0,1
Wheat,2020-09-05,1940.0,1850.0,2000.0,1
Wheat,2020-09-07,1925.0,1850.0,2000.0,1
Wheat,2020-09-08,1950.0,1900.0,2000.0,1
Wheat,2020-09-09,1890.0,1850.0,1950.0,1
Wheat,2020-09-10,1915.0,1875.0,2000.0,1
Wheat,2020-09-11,1925.0,1875.0,1960.0,1
Wheat,2020-09-12,1930.0,1900.0,1950.0,1
Wheat,2020-09-14,1920.0,1900.0,1960.0,1
Wheat,2020-09-15,1940.0,1900.0,2000.0,1
Wheat,2020-09-16,1925.0,1850.0,1975.0,1
Wheat,2020-09-17,1935.0,1900.0,2000.0,1
Wheat,2020-09-18,1945.0,1900.0,2000.0,1
Wheat,2020-09-19,1930.0,1900.0,2000.0,1
Wheat,2020-09-22,1940.0,1900.0,2000.0,1
Wheat,2020-09-23,1930.0,1900.0,1950.0,1
Wheat,2020-09-24,1945.0,1900.0,2000.0,1
Wheat,2020-09-25,1935.0,1900.0,2000.0,1
Wheat,2020-09-26,1925.0,1900.0,1975.0,1
Wheat,2020-09-28,1925.0,1900.0,1950.0,1
Wheat,2020-09-29,1940.0,1900.0,2000.0,1
Wheat,2020-09-30,1930.0,1900.0,2000.0,1
Wheat,2020-10-01,1925.0,1900.0,2000.0,1
Wheat,2020-10-03,1940.0,1900.0,2000.0,1
Wheat,2020-10-05,1965.0,1900.0,2000.0,1
Wheat,2020-10-06,1900.0,1850.0,1950.0,1
Wheat,2020-10-07,1885.0,1880.0,1950.0,1
Wheat,2020-10-08,1860.0,1800.0,1900.0,1
Wheat,2020-10-09,1850.0,1800.0,1900.0,1
Wheat,2020-10-10,1840.0,1800.0,1900.0,1
Wheat,2020-10-12,1825.0,1800.0,1850.0,1
Wheat,2020-10-13,1850.0,1800.0,1900.0,1
Wheat,2020-10-14,1800.0,1700.0,1900.0,1
Wheat,2020-10-15,1800.0,1700.0,1900.0,1
Wheat,2020-10-16,1825.0,1800.0,1900.0,1
Wheat,2020-10-17,1850.0,1800.0,1900.0,1
Wheat,2020-10-19,1860.0,1800.0,1900.0,1
Wheat,2020-10-20,1800.0,1700.0,1900.0,1
Wheat,2020-10-21,1800.0,1750.0,1850.0,1
Wheat,2020-10-22,1750.0,1700.0,1800.0,1
Wheat,2020-10-23,1780.0,1725.0,1850.0,1
Wheat,2020-10-24,1740.0,1700.0,1800.0,1
Wheat,2020-10-26,1750.0,1700.0,1800.0,1
Wheat,2020-10-27,1750.0,1700.0,1800.0,1
Wheat,2020-10-28,1760.0,1700.0,1800.0,1
Wheat,2020-10-29,1745.0,1700.0,1800.0,1
Wheat,2020-10-30,1785.0,1700.0,1850.0,1
Wheat,2020-10-31,1800.0,1700.0,1900.0,1
Wheat,2020-11-02,1850.0,1800.0,1900.0,1
Wheat,2020-11-03,1840.0,1800.0,1940.0,1
Wheat,2020-11-04,1840.0,1750.0,1950.0,1
Wheat,2020-11-05,1860.0,1800.0,1900.0,1
Wheat,2020-11-06,1850.0,1800.0,1900.0,1
Wheat,2020-11-07,1825.0,1750.0,1850.0,1
Wheat,2020-11-09,1800.0,1700.0,1900.0,1
Wheat,2020-11-10,1800.0,1750.0,1850.0,1
Wheat,2020-11-11,1820.0,1800.0,1860.0,1
Wheat,2020-11-12,1835.0,1800.0,1880.0,1
Wheat,2020-11-13,1840.0,1800.0,1900.0,1
Wheat,2020-11-14,1850.0,1800.0,1900.0,1
Wheat,2020-11-17,1860.0,1800.0,1900.0,1
Wheat,2020-11-18,1825.0,1800.0,1850.0,1
Wheat,2020-11-19,1860.0,1810.0,1900.0,1
Wheat,2020-11-20,1840.0,1800.0,1875.0,1
Wheat,2020-11-21,1850.0,1800.0,1900.0,1
Wheat,2020-11-23,1800.0,1750.0,1850.0,1
Wheat,2020-11-24,1800.0,1750.0,1900.0,1
Wheat,2020-11-25,1830.0,1800.0,1900.0,1
Wheat,2020-11-26,1840.0,1800.0,1900.0,1
Wheat,2020-11-27,1850.0,1800.0,1900.0,1
Wheat,2020-11-28,1820.0,1750.0,1900.0,1
Wheat,2020-11-30,1750.0,1700.0,1800.0,1
Wheat,2020-12-01,1750.0,1700.0,1800.0,1
Wheat,2020-12-02,1725.0,1700.0,1800.0,1
Wheat,2020-12-03,1740.0,1700.0,1800.0,1
Wheat,2020-12-04,1750.0,1700.0,1800.0,1
Wheat,2020-12-05,1725.0,1700.0,1765.0,1
Wheat,2020-12-07,1740.0,1700.0,1800.0,1
Wheat,2020-12-08,1760.0,1700.0,1800.0,1
Wheat,2020-12-09,1745.0,1700.0,1800.0,1
Wheat,2020-12-10,1750.0,1700.0,1800.0,1
Wheat,2020-12-11,1740.0,1700.0,1800.0,1
Wheat,2020-12-12,1760.0,1725.0,1825.0,1
Wheat,2020-12-14,1775.0,1725.0,1800.0,1
Wheat,2020-12-15,1800.0,1700.0,1900.0,1
Wheat,2020-12-16,1800.0,1750.0,1850.0,1
Wheat,2020-12-17,1825.0,1750.0,1850.0,1
Wheat,2020-12-18,1725.0,1650.0,1800.0,1
Wheat,2020-12-19,1740.0,1700.0,1800.0,1
Wheat,2020-12-21,1740.0,1700.0,1800.0,1
Wheat,2020-12-22,1780.0,1700.0,1850.0,1
Wheat,2020-12-23,1750.0,1700.0,1800.0,1
Wheat,2020-12-24,1785.0,1725.0,1825.0,1
Wheat,2020-12-25,1700.0,1650.0,1750.0,1
Wheat,2020-12-26,1675.0,1625.0,1725.0,1
Wheat,2020-12-28,1650.0,1600.0,1700.0,1
Wheat,2020-12-29,1665.0,1625.0,1725.0,1
Wheat,2020-12-30,1645.0,1600.0,1700.0,1
Wheat,2020-12-31,1660.0,1600.0,1700.0,1
Wheat,2021-01-01,1680.0,1650.0,1700.0,1
Wheat,2021-01-02,1690.0,1625.0,1750.0,1
Wheat,2021-01-04,1700.0,1650.0,1750.0,1
Wheat,2021-01-05,1700.0,1650.0,1750.0,1
Wheat,2021-01-06,1685.0,1615.0,1725.0,1
Wheat,2021-01-07,1725.0,1680.0,1750.0,1
Wheat,2021-01-08,1715.0,1675.0,1800.0,1
Wheat,2021-01-09,1725.0,1700.0,1800.0,1
Wheat,2021-01-11,1740.0,1650.0,1800.0,1
Wheat,2021-01-12,1750.0,1700.0,1800.0,1
Wheat,2021-01-13,1730.0,1700.0,1750.0,1
Wheat,2021-01-14,1720.0,1700.0,1750.0,1
Wheat,2021-01-15,1725.0,1700.0,1750.0,1
Wheat,2021-01-16,1725.0,1675.0,1800.0,1
Wheat,2021-01-18,1750.0,1700.0,1800.0,1
Wheat,2021-01-19,1730.0,1710.0,1750.0,1
Wheat,2021-01-20,1700.0,1650.0,1750.0,1
Wheat,2021-01-21,1725.0,1650.0,1750.0,1
Wheat,2021-01-22,1740.0,1700.0,1800.0,1
Wheat,2021-01-23,1720.0,1700.0,1750.0,1
Wheat,2021-01-25,1700.0,1675.0,1750.0,1
Wheat,2021-01-27,1715.0,1680.0,1740.0,1
Wheat,2021-01-29,1710.0,1650.0,1750.0,1
Wheat,2021-01-30,1700.0,1670.0,1750.0,1
Wheat,2021-02-01,1650.0,1600.0,1700.0,1
Wheat,2021-02-02,1625.0,1600.0,1750.0,1
Wheat,2021-02-03,1640.0,1600.0,1700.0,1
Wheat,2021-02-04,1665.0,1600.0,1700.0,1
Wheat,2021-02-05,1700.0,1650.0,1750.0,1
Wheat,2021-02-06,1725.0,1650.0,1780.0,1
Wheat,2021-02-08,1715.0,1700.0,1750.0,1
Wheat,2021-02-09,1700.0,1600.0,1750.0,1
Wheat,2021-02-10,1720.0,1650.0,1800.0,1
Wheat,2021-02-11,1700.0,1650.0,1750.0,1
Wheat,2021-02-12,1715.0,1600.0,1750.0,1
Wheat,2021-02-13,1740.0,1650.0,1800.0,1
Wheat,2021-02-15,1720.0,1650.0,1800.0,1
Wheat,2021-02-17,1715.0,1665.0,1760.0,1
Wheat,2021-02-18,1725.0,1650.0,1800.0,1
Wheat,2021-02-19,1710.0,1680.0,1750.0,1
Wheat,2021-02-20,1720.0,1650.0,1760.0,1
Wheat,2021-02-22,1700.0,1650.0,1725.0,1
Wheat,2021-02-23,1725.0,1660.0,1750.0,1
Wheat,2021-02-24,1735.0,1700.0,1780.0,1
Wheat,2021-02-25,1750.0,1700.0,1765.0,1
Wheat,2021-02-26,1735.0,1710.0,1750.0,1
Wheat,2021-02-27,1715.0,1700.0,1760.0,1
Wheat,2021-03-01,1740.0,1700.0,1800.0,1
Wheat,2021-03-02,1725.0,1700.0,1750.0,1
Wheat,2021-03-03,1735.0,1700.0,1800.0,1
Wheat,2021-03-04,1720.0,1700.0,1750.0,1
Wheat,2021-03-05,1730.0,1680.0,1760.0,1
Wheat,2021-03-06,1700.0,1650.0,1750.0,1
Wheat,2021-03-08,1715.0,1675.0,1750.0,1
Wheat,2021-03-09,1700.0,1650.0,1740.0,1
Wheat,2021-03-10,1710.0,1650.0,1800.0,1
Wheat,2021-03-11,1700.0,1680.0,1730.0,1
Wheat,2021-03-12,1740.0,1650.0,1780.0,1
Wheat,2021-03-13,1725.0,1700.0,1750.0,1
Wheat,2021-03-15,1745.0,1700.0,1765.0,1
Wheat,2021-03-16,1725.0,1680.0,1750.0,1
Wheat,2021-03-17,1690.0,1650.0,1750.0,1
Wheat,2021-03-18,1680.0,1600.0,1740.0,1
Wheat,2021-03-19,1650.0,1600.0,1700.0,1
Wheat,2021-03-20,1600.0,1550.0,1650.0,1
Wheat,2021-03-22,1620.0,1600.0,1680.0,1
Wheat,2021-03-23,1625.0,1525.0,1700.0,1
Wheat,2021-03-24,1600.0,1550.0,1650.0,1
Wheat,2021-03-25,1615.0,1600.0,1660.0,1
Wheat,2021-03-26,1630.0,1600.0,1650.0,1
Wheat,2021-03-27,1645.0,1615.0,1660.0,1
Wheat,2021-04-03,1700.0,1650.0,1750.0,1
Wheat,2021-04-05,1680.0,1600.0,1750.0,1
Wheat,2021-04-06,1725.0,1680.0,1760.0,1
Wheat,2021-04-07,1740.0,1700.0,1800.0,1
Wheat,2021-04-08,1730.0,1700.0,1750.0,1
Wheat,2021-04-09,1750.0,1700.0,1785.0,1
Wheat,2021-04-10,1900.0,1850.0,1950.0,1
Wheat,2021-04-12,1975.0,1900.0,2000.0,1
Wheat,2021-04-13,1975.0,1925.0,2000.0,1
Wheat,2021-04-14,1975.0,1915.0,1985.0,1
Wheat,2021-04-16,1975.0,1900.0,2000.0,1
Wheat,2021-04-17,1975.0,1900.0,2000.0,1
Wheat,2021-04-19,1975.0,1925.0,2000.0,1
Wheat,2021-04-20,1975.0,1915.0,2000.0,1
Wheat,2021-04-21,1975.0,1900.0,2000.0,1
Wheat,2021-04-22,1975.0,1925.0,2000.0,1
Wheat,2021-04-23,1975.0,1900.0,2000.0,1
Wheat,2021-04-24,1975.0,1900.0,2000.0,1
Wheat,2021-04-26,1975.0,1900.0,2000.0,1
Wheat,2021-04-27,1975.0,1900.0,2000.0,1
Wheat,2021-04-28,1975.0,1900.0,2000.0,1
Wheat,2021-04-29,1975.0,1925.0,2000.0,1
Wheat,2021-04-30,1975.0,1925.0,2000.0,1
Wheat,2021-05-03,1975.0,1925.0,2000.0,1
Wheat,2021-05-04,1975.0,1900.0,2000.0,1
Wheat,2021-05-05,1975.0,1925.0,2000.0,1
Wheat,2021-05-06,1975.0,1940.0,2000.0,1
Wheat,2021-05-07,1975.0,1930.0,2000.0,1
Wheat,2021-05-08,1975.0,1930.0,2000.0,1
Wheat,2021-05-10,1975.0,1940.0,2000.0,1
Wheat,2021-05-11,1975.0,1940.0,2000.0,1
Wheat,2021-05-12,1975.0,1930.0,2000.0,1
Wheat,2021-05-13,1975.0,1940.0,2000.0,1
Wheat,2021-05-14,1975.0,1940.0,2000.0,1
Wheat,2021-05-15,1975.0,1925.0,2000.0,1
Wheat,2021-05-17,1975.0,1900.0,2000.0,1
Wheat,2021-05-18,1975.0,1925.0,2000.0,1
Wheat,2021-05-19,1975.0,1925.0,2000.0,1
Wheat,2021-05-20,1975.0,1900.0,2015.0,1
Wheat,2021-05-21,1975.0,1950.0,2000.0,1
Wheat,2021-05-22,1975.0,1930.0,2010.0,1
Wheat,2021-05-24,1975.0,1900.0,2000.0,1
Wheat,2021-05-25,1975.0,1900.0,2000.0,1
Wheat,2021-05-26,1975.0,1925.0,2010.0,1
Wheat,2021-05-27,1975.0,1900.0,2000.0,1
Wheat,2021-05-28,1975.0,1915.0,2010.0,1
Wheat,2021-05-29,1975.0,1900.0,2000.0,1
Wheat,2021-05-31,1975.0,1900.0,2000.0,1
Wheat,2021-06-01,1975.0,1925.0,2010.0,1
Wheat,2021-06-02,1975.0,1930.0,2010.0,1
Wheat,2021-06-03,1975.0,1900.0,2050.0,1
Wheat,2021-06-04,1975.0,1900.0,2000.0,1
Wheat,2021-06-07,1975.0,1900.0,2000.0,1
Wheat,2021-06-08,1975.0,1900.0,2000.0,1
Wheat,2021-06-09,1975.0,1900.0,2000.0,1
Wheat,2021-06-10,1970.0,1900.0,2000.0,1
Wheat,2021-06-11,1970.0,1850.0,2000.0,1
Wheat,2021-06-12,1975.0,1900.0,2000.0,1
Wheat,2021-06-14,1975.0,1925.0,2000.0,1
Wheat,2021-06-15,1965.0,1900.0,2000.0,1
Wheat,2021-06-16,1975.0,1900.0,2000.0,1
Wheat,2021-06-17,1975.0,1900.0,2000.0,1
Wheat,2021-06-18,1975.0,1900.0,2000.0,1
Wheat,2021-06-19,1975.0,1925.0,2000.0,1
Wheat,2021-06-21,1975.0,1925.0,2000.0,1
Wheat,2021-06-22,1975.0,1900.0,2000.0,1
Wheat,2021-06-23,1975.0,1925.0,1990.0,1
Wheat,2021-06-24,1940.0,1900.0,1980.0,1
Wheat,2021-06-25,1950.0,1920.0,2000.0,1
Wheat,2021-06-26,1900.0,1800.0,1950.0,1
Wheat,2021-06-28,1800.0,1750.0,1850.0,1
Wheat,2021-06-29,1800.0,1750.0,1850.0,1
Wheat,2021-06-30,1785.0,1750.0,1850.0,1
Wheat,2021-07-01,1800.0,1780.0,1850.0,1
Wheat,2021-07-02,1820.0,1750.0,1860.0,1
Wheat,2021-07-03,1850.0,1800.0,1900.0,1
Wheat,2021-07-05,1875.0,1800.0,1900.0,1
Wheat,2021-07-06,1890.0,1800.0,1925.0,1
Wheat,2021-07-07,1860.0,1800.0,1900.0,1
Wheat,2021-07-08,1820.0,1750.0,1850.0,1
Wheat,2021-07-09,1800.0,1720.0,1875.0,1
Wheat,2021-07-10,1800.0,1750.0,1850.0,1
Wheat,2021-07-12,1825.0,1800.0,1850.0,1
Wheat,2021-07-13,1815.0,1800.0,1900.0,1
Wheat,2021-07-14,1840.0,1800.0,1900.0,1
Wheat,2021-07-15,1820.0,1800.0,1850.0,1
Wheat,2021-07-16,1800.0,1750.0,1850.0,1
Wheat,2021-07-17,1840.0,1750.0,1850.0,1
Wheat,2021-07-19,1815.0,1775.0,1850.0,1
Wheat,2021-07-20,1840.0,1800.0,1850.0,1
Wheat,2021-07-21,1830.0,1800.0,1860.0,1
Wheat,2021-07-22,1800.0,1750.0,1850.0,1
Wheat,2021-07-23,1825.0,1800.0,1850.0,1
Wheat,2021-07-24,1845.0,1800.0,1900.0,1
Wheat,2021-07-26,1850.0,1800.0,1900.0,1
Wheat,2021-07-27,1830.0,1800.0,1880.0,1
Wheat,2021-07-28,1800.0,1750.0,1825.0,1
Wheat,2021-07-29,1750.0,1700.0,1800.0,1
Wheat,2021-07-30,1765.0,1740.0,1850.0,1
Wheat,2021-07-31,1775.0,1700.0,1800.0,1
Wheat,2021-08-02,1760.0,1700.0,1800.0,1
Wheat,2021-08-03,1750.0,1700.0,1800.0,1
Wheat,2021-08-04,1780.0,1725.0,1800.0,1
Wheat,2021-08-05,1760.0,1700.0,1800.0,1
Wheat,2021-08-06,1785.0,1700.0,1800.0,1
Wheat,2021-08-07,1765.0,1725.0,1800.0,1
Wheat,2021-08-09,1745.0,1700.0,1800.0,1
Wheat,2021-08-10,1780.0,1700.0,1800.0,1
Wheat,2021-08-11,1760.0,1700.0,1800.0,1
Wheat,2021-08-12,1750.0,1700.0,1825.0,1
Wheat,2021-08-13,1785.0,1700.0,1850.0,1
Wheat,2021-08-14,1765.0,1725.0,1800.0,1
Wheat,2021-08-16,1800.0,1700.0,1850.0,1
Wheat,2021-08-17,1800.0,1725.0,1850.0,1
Wheat,2021-08-18,1815.0,1750.0,1850.0,1
Wheat,2021-08-19,1805.0,1760.0,1840.0,1
Wheat,2021-08-20,1825.0,1765.0,1900.0,1
Wheat,2021-08-21,1815.0,1750.0,1900.0,1
Wheat,2021-08-24,1840.0,1800.0,1850.0,1
Wheat,2021-08-25,1820.0,1750.0,1850.0,1
Wheat,2021-08-26,1800.0,1750.0,1850.0,1
Wheat,2021-08-27,1825.0,1750.0,1850.0,1
Wheat,2021-08-28,1850.0,1800.0,1900.0,1
Wheat,2021-08-30,1865.0,1825.0,1950.0,1
Wheat,2021-08-31,1900.0,1850.0,1950.0,1
Wheat,2021-09-01,1905.0,1850.0,1960.0,1
Wheat,2021-09-02,1890.0,1800.0,1925.0,1
Wheat,2021-09-03,1875.0,1815.0,1900.0,1
Wheat,2021-09-04,1865.0,1825.0,1900.0,1
Wheat,2021-09-06,1895.0,1825.0,1925.0,1
Wheat,2021-09-07,1880.0,1800.0,1950.0,1
Wheat,2021-09-08,1875.0,1800.0,1900.0,1
Wheat,2021-09-09,1885.0,1850.0,1925.0,1
Wheat,2021-09-10,1860.0,1825.0,1940.0,1
Wheat,2021-09-11,1870.0,1800.0,1900.0,1
Wheat,2021-09-13,1885.0,1825.0,1950.0,1
Wheat,2021-09-14,1875.0,1800.0,1925.0,1
Wheat,2021-09-15,1890.0,1825.0,1950.0,1
Wheat,2021-09-16,1900.0,1850.0,1950.0,1
Wheat,2021-09-17,1880.0,1825.0,1940.0,1
Wheat,2021-09-18,1870.0,1820.0,1910.0,1
Wheat,2021-09-20,1900.0,1825.0,1950.0,1
Wheat,2021-09-21,1880.0,1800.0,1950.0,1
Wheat,2021-09-22,1860.0,1815.0,1925.0,1
Wheat,2021-09-23,1890.0,1815.0,2050.0,1
Wheat,2021-09-24,1875.0,1825.0,2000.0,1
Wheat,2021-09-25,1900.0,1850.0,1950.0,1
Wheat,2021-09-27,1895.0,1825.0,1940.0,1
Wheat,2021-09-28,1880.0,1800.0,1950.0,1
Wheat,2021-09-29,1870.0,1825.0,1900.0,1
Wheat,2021-09-30,1850.0,1800.0,1900.0,1
Wheat,2021-10-01,1840.0,1180.0,1900.0,1
Wheat,2021-10-02,1850.0,1800.0,1900.0,1
Wheat,2021-10-04,1855.0,1800.0,1900.0,1
Wheat,2021-10-05,1860.0,1800.0,1900.0,1
Wheat,2021-10-06,1865.0,1820.0,1900.0,1
Wheat,2021-10-07,1870.0,1800.0,1900.0,1
Wheat,2021-10-08,1875.0,1800.0,1900.0,1
Wheat,2021-10-09,1865.0,1800.0,1900.0,1
Wheat,2021-10-11,1870.0,1815.0,1925.0,1
Wheat,2021-10-12,1880.0,1800.0,1950.0,1
Wheat,2021-10-13,1850.0,1800.0,1900.0,1
Wheat,2021-10-14,1860.0,1800.0,1900.0,1
Wheat,2021-10-15,1840.0,1800.0,1950.0,1
Wheat,2021-10-16,1850.0,1800.0,1900.0,1
Wheat,2021-10-18,1865.0,1800.0,1900.0,1
Wheat,2021-10-19,1840.0,1800.0,1900.0,1
Wheat,2021-10-20,1850.0,1800.0,1900.0,1
Wheat,2021-10-21,1860.0,1815.0,1900.0,1
Wheat,2021-10-22,1875.0,1800.0,1950.0,1
Wheat,2021-10-23,1880.0,1800.0,1950.0,1
Wheat,2021-10-25,1890.0,1800.0,1950.0,1
Wheat,2021-10-27,1895.0,1800.0,1975.0,1
Wheat,2021-10-28,1890.0,1815.0,2025.0,1
Wheat,2021-10-29,1900.0,1850.0,1950.0,1
Wheat,2021-10-30,1880.0,1800.0,1925.0,1
Wheat,2021-11-01,1875.0,1800.0,1950.0,1
Wheat,2021-11-02,1895.0,1825.0,1950.0,1
Wheat,2021-11-08,1890.0,1800.0,1925.0,1
Wheat,2021-11-09,1885.0,1800.0,1950.0,1
Wheat,2021-11-10,1895.0,1850.0,1950.0,1
Wheat,2021-11-11,1950.0,1850.0,1950.0,1
Wheat,2021-11-12,1890.0,1825.0,1960.0,1
Wheat,2021-11-13,1895.0,1850.0,1925.0,1
Wheat,2021-11-15,1900.0,1850.0,1950.0,1
Wheat,2021-11-16,1890.0,1850.0,1950.0,1
Wheat,2021-11-17,1895.0,1850.0,2050.0,1
Wheat,2021-11-18,1900.0,1850.0,1950.0,1
Wheat,2021-11-19,1875.0,1825.0,1900.0,1
Wheat,2021-11-20,1880.0,1850.0,1920.0,1
Wheat,2021-11-22,1885.0,1800.0,1950.0,1
Wheat,2021-11-23,1890.0,1825.0,1950.0,1
Wheat,2021-11-24,1900.0,1850.0,2000.0,1
Wheat,2021-11-25,1895.0,1850.0,1950.0,1
Wheat,2021-11-26,1900.0,1840.0,1960.0,1
Wheat,2021-11-27,1890.0,1825.0,1950.0,1
Wheat,2021-11-29,1895.0,1850.0,1925.0,1
Wheat,2021-11-30,1890.0,1860.0,1930.0,1
Wheat,2021-12-01,1875.0,1850.0,1900.0,1
Wheat,2021-12-02,1850.0,1800.0,1900.0,1
Wheat,2021-12-03,1870.0,1800.0,1900.0,1
Wheat,2021-12-04,1875.0,1840.0,1910.0,1
Wheat,2021-12-06,1880.0,1840.0,1910.0,1
Wheat,2021-12-07,1900.0,1860.0,1930.0,1
Wheat,2021-12-08,1895.0,1825.0,2050.0,1
Wheat,2021-12-09,1890.0,1850.0,1950.0,1
Wheat,2021-12-10,1900.0,1850.0,1950.0,1
Wheat,2021-12-11,1880.0,1800.0,1950.0,1
Wheat,2021-12-13,1890.0,1840.0,1925.0,1
Wheat,2021-12-14,1900.0,1850.0,1950.0,1
Wheat,2021-12-15,1895.0,1840.0,1950.0,1
Wheat,2021-12-16,1890.0,1820.0,1940.0,1
Wheat,2021-12-17,1880.0,1850.0,1900.0,1
Wheat,2021-12-18,1885.0,1800.0,1950.0,1
Wheat,2021-12-20,1890.0,1825.0,1950.0,1
Wheat,2021-12-21,1900.0,1860.0,1940.0,1
Wheat,2021-12-22,1920.0,1860.0,1950.0,1
Wheat,2021-12-23,1910.0,1860.0,1950.0,1
Wheat,2021-12-24,1900.0,1850.0,1950.0,1
Wheat,2021-12-25,1905.0,1850.0,1925.0,1
Wheat,2021-12-27,1910.0,1860.0,1940.0,1
Wheat,2021-12-28,1900.0,1850.0,1950.0,1
Wheat,2021-12-29,1890.0,1850.0,1920.0,1
Wheat,2021-12-30,1895.0,1825.0,2000.0,1
Wheat,2021-12-31,1900.0,1850.0,2000.0,1
Wheat,2022-01-01,1890.0,1840.0,1950.0,1
Wheat,2022-01-03,1900.0,1850.0,1930.0,1
Wheat,2022-01-04,1905.0,1850.0,1960.0,1
Wheat,2022-01-05,1910.0,1860.0,1950.0,1
Wheat,2022-01-06,1920.0,1900.0,1950.0,1
Wheat,2022-01-07,1920.0,1850.0,1975.0,1
Wheat,2022-01-08,1925.0,1900.0,1960.0,1
Wheat,2022-01-10,1930.0,1850.0,2000.0,1
Wheat,2022-01-11,1940.0,1900.0,1980.0,1
Wheat,2022-01-12,1950.0,1900.0,2000.0,1
Wheat,2022-01-13,1930.0,1875.0,1975.0,1
Wheat,2022-01-14,1925.0,1880.0,2000.0,1
Wheat,2022-01-15,1950.0,1900.0,2000.0,1
Wheat,2022-01-17,1940.0,1900.0,2000.0,1
Wheat,2022-01-18,1945.0,1900.0,2000.0,1
Wheat,2022-01-19,1950.0,1900.0,1990.0,1
Wheat,2022-01-20,1940.0,1900.0,1980.0,1
Wheat,2022-01-21,1950.0,1900.0,2000.0,1
Wheat,2022-01-22,1935.0,1900.0,1975.0,1
Wheat,2022-01-24,1930.0,1900.0,1960.0,1
Wheat,2022-01-25,1940.0,1900.0,2000.0,1
Wheat,2022-01-26,1950.0,1900.0,2000.0,1
Wheat,2022-01-27,1935.0,1900.0,1970.0,1
Wheat,2022-01-28,1940.0,1900.0,2000.0,1
Wheat,2022-01-29,1950.0,1900.0,2000.0,1
Wheat,2022-01-31,1930.0,1900.0,1985.0,1
Wheat,2022-02-01,1925.0,1875.0,2000.0,1
Wheat,2022-02-02,1930.0,1900.0,1980.0,1
Wheat,2022-02-03,1940.0,1900.0,1980.0,1
Wheat,2022-02-04,1925.0,1900.0,1960.0,1
Wheat,2022-02-05,1930.0,1900.0,1970.0,1
Wheat,2022-02-07,1935.0,1900.0,1970.0,1
Wheat,2022-02-08,1925.0,1885.0,2000.0,1
Wheat,2022-02-09,1940.0,1900.0,2000.0,1
Wheat,2022-02-10,1950.0,1900.0,2000.0,1
Wheat,2022-02-11,1945.0,1905.0,1985.0,1
Wheat,2022-02-12,1935.0,1900.0,2000.0,1
Wheat,2022-02-14,1940.0,1910.0,1985.0,1
Wheat,2022-02-15,1950.0,1900.0,2000.0,1
Wheat,2022-02-16,1945.0,1905.0,1985.0,1
Wheat,2022-02-17,1940.0,1900.0,2000.0,1
Wheat,2022-02-18,1950.0,1915.0,1985.0,1
Wheat,2022-02-19,1950.0,1900.0,2000.0,1
Wheat,2022-02-21,1940.0,1900.0,2000.0,1
Wheat,2022-02-22,1950.0,1900.0,2000.0,1
Wheat,2022-02-23,1930.0,1900.0,2000.0,1
Wheat,2022-02-24,1940.0,1910.0,1985.0,1
Wheat,2022-02-25,1945.0,1900.0,2000.0,1
Wheat,2022-02-26,1950.0,1900.0,2000.0,1
Wheat,2022-02-28,1950.0,1905.0,1985.0,1
Wheat,2022-03-01,1940.0,1900.0,2000.0,1
Wheat,2022-03-02,1945.0,1905.0,1985.0,1
Wheat,2022-03-03,1950.0,1900.0,2000.0,1
Wheat,2022-03-04,1955.0,1910.0,2015.0,1
Wheat,2022-03-05,1960.0,1905.0,2000.0,1
Wheat,2022-03-07,1950.0,1900.0,2000.0,1
Wheat,2022-03-08,1975.0,1915.0,2000.0,1
Wheat,2022-03-09,1980.0,1930.0,2025.0,1
Wheat,2022-03-11,1970.0,1900.0,2000.0,1
Wheat,2022-03-12,1985.0,1900.0,2050.0,1
Wheat,2022-03-14,1975.0,1915.0,2025.0,1
Wheat,2022-03-15,2000.0,1960.0,2040.0,1
Wheat,2022-03-16,1960.0,1900.0,2000.0,1
Wheat,2022-03-17,1970.0,1900.0,2000.0,1
Wheat,2022-03-24,1980.0,1900.0,2050.0,1
Wheat,2022-03-25,1985.0,1950.0,2025.0,1
Wheat,2022-03-26,1975.0,1900.0,2000.0,1
Wheat,2022-03-28,1980.0,1880.0,2050.0,1
Wheat,2022-03-29,1960.0,1900.0,2000.0,1
Wheat,2022-03-30,1950.0,1900.0,2000.0,1
Wheat,2022-03-31,2000.0,1950.0,2050.0,1
Wheat,2022-04-01,2005.0,1950.0,2050.0,1
Wheat,2022-04-02,2000.0,1925.0,2060.0,1
Wheat,2022-04-04,2005.0,1950.0,2025.0,1
Wheat,2022-04-05,2010.0,1960.0,2040.0,1
Wheat,2022-04-06,2015.0,1950.0,2015.0,1
Wheat,2022-04-07,2015.0,1980.0,2050.0,1
Wheat,2022-04-08,2015.0,1960.0,2100.0,1
Wheat,2022-04-09,2015.0,1950.0,2100.0,1
Wheat,2022-04-11,2015.0,1960.0,2100.0,1
Wheat,2022-04-12,2020.0,1965.0,2100.0,1
Wheat,2022-04-13,2025.0,1965.0,2100.0,1
Wheat,2022-04-14,2030.0,1965.0,2100.0,1
Wheat,2022-04-15,2020.0,1965.0,2100.0,1
Wheat,2022-04-16,2025.0,2000.0,2050.0,1
Wheat,2022-04-18,2030.0,2000.0,2050.0,1
Wheat,2022-04-19,2040.0,1965.0,2100.0,1
Wheat,2022-04-20,2035.0,2000.0,2100.0,1
Wheat,2022-04-21,2030.0,1950.0,2100.0,1
Wheat,2022-04-22,2040.0,1960.0,2100.0,1
Wheat,2022-04-23,2035.0,1965.0,2100.0,1
Wheat,2022-04-25,2045.0,2000.0,2100.0,1
Wheat,2022-04-26,2050.0,2010.0,2100.0,1
Wheat,2022-04-27,2040.0,1975.0,2100.0,1
Wheat,2022-04-28,2035.0,2000.0,2060.0,1
Wheat,2022-04-29,2060.0,1970.0,2125.0,1
Wheat,2022-04-30,2060.0,1900.0,2150.0,1
Wheat,2022-05-02,2075.0,2000.0,2150.0,1
Wheat,2022-05-03,2060.0,2000.0,2100.0,1
Wheat,2022-05-04,2070.0,2020.0,2100.0,1
Wheat,2022-05-05,2050.0,2000.0,2100.0,1
Wheat,2022-05-06,2065.0,2000.0,2125.0,1
Wheat,2022-05-07,2070.0,2000.0,2100.0,1
Wheat,2022-05-09,2080.0,2000.0,2150.0,1
Wheat,2022-05-10,2085.0,2000.0,2100.0,1
Wheat,2022-05-11,2075.0,2025.0,2100.0,1
Wheat,2022-05-12,2100.0,2050.0,2150.0,1
Wheat,2022-05-13,2080.0,2000.0,2150.0,1
Wheat,2022-05-14,2100.0,2000.0,2150.0,1
Wheat,2022-05-16,2070.0,2000.0,2150.0,1
Wheat,2022-05-17,2050.0,2000.0,2100.0,1
Wheat,2022-05-18,2040.0,2000.0,2100.0,1
Wheat,2022-05-19,2045.0,2000.0,2100.0,1
Wheat,2022-05-20,2050.0,2000.0,2100.0,1
Wheat,2022-05-21,2040.0,2000.0,2100.0,1
Wheat,2022-05-23,2030.0,1975.0,2100.0,1
Wheat,2022-05-24,2035.0,2000.0,2100.0,1
Wheat,2022-05-25,2025.0,2000.0,2100.0,1
Wheat,2022-05-26,2015.0,1975.0,2100.0,1
Wheat,2022-05-27,2020.0,1980.0,2100.0,1
Wheat,2022-05-28,2025.0,1975.0,2085.0,1
Wheat,2022-05-30,2030.0,1980.0,2100.0,1
Wheat,2022-05-31,2020.0,1965.0,2100.0,1
Wheat,2022-06-01,2025.0,1975.0,2100.0,1
Wheat,2022-06-02,2030.0,1975.0,2100.0,1
Wheat,2022-06-03,2040.0,1950.0,2100.0,1
Wheat,2022-06-04,2020.0,1950.0,2100.0,1
Wheat,2022-06-06,2025.0,1975.0,2080.0,1
Wheat,2022-06-07,2015.0,1950.0,2100.0,1
Wheat,2022-06-08,2020.0,1960.0,2100.0,1
Wheat,2022-06-09,2025.0,1950.0,2100.0,1
Wheat,2022-06-10,2030.0,1950.0,2080.0,1
Wheat,2022-06-11,2020.0,2000.0,2050.0,1
Wheat,2022-06-13,2025.0,1975.0,2100.0,1
Wheat,2022-06-14,2030.0,2000.0,2060.0,1
Wheat,2022-06-15,2025.0,2000.0,2050.0,1
Wheat,2022-06-16,2015.0,1975.0,2050.0,1
Wheat,2022-06-17,2020.0,1960.0,2100.0,1
Wheat,2022-06-18,2025.0,1975.0,2075.0,1
Wheat,2022-06-20,2030.0,1960.0,2080.0,1
Wheat,2022-06-21,2040.0,2000.0,2080.0,1
Wheat,2022-06-22,2045.0,2000.0,2100.0,1
Wheat,2022-06-23,2050.0,2000.0,2100.0,1
Wheat,2022-06-24,2035.0,1980.0,2100.0,1
Wheat,2022-06-25,2040.0,2000.0,2080.0,1
Wheat,2022-06-27,2050.0,2000.0,2100.0,1
Wheat,2022-06-28,2030.0,2000.0,2060.0,1
Wheat,2022-06-29,2035.0,2005.0,2075.0,1
Wheat,2022-06-30,2025.0,2000.0,2075.0,1
Wheat,2022-07-04,2025.0,2000.0,2050.0,1
Wheat,2022-07-05,2015.0,1980.0,2050.0,1
Wheat,2022-07-06,2020.0,1975.0,2060.0,1
Wheat,2022-07-07,2040.0,2000.0,2100.0,1
Wheat,2022-07-08,2050.0,2000.0,2100.0,1
Wheat,2022-07-09,2030.0,1950.0,2100.0,1
Wheat,2022-07-11,2040.0,1960.0,2100.0,1
Wheat,2022-07-12,2050.0,2000.0,2100.0,1
Wheat,2022-07-13,2035.0,2000.0,2100.0,1
Wheat,2022-07-14,2040.0,2000.0,2080.0,1
Wheat,2022-07-15,2050.0,2000.0,2100.0,1
Wheat,2022-07-16,2045.0,2000.0,2100.0,1
Wheat,2022-07-18,2030.0,2000.0,2050.0,1
Wheat,2022-07-19,2060.0,2000.0,2100.0,1
Wheat,2022-07-20,2100.0,2050.0,2150.0,1
Wheat,2022-07-21,2110.0,2020.0,2200.0,1
Wheat,2022-07-22,2120.0,2050.0,2180.0,1
Wheat,2022-07-23,2125.0,2080.0,2170.0,1
Wheat,2022-07-25,2130.0,2050.0,2180.0,1
Wheat,2022-07-26,2140.0,2100.0,2180.0,1
Wheat,2022-07-27,2170.0,2100.0,2230.0,1
Wheat,2022-07-28,2180.0,2100.0,2250.0,1
Wheat,2022-07-29,2140.0,2100.0,2200.0,1
Wheat,2022-07-30,2150.0,2100.0,2200.0,1
Wheat,2022-08-01,2140.0,2100.0,2200.0,1
Wheat,2022-08-02,2150.0,2100.0,2200.0,1
Wheat,2022-08-03,2160.0,2100.0,2200.0,1
Wheat,2022-08-04,2200.0,2150.0,2250.0,1
Wheat,2022-08-05,2230.0,2200.0,2300.0,1
Wheat,2022-08-06,2250.0,2100.0,2315.0,1
Wheat,2022-08-08,2270.0,2200.0,2350.0,1
Wheat,2022-08-09,2300.0,2250.0,2350.0,1
Wheat,2022-08-10,2290.0,2200.0,2350.0,1
Wheat,2022-08-11,2295.0,2200.0,2350.0,1
Wheat,2022-08-12,2300.0,2200.0,2400.0,1
Wheat,2022-08-13,2320.0,2215.0,2400.0,1
Wheat,2022-08-16,2325.0,2280.0,2400.0,1
Wheat,2022-08-17,2315.0,2250.0,2375.0,1
Wheat,2022-08-18,2320.0,2280.0,2360.0,1
Wheat,2022-08-19,2330.0,2250.0,2400.0,1
Wheat,2022-08-20,2350.0,2300.0,2400.0,1
Wheat,2022-08-22,2375.0,2300.0,2450.0,1
Wheat,2022-08-23,2400.0,2350.0,2450.0,1
Wheat,2022-08-24,2410.0,2350.0,2475.0,1
Wheat,2022-08-25,2420.0,2360.0,2480.0,1
Wheat,2022-08-26,2400.0,2350.0,2450.0,1
Wheat,2022-08-27,2425.0,2350.0,2500.0,1
Wheat,2022-08-29,2400.0,2350.0,2450.0,1
Wheat,2022-08-30,2410.0,2350.0,2460.0,1
Wheat,2022-08-31,2385.0,2300.0,2450.0,1
Wheat,2022-09-01,2390.0,2340.0,2450.0,1
Wheat,2022-09-02,2400.0,2300.0,2450.0,1
Wheat,2022-09-03,2410.0,2350.0,2460.0,1
Wheat,2022-09-05,2390.0,2330.0,2460.0,1
Wheat,2022-09-06,2400.0,2350.0,2450.0,1
Wheat,2022-09-07,2395.0,2350.0,2450.0,1
Wheat,2022-09-08,2375.0,2300.0,2430.0,1
Wheat,2022-09-09,2390.0,2340.0,2450.0,1
Wheat,2022-09-10,2400.0,2350.0,2450.0,1
Wheat,2022-09-12,2385.0,2340.0,2440.0,1
Wheat,2022-09-13,2390.0,2350.0,2450.0,1
Wheat,2022-09-14,2395.0,2325.0,2460.0,1
Wheat,2022-09-15,2400.0,2350.0,2450.0,1
Wheat,2022-09-16,2380.0,2320.0,2450.0,1
Wheat,2022-09-17,2385.0,2340.0,2430.0,1
Wheat,2022-09-19,2380.0,2300.0,2430.0,1
Wheat,2022-09-20,2390.0,2340.0,2450.0,1
Wheat,2022-09-21,2400.0,2325.0,2450.0,1
Wheat,2022-09-22,2375.0,2300.0,2425.0,1
Wheat,2022-09-23,2385.0,2315.0,2450.0,1
Wheat,2022-09-24,2370.0,2320.0,2430.0,1
Wheat,2022-09-26,2350.0,2300.0,2400.0,1
Wheat,2022-09-27,2360.0,2310.0,2400.0,1
Wheat,2022-09-28,2335.0,2300.0,2400.0,1
Wheat,2022-09-29,2340.0,2300.0,2400.0,1
Wheat,2022-09-30,2350.0,2300.0,2400.0,1
Wheat,2022-10-01,2360.0,2300.0,2400.0,1
Wheat,2022-10-03,2370.0,2320.0,2420.0,1
Wheat,2022-10-04,2375.0,2320.0,2425.0,1
Wheat,2022-10-05,2350.0,2300.0,2410.0,1
Wheat,2022-10-06,2360.0,2300.0,2400.0,1
Wheat,2022-10-07,2370.0,2320.0,2430.0,1
Wheat,2022-10-08,4040.0,4000.0,4100.0,1
Wheat,2022-10-10,2375.0,2325.0,2425.0,1
Wheat,2022-10-11,2380.0,2330.0,2430.0,1
Wheat,2022-10-12,2400.0,2350.0,2450.0,1
Wheat,2022-10-13,2395.0,2340.0,2450.0,1
Wheat,2022-10-14,2400.0,2340.0,2460.0,1
Wheat,2022-10-15,2405.0,2350.0,2460.0,1
Wheat,2022-10-17,2410.0,2370.0,2450.0,1
Wheat,2022-10-18,2400.0,2320.0,2460.0,1
Wheat,2022-10-19,2390.0,2340.0,2450.0,1
Wheat,2022-10-20,2395.0,2340.0,2450.0,1
Wheat,2022-10-21,2400.0,2350.0,2450.0,1
Wheat,2022-10-22,2410.0,2350.0,2460.0,1
Wheat,2022-10-29,2400.0,2350.0,2450.0,1
Wheat,2022-10-31,2430.0,2380.0,2480.0,1
Wheat,2022-11-01,2450.0,2400.0,2500.0,1
Wheat,2022-11-02,2440.0,2400.0,2500.0,1
Wheat,2022-11-03,2470.0,2400.0,2530.0,1
Wheat,2022-11-04,2485.0,2430.0,2540.0,1
Wheat,2022-11-05,2500.0,2450.0,2550.0,1
Wheat,2022-11-07,2490.0,2440.0,2550.0,1
Wheat,2022-11-08,2500.0,2450.0,2550.0,1
Wheat,2022-11-09,2550.0,2500.0,2600.0,1
Wheat,2022-11-10,2580.0,2530.0,2630.0,1
Wheat,2022-11-11,2570.0,2510.0,2630.0,1
Wheat,2022-11-12,2550.0,2500.0,2600.0,1
Wheat,2022-11-14,2575.0,2515.0,2630.0,1
Wheat,2022-11-15,2600.0,2550.0,2650.0,1
Wheat,2022-11-16,2580.0,2530.0,2630.0,1
Wheat,2022-11-17,2610.0,2560.0,2660.0,1
Wheat,2022-11-18,2600.0,2550.0,2650.0,1
Wheat,2022-11-19,2615.0,2550.0,2665.0,1
Wheat,2022-11-21,2620.0,2575.0,2665.0,1
Wheat,2022-11-22,2605.0,2545.0,2655.0,1
Wheat,2022-11-23,2610.0,2560.0,2675.0,1
Wheat,2022-11-24,2615.0,2560.0,2660.0,1
Wheat,2022-11-25,2625.0,2575.0,2675.0,1
Wheat,2022-11-26,2620.0,2570.0,2680.0,1
Wheat,2022-11-28,2630.0,2580.0,2700.0,1
Wheat,2022-11-29,2650.0,2600.0,2700.0,1
Wheat,2022-11-30,2640.0,2600.0,2700.0,1
Wheat,2022-12-01,2625.0,2575.0,2675.0,1
Wheat,2022-12-02,2620.0,2560.0,2700.0,1
Wheat,2022-12-03,2640.0,2600.0,2700.0,1
Wheat,2022-12-05,2650.0,2600.0,2700.0,1
Wheat,2022-12-06,2660.0,2600.0,2700.0,1
Wheat,2022-12-07,2670.0,2620.0,2730.0,1
Wheat,2022-12-08,2655.0,2600.0,2710.0,1
Wheat,2022-12-09,2650.0,2600.0,2700.0,1
Wheat,2022-12-10,2670.0,2620.0,2730.0,1
Wheat,2022-12-12,2675.0,2600.0,2750.0,1
Wheat,2022-12-13,2680.0,2630.0,2730.0,1
Wheat,2022-12-14,2655.0,2600.0,2720.0,1
Wheat,2022-12-15,2685.0,2600.0,2750.0,1
Wheat,2022-12-16,2675.0,2625.0,2730.0,1
Wheat,2022-12-17,2690.0,2640.0,2750.0,1
Wheat,2022-12-19,2700.0,2630.0,2770.0,1
Wheat,2022-12-20,2725.0,2670.0,2780.0,1
Wheat,2022-12-21,2730.0,2670.0,2770.0,1
Wheat,2022-12-22,2725.0,2675.0,2775.0,1
Wheat,2022-12-23,2715.0,1650.0,2780.0,1
Wheat,2022-12-24,2720.0,2660.0,2775.0,1
Wheat,2022-12-26,2725.0,2660.0,2790.0,1
Wheat,2022-12-27,2715.0,2650.0,2765.0,1
Wheat,2022-12-28,2700.0,2650.0,2750.0,1
Wheat,2022-12-29,2710.0,2650.0,2760.0,1
Wheat,2022-12-30,2705.0,2650.0,2760.0,1
Wheat,2022-12-31,2715.0,2665.0,2760.0,1
Wheat,2023-01-02,2720.0,2650.0,2775.0,1
Wheat,2023-01-03,2735.0,2660.0,2785.0,1
Wheat,2023-01-04,2750.0,2700.0,2800.0,1
Wheat,2023-01-05,2730.0,2680.0,2765.0,1
Wheat,2023-01-06,2740.0,2700.0,2800.0,1
Wheat,2023-01-07,2750.0,2700.0,2800.0,1
Wheat,2023-01-09,2760.0,2700.0,2810.0,1
Wheat,2023-01-10,2740.0,2650.0,2800.0,1
Wheat,2023-01-11,2745.0,2700.0,2800.0,1
Wheat,2023-01-12,2750.0,2700.0,2800.0,1
Wheat,2023-01-13,2775.0,2720.0,2830.0,1
Wheat,2023-01-14,2780.0,2700.0,2850.0,1
Wheat,2023-01-16,2765.0,2700.0,2825.0,1
Wheat,2023-01-17,2785.0,2700.0,2850.0,1
Wheat,2023-01-18,2800.0,2740.0,2860.0,1
Wheat,2023-01-19,2810.0,2750.0,2880.0,1
Wheat,2023-01-20,2840.0,2785.0,2900.0,1
Wheat,2023-01-21,2850.0,2800.0,2900.0,1
Wheat,2023-01-23,2900.0,2850.0,2950.0,1
Wheat,2023-01-24,2920.0,2840.0,3000.0,1
Wheat,2023-01-25,2930.0,2870.0,2980.0,1
Wheat,2023-01-27,2950.0,2900.0,3000.0,1
Wheat,2023-01-28,2900.0,2850.0,2950.0,1
Wheat,2023-01-30,2875.0,2800.0,2950.0,1
Wheat,2023-01-31,2880.0,2800.0,2950.0,1
Wheat,2023-02-01,2870.0,2800.0,2950.0,1
Wheat,2023-02-02,2850.0,2800.0,2900.0,1
Wheat,2023-02-03,2800.0,2740.0,2865.0,1
Wheat,2023-02-04,2775.0,2700.0,2850.0,1
Wheat,2023-02-06,2750.0,2700.0,2800.0,1
Wheat,2023-02-07,2720.0,2680.0,2765.0,1
Wheat,2023-02-08,2700.0,2650.0,2750.0,1
Wheat,2023-02-09,2680.0,2600.0,2750.0,1
Wheat,2023-02-10,2675.0,2600.0,2750.0,1
Wheat,2023-02-11,2665.0,2600.0,2700.0,1
Wheat,2023-02-13,2650.0,2600.0,2700.0,1
Wheat,2023-02-14,2660.0,2600.0,2700.0,1
Wheat,2023-02-15,2640.0,2600.0,2700.0,1
Wheat,2023-02-16,2650.0,2600.0,2700.0,1
Wheat,2023-02-17,2625.0,2550.0,2700.0,1
Wheat,2023-02-18,2550.0,2500.0,2600.0,1
Wheat,2023-02-20,2500.0,2450.0,2550.0,1
Wheat,2023-02-21,2475.0,2400.0,2530.0,1
Wheat,2023-02-22,2450.0,2400.0,2500.0,1
Wheat,2023-02-23,2425.0,2350.0,2500.0,1
Wheat,2023-02-24,2400.0,2350.0,2450.0,1
Wheat,2023-02-25,2410.0,2350.0,2500.0,1
Wheat,2023-02-27,2350.0,2300.0,2400.0,1
Wheat,2023-02-28,2370.0,2300.0,2450.0,1
Wheat,2023-03-01,2320.0,2250.0,2400.0,1
Wheat,2023-03-02,2300.0,2225.0,2375.0,1
Wheat,2023-03-03,2275.0,2200.0,2350.0,1
Wheat,2023-03-04,2250.0,2180.0,2315.0,1
Wheat,2023-03-06,2240.0,2200.0,2300.0,1
Wheat,2023-03-11,2235.0,2185.0,2300.0,1
Wheat,2023-03-14,2200.0,2150.0,2250.0,1
Wheat,2023-03-15,2215.0,2150.0,2265.0,1
Wheat,2023-03-16,2210.0,2165.0,2300.0,1
Wheat,2023-03-17,2205.0,2150.0,2260.0,1
Wheat,2023-03-18,2190.0,2125.0,2260.0,1
Wheat,2023-03-20,2250.0,2185.0,2315.0,1
Wheat,2023-03-21,2275.0,2200.0,2350.0,1
Wheat,2023-03-22,2280.0,2200.0,2350.0,1
Wheat,2023-03-23,2300.0,2230.0,2365.0,1
Wheat,2023-03-24,2285.0,2200.0,2350.0,1
Wheat,2023-03-25,2290.0,2200.0,2350.0,1
Wheat,2023-03-27,2300.0,2240.0,2365.0,1
Wheat,2023-03-28,2280.0,2200.0,2325.0,1
Wheat,2023-03-29,2285.0,2200.0,2350.0,1
Wheat,2023-03-30,2300.0,2250.0,2350.0,1
Wheat,2023-03-31,2315.0,2250.0,2350.0,1
Wheat,2023-04-01,2300.0,2230.0,2360.0,1
Wheat,2023-04-03,2310.0,2250.0,2365.0,1
Wheat,2023-04-04,2275.0,2200.0,2350.0,1
Wheat,2023-04-05,2250.0,2200.0,2325.0,1
Wheat,2023-04-06,2260.0,2200.0,2300.0,1
Wheat,2023-04-07,2250.0,2200.0,2300.0,1
Wheat,2023-04-08,2240.0,2200.0,2300.0,1
Wheat,2023-04-10,2260.0,2200.0,2300.0,1
Wheat,2023-04-11,2250.0,2200.0,2300.0,1
Wheat,2023-04-12,2225.0,2185.0,2275.0,1
Wheat,2023-04-13,2220.0,2150.0,2300.0,1
Wheat,2023-04-14,2200.0,2125.0,2275.0,1
Wheat,2023-04-15,2215.0,2150.0,2300.0,1
Wheat,2023-04-17,2210.0,2150.0,2250.0,1
Wheat,2023-04-18,2200.0,2150.0,2250.0,1
Wheat,2023-04-19,2180.0,2100.0,2250.0,1
Wheat,2023-04-20,2150.0,2100.0,2200.0,1
Wheat,2023-04-21,2160.0,2100.0,2200.0,1
Wheat,2023-04-22,2165.0,2100.0,2200.0,1
Wheat,2023-04-24,2150.0,2100.0,2200.0,1
Wheat,2023-04-25,2160.0,2100.0,2200.0,1
Wheat,2023-04-26,2165.0,2100.0,2200.0,1
Wheat,2023-04-27,2150.0,2100.0,2200.0,1
Wheat,2023-04-28,2140.0,2100.0,2200.0,1
Wheat,2023-04-29,2145.0,2100.0,2200.0,1
Wheat,2023-05-01,2150.0,2100.0,2225.0,1
Wheat,2023-05-02,2160.0,2100.0,2200.0,1
Wheat,2023-05-03,2140.0,2100.0,2200.0,1
Wheat,2023-05-04,2130.0,2050.0,2200.0,1
Wheat,2023-05-05,2200.0,2125.0,2275.0,1
Wheat,2023-05-06,2175.0,2125.0,2265.0,1
Wheat,2023-05-08,2250.0,2200.0,2300.0,1
Wheat,2023-05-09,2280.0,2200.0,2350.0,1
Wheat,2023-05-15,2315.0,2250.0,2365.0,1
Wheat,2023-05-16,2300.0,2250.0,2350.0,1
Wheat,2023-05-17,2320.0,2250.0,2400.0,1
Wheat,2023-05-18,2300.0,2225.0,2375.0,1
Wheat,2023-05-19,2280.0,2200.0,2350.0,1
Wheat,2023-05-20,2260.0,2200.0,2330.0,1
Wheat,2023-05-22,2250.0,2200.0,2300.0,1
Wheat,2023-05-23,2300.0,2250.0,2350.0,1
Wheat,2023-05-24,2325.0,2250.0,2400.0,1
Wheat,2023-05-25,2350.0,2300.0,2400.0,1
Wheat,2023-05-26,2375.0,2300.0,2450.0,1
Wheat,2023-05-27,2400.0,2350.0,2450.0,1
Wheat,2023-05-29,2415.0,2350.0,2460.0,1
Wheat,2023-05-30,2420.0,2350.0,2470.0,1
Wheat,2023-05-31,2400.0,2350.0,2450.0,1
Wheat,2023-06-01,2380.0,2320.0,2450.0,1
Wheat,2023-06-02,2390.0,2340.0,2450.0,1
Wheat,2023-06-03,2400.0,2350.0,2450.0,1
Wheat,2023-06-05,2410.0,2350.0,2460.0,1
Wheat,2023-06-06,2450.0,2400.0,2500.0,1
Wheat,2023-06-07,2420.0,2350.0,2500.0,1
Wheat,2023-06-08,2430.0,2350.0,2500.0,1
Wheat,2023-06-09,2450.0,2400.0,2500.0,1
Wheat,2023-06-10,2440.0,2400.0,2500.0,1
Wheat,2023-06-12,2460.0,2400.0,2500.0,1
Wheat,2023-06-13,2420.0,2350.0,2500.0,1
Wheat,2023-06-14,2430.0,2350.0,2500.0,1
Wheat,2023-06-15,2440.0,2400.0,2500.0,1
Wheat,2023-06-16,2400.0,2350.0,2450.0,1
Wheat,2023-06-17,2390.0,2350.0,2450.0,1
Wheat,2023-06-19,2370.0,2300.0,2450.0,1
Wheat,2023-06-20,2360.0,2300.0,2400.0,1
Wheat,2023-06-21,2350.0,2300.0,2400.0,1
Wheat,2023-06-22,2360.0,2300.0,2400.0,1
Wheat,2023-06-23,2330.0,2250.0,2400.0,1
Wheat,2023-06-24,2340.0,2300.0,2400.0,1
Wheat,2023-06-26,2350.0,2300.0,2400.0,1
Wheat,2023-06-27,2335.0,2250.0,2400.0,1
Wheat,2023-06-28,2340.0,2300.0,2400.0,1
Wheat,2023-06-29,2355.0,2300.0,2400.0,1
Wheat,2023-06-30,2360.0,2300.0,2400.0,1
