commodity,date,sentiment_positive_mean,sentiment_neutral_mean,sentiment_negative_mean,article_count,dominant_sentiment,sentiment_dispersion
Onion,2013-07-03,0.2628407478332519,0.6986299157142639,0.0385293364524841,1,neutral,0.0
Onion,2013-07-05,0.0195225812494754,0.0595843642950058,0.920893132686615,1,negative,0.0
Onion,2013-07-10,0.0165161993354558,0.0329950302839279,0.9504887461662292,1,negative,0.0
Onion,2013-07-14,0.024278674274683,0.3736145794391632,0.6021067500114441,1,negative,0.0
Onion,2013-07-15,0.0256514064967632,0.0356831476092338,0.9386654496192932,1,negative,0.0
Onion,2013-07-17,0.0437901876866817,0.0651151612401008,0.8910946249961853,1,negative,0.0
Onion,2013-07-18,0.0440898537635803,0.612353503704071,0.343556672334671,1,neutral,0.0
Onion,2013-07-19,0.28740904014557594,0.27947569638490677,0.433115255087614,2,negative,0.26863017398864036
Onion,2013-07-23,0.2251504212617874,0.7480558156967163,0.026793772354722,1,neutral,0.0
Onion,2013-07-24,0.3080125202735265,0.41431859880685806,0.27766890948017436,3,neutral,0.14547703165145762
Onion,2013-07-27,0.19280409999191758,0.18682177364826194,0.6203740984201431,2,negative,0.16995718888938427
Onion,2013-08-06,0.0250965654850006,0.1440125256776809,0.8308908939361572,1,negative,0.0
Onion,2013-08-07,0.0781749794259667,0.4189409539103508,0.5028841160237789,2,negative,0.0601120432838798
Onion,2013-08-08,0.11276996321976185,0.20173946768045425,0.6854905486106873,2,negative,0.06812761537730694
Onion,2013-08-09,0.0219487771391868,0.1452199518680572,0.8328312635421753,1,negative,0.0
Onion,2013-08-11,0.30274034850299353,0.30068526665369666,0.39657440409064293,3,neutral,0.3692150166840048
Onion,2013-08-12,0.1395703107118606,0.8179831504821777,0.0424465015530586,1,neutral,0.0
Onion,2013-08-13,0.05398463447474765,0.2883849791768524,0.6576303624444537,9,negative,0.07319076689523331
Onion,2013-08-14,0.09730901196599002,0.41774505004286766,0.4849459477700293,8,negative,0.06191637746077978
Onion,2013-08-15,0.2890821419035395,0.5086404929558436,0.20227733735616005,6,neutral,0.3109715502855665
Onion,2013-08-16,0.0999694988131523,0.1745792925357818,0.7254512310028076,1,negative,0.0
Onion,2013-08-17,0.09127876814454793,0.26173602603375906,0.646985218860209,4,negative,0.07294168914779357
Onion,2013-08-18,0.0153485564514994,0.0167860239744186,0.9678653478622437,1,negative,0.0
Onion,2013-08-19,0.21005222201347346,0.7165384590625763,0.07340935245156285,2,neutral,0.0008476227521896501
Onion,2013-08-20,0.1009846169294582,0.3068213048908445,0.5921941051880518,9,negative,0.15070575705584352
Onion,2013-08-21,0.044988889247179,0.7235384583473206,0.2314726151525974,2,neutral,0.0079181008040905
Onion,2013-08-22,0.12905320823192595,0.6236443229019641,0.2473024614155292,5,neutral,0.11556390059431139
Onion,2013-08-23,0.06489984467625613,0.4229378305375576,0.512162322178483,5,negative,0.0601607423668775
Onion,2013-08-24,0.1022900119423866,0.8564817905426025,0.0412281677126884,1,neutral,0.0
Onion,2013-08-25,0.06250782869756215,0.2934960275888443,0.6439961194992065,2,negative,0.0034360755234956464
Onion,2013-08-26,0.15183889493346214,0.5628070384263992,0.2853540983051061,2,negative,0.10251355543732645
Onion,2013-08-28,0.0828444423774878,0.6276507824659348,0.28950476646423334,3,neutral,0.027901521055452617
Onion,2013-08-29,0.0161363389343023,0.2186659276485443,0.76519775390625,1,negative,0.0
Onion,2013-08-30,0.042769412510097,0.907209038734436,0.050021512433886445,2,neutral,0.013715454377234001
Onion,2013-09-01,0.045429777354002,0.2165817618370056,0.7379884123802185,1,negative,0.0
Onion,2013-09-03,0.0147980982437729,0.0420907959342002,0.9431111812591552,1,negative,0.0
Onion,2013-09-06,0.0652764290571212,0.906134068965912,0.0285894609987735,1,neutral,0.0
Onion,2013-09-08,0.6171635091304779,0.34270666539669037,0.040129811037331806,2,positive,0.027563482522964478
Onion,2013-09-11,0.0294309146702289,0.9323678612709044,0.0382012501358985,1,neutral,0.0
Onion,2013-09-12,0.0306020807474851,0.0360654890537261,0.9333325028419496,1,negative,0.0
Onion,2013-09-14,0.9260251522064208,0.0518286451697349,0.0221461150795221,1,positive,0.0
Onion,2013-09-17,0.0516131436452269,0.4887008033692836,0.459686066955328,2,negative,0.028816127218306103
Onion,2013-09-18,0.31278590261936184,0.24705527201294894,0.4401588201522827,5,positive,0.35771269170442344
Onion,2013-09-19,0.1344544291496276,0.8415409326553345,0.0240045990794897,1,neutral,0.0
Onion,2013-09-20,0.16508939381067947,0.11566946686555936,0.7192411320284009,6,negative,0.29585418303172945
Onion,2013-09-21,0.060602768324315485,0.5377706534096173,0.40162657919738975,7,neutral,0.07036166664543946
Onion,2013-09-22,0.25659666582942003,0.4632043739159902,0.28019893604020274,3,positive,0.2523152500897774
Onion,2013-09-23,0.3126553669571876,0.5008498430252075,0.18649477884173388,2,positive,0.28594299405813217
Onion,2013-09-24,0.053358469158411,0.5438812375068665,0.4027602672576904,1,neutral,0.0
Onion,2013-09-25,0.0389513112604618,0.1056446433067321,0.8554040789604187,1,negative,0.0
Onion,2013-09-27,0.9512709975242616,0.0314151160418987,0.0173139199614524,1,positive,0.0
Onion,2013-09-28,0.0100101018324494,0.0294608995318412,0.960529088973999,1,negative,0.0
Onion,2013-09-29,0.3314943388104439,0.11379888281226155,0.5547068119049072,2,negative,0.26710402220487595
Onion,2013-10-01,0.0547574795782566,0.3868200704455375,0.5584225058555603,2,negative,0.0076807253062725
Onion,2013-10-02,0.0243740212172269,0.0481322444975376,0.9274937510490416,1,negative,0.0
Onion,2013-10-04,0.0461090914905071,0.0582862757146358,0.8956046104431152,1,negative,0.0
Onion,2013-10-05,0.7569977045059204,0.2336304187774658,0.0093718897551298,1,positive,0.0
Onion,2013-10-09,0.0275082513689994,0.0394753292202949,0.9330164194107056,1,negative,0.0
Onion,2013-10-10,0.4052627757191658,0.1785820629447698,0.41615515202283854,2,negative,0.22843735665082932
Onion,2013-10-11,0.0613134391605854,0.070074439048767,0.8686120510101318,1,negative,0.0
Onion,2013-10-15,0.13213431835174558,0.2580569926649332,0.6098086908459663,4,negative,0.05134821848041578
Onion,2013-10-16,0.06330190536876516,0.5645737797021866,0.37212430809934927,3,neutral,0.03609560182049327
Onion,2013-10-18,0.2691270112991333,0.1179758086800575,0.6128971576690674,1,negative,0.0
Onion,2013-10-19,0.9019956390062968,0.0767448892196019,0.021259417757391902,3,positive,0.03398286346483877
Onion,2013-10-21,0.0494709834456443,0.1530187129974365,0.7975102663040161,1,negative,0.0
Onion,2013-10-22,0.18370528332889074,0.326229318510741,0.49006538465619087,4,negative,0.1666650804726225
Onion,2013-10-23,0.11347433498927526,0.30692857610327856,0.5795970995511327,7,negative,0.11247905896674697
Onion,2013-10-24,0.1669931023913834,0.3815261698993189,0.4514807374881847,14,neutral,0.22749486951642953
Onion,2013-10-25,0.10742796512527593,0.6355223448740112,0.25704969113899595,9,neutral,0.08150232300082223
Onion,2013-10-26,0.048185264691710424,0.7798004150390625,0.1720143277198076,4,neutral,0.008684190517130484
Onion,2013-10-27,0.18519571237266064,0.48195144832134246,0.3328528441488742,5,neutral,0.14472133754937985
Onion,2013-10-28,0.0682711452245712,0.8064089417457581,0.1253199130296707,1,neutral,0.0
Onion,2013-10-29,0.0105690415948629,0.0454164184629917,0.9440144896507264,1,negative,0.0
Onion,2013-10-30,0.0509616360068321,0.1266824156045913,0.8223559260368347,1,negative,0.0
Onion,2013-11-01,0.06719146529212593,0.34779324755072594,0.5850152680650353,4,negative,0.025664753233363598
Onion,2013-11-02,0.03861517319455738,0.3347702535490195,0.6266145426779985,6,negative,0.03478028612788822
Onion,2013-11-03,0.426036387681961,0.2988684773445129,0.275095134973526,1,positive,0.0
Onion,2013-11-04,0.0199241898953914,0.1321851909160614,0.8478905558586121,1,negative,0.0
Onion,2013-11-06,0.8675209879875183,0.1058431565761566,0.0266358219087123,1,positive,0.0
Onion,2013-11-08,0.0767171382904052,0.8796645402908325,0.0436182804405689,1,neutral,0.0
Onion,2013-11-09,0.01913870871067045,0.02548857871443025,0.9553727805614471,2,negative,0.00907600298523905
Onion,2013-11-10,0.22108796657994387,0.28479552175849676,0.49411646556109184,2,neutral,0.20593428192660215
Onion,2013-11-12,0.0082232588902115,0.0266917664557695,0.9650850296020508,1,negative,0.0
Onion,2013-11-13,0.0997848361730575,0.8785886168479919,0.0216265358030796,1,neutral,0.0
Onion,2013-11-14,0.039828635752201,0.0537687093019485,0.906402587890625,1,negative,0.0
Onion,2013-11-15,0.0126775167882442,0.0965654700994491,0.8907570242881775,1,negative,0.0
Onion,2013-11-21,0.0446012774482369,0.13021733425557608,0.8251813650131226,2,negative,0.025672211311757603
Onion,2013-11-23,0.054800731440385136,0.5840264999618133,0.3611727940539518,3,neutral,0.03619762374477453
Onion,2013-11-25,0.0333197154104709,0.0530815497040748,0.913598656654358,1,negative,0.0
Onion,2013-11-26,0.0143680963665246,0.0235713850706815,0.962060570716858,1,negative,0.0
Onion,2013-11-29,0.1296255588531494,0.8288668990135193,0.0415075197815895,1,neutral,0.0
Onion,2013-12-03,0.021129299265642932,0.057520517458518335,0.9213502407073975,3,negative,0.00492500368926008
Onion,2013-12-04,0.0093457978218793,0.0178426876664161,0.9728115797042848,1,negative,0.0
Onion,2013-12-06,0.0199513919651508,0.20580698549747467,0.7742416262626648,2,negative,0.0010444261133670998
Onion,2013-12-11,0.0286926310509443,0.0130500141531229,0.9582573771476746,1,negative,0.0
Onion,2013-12-13,0.0114880222827196,0.0395982675254344,0.9489137530326844,1,negative,0.0
Onion,2013-12-15,0.0270257676020264,0.0168930594809353,0.9560811817646027,2,negative,0.01919926982373
Onion,2013-12-18,0.0452349825451771,0.24670398235321045,0.7080610394477844,3,negative,0.03028660721102443
Onion,2013-12-19,0.5151347517967224,0.1131924465298652,0.3716727793216705,1,positive,0.0
Onion,2013-12-20,0.2512257094494998,0.26098691858351225,0.48778737988322973,2,negative,0.24066501902416348
Onion,2013-12-21,0.024726059908668167,0.06207690015435213,0.9131970802942911,3,negative,0.010234784133675786
Onion,2013-12-22,0.2979443073272705,0.0573593713343143,0.6446962952613831,1,negative,0.0
Onion,2013-12-24,0.0208119135349988,0.0769564062356948,0.902231752872467,1,negative,0.0
Onion,2013-12-25,0.283506840467453,0.4849545359611511,0.2315386533737182,1,neutral,0.0
Onion,2013-12-27,0.1267442218959331,0.5259939543902874,0.34726185537874693,2,negative,0.0751676447689533
Onion,2013-12-28,0.8936091065406799,0.0500633418560028,0.0563275627791881,1,positive,0.0
Onion,2013-12-31,0.0409515276551246,0.0385076329112052,0.9205408692359924,1,negative,0.0
Onion,2014-01-07,0.0126924719661474,0.0146420719102025,0.972665548324585,1,negative,0.0
Onion,2014-01-14,0.0357226133346557,0.93909353017807,0.0251838434487581,1,neutral,0.0
Onion,2014-01-21,0.0094472737982869,0.0293350219726562,0.9612176418304444,1,negative,0.0
Onion,2014-01-31,0.110247753560543,0.877973735332489,0.0117785213515162,1,neutral,0.0
Onion,2014-02-04,0.1441163718700409,0.2341541498899459,0.6217294931411743,1,negative,0.0
Onion,2014-02-05,0.0623228438198566,0.2416792958974838,0.6959977746009827,1,negative,0.0
Onion,2014-02-09,0.0212899893522262,0.045929055660963,0.9327810406684875,1,negative,0.0
Onion,2014-03-06,0.6670224070549011,0.2832789421081543,0.0496986471116542,1,positive,0.0
Onion,2014-03-12,0.4587094783782959,0.0435442216694355,0.4977463483810425,1,negative,0.0
Onion,2014-03-13,0.0113140512257814,0.0209968630224466,0.967689037322998,1,negative,0.0
Onion,2014-03-21,0.006835710722953,0.0217121411114931,0.9714521765708924,1,negative,0.0
Onion,2014-03-26,0.0478253923356533,0.274096667766571,0.6780779361724854,1,negative,0.0
Onion,2014-03-27,0.0552166812121868,0.9179360270500184,0.0268473010510206,1,neutral,0.0
Onion,2014-04-02,0.0941150709986686,0.8546722531318665,0.0512127205729484,1,neutral,0.0
Onion,2014-04-04,0.0240701790899038,0.8179076313972473,0.1580221652984619,1,neutral,0.0
Onion,2014-04-18,0.24233187548816199,0.3308846279978752,0.4267835151404142,2,negative,0.2173225451260805
Onion,2014-04-20,0.04086835589259855,0.4870004318654537,0.472131185233593,2,neutral,0.024064362980425354
Onion,2014-04-27,0.1955127567052841,0.2182317525148391,0.5862554311752319,1,negative,0.0
Onion,2014-04-29,0.1060576811432838,0.6139463186264038,0.2799960076808929,1,neutral,0.0
Onion,2014-05-07,0.1398311853408813,0.8497639298439026,0.0104048140347003,1,neutral,0.0
Onion,2014-05-08,0.0115270651876926,0.0231077261269092,0.96536523103714,1,negative,0.0
Onion,2014-05-09,0.0130264330655336,0.0561063960194587,0.9308671355247498,1,negative,0.0
Onion,2014-05-13,0.4018421769142151,0.4966619312763214,0.101495936512947,1,neutral,0.0
Onion,2014-05-22,0.0572963245213031,0.129054993391037,0.8136487007141113,1,negative,0.0
Onion,2014-05-28,0.0227244608104228,0.0523944087326526,0.924881100654602,1,negative,0.0
Onion,2014-06-11,0.1180937588214874,0.3180341124534607,0.5638721585273743,1,negative,0.0
Onion,2014-06-12,0.08272823318839065,0.11136924289166925,0.8059025704860687,2,negative,1.3690441846847534e-05
Onion,2014-06-17,0.06902079656720154,0.5789666920900345,0.3520124331116676,2,neutral,0.00521263852715495
Onion,2014-06-19,0.06322380341589444,0.595624927431345,0.34115124493837357,3,neutral,0.05013143087472825
Onion,2014-06-20,0.1759499013423919,0.0353650078177452,0.788685142993927,1,negative,0.0
Onion,2014-06-21,0.1760396957397461,0.8006806373596191,0.0232796221971511,1,neutral,0.0
Onion,2014-06-22,0.0285827778279781,0.1611255854368209,0.8102915287017822,1,negative,0.0
Onion,2014-06-25,0.0711324736475944,0.8566163182258606,0.0722511708736419,1,neutral,0.0
Onion,2014-06-30,0.0204445924609899,0.2185653299093246,0.7609900832176208,1,negative,0.0
Onion,2014-07-01,0.07387585937976834,0.9053299725055695,0.02079418580979105,2,neutral,0.004962898790836355
Onion,2014-07-02,0.03223955351859325,0.4751834608614445,0.4925770219415426,2,negative,0.003141879104077849
Onion,2014-07-03,0.057176767537991134,0.5929786761601766,0.34984455071389675,3,neutral,0.02991491130713222
Onion,2014-07-04,0.1105479853227734,0.545311626419425,0.3441403709352016,5,neutral,0.11036483055202109
Onion,2014-07-06,0.0697334283031523,0.45108454115688795,0.47918199561536307,2,negative,0.0551466098986566
Onion,2014-07-07,0.0337548991665244,0.181035948296388,0.7852091590563456,3,negative,0.016310684176835212
Onion,2014-07-08,0.35652748215943575,0.5542014017701149,0.089271105825901,2,neutral,0.33038481604307895
Onion,2014-07-09,0.3267702758312225,0.1715994626283645,0.5016303062438965,1,negative,0.0
Onion,2014-07-10,0.0355491004884243,0.1492131203413009,0.815237820148468,1,negative,0.0
Onion,2014-07-11,0.0272151473909616,0.9265446066856384,0.0462402179837226,1,neutral,0.0
Onion,2014-07-13,0.0373471044003963,0.8959670662879944,0.0666858181357383,1,neutral,0.0
Onion,2014-07-17,0.028494831174612,0.0244214627891778,0.9470837712287904,1,negative,0.0
Onion,2014-07-18,0.1310676336288452,0.6524892449378967,0.216443121433258,1,neutral,0.0
Onion,2014-07-19,0.0790123268961906,0.0371166057884693,0.8838710784912109,1,negative,0.0
Onion,2014-07-20,0.0692296847701072,0.7895905375480652,0.1411798447370529,1,neutral,0.0
Onion,2014-07-23,0.1590243428945541,0.7886444926261902,0.0523311831057071,1,neutral,0.0
Onion,2014-07-24,0.0916150882840156,0.7898160815238953,0.1185687929391861,1,neutral,0.0
Onion,2014-07-26,0.0724334716796875,0.8478937745094299,0.0796728208661079,1,neutral,0.0
Onion,2014-07-29,0.0214299317449331,0.0408069901168346,0.9377630949020386,1,negative,0.0
Onion,2014-08-12,0.0107932854443788,0.017602926120162,0.9716037511825562,1,negative,0.0
Onion,2014-08-26,0.0654168128967285,0.0421397536993026,0.8924433588981628,1,negative,0.0
Onion,2014-09-07,0.010635295882821,0.0188229847699403,0.970541775226593,1,negative,0.0
Onion,2014-09-08,0.5538921356201172,0.4029324054718017,0.0431754179298877,1,positive,0.0
Onion,2014-09-19,0.0688246414065361,0.9123733639717102,0.0188019704073667,1,neutral,0.0
Onion,2014-09-30,0.1259098351001739,0.8558559417724609,0.0182341895997524,1,neutral,0.0
Onion,2014-10-04,0.3937603235244751,0.5877196788787842,0.018519977107644,1,neutral,0.0
Onion,2014-10-11,0.0798586830496788,0.6772469282150269,0.2428944259881973,2,neutral,0.0
Onion,2014-10-17,0.0079740276560187,0.0211276654154062,0.9708983302116394,1,negative,0.0
Onion,2014-10-31,0.9425464868545532,0.0355145186185836,0.02193901874125,1,positive,0.0
Onion,2014-11-09,0.0150314616039395,0.0690663307905197,0.9159021973609924,1,negative,0.0
Onion,2014-11-12,0.0091369422152638,0.0273489318788051,0.9635140895843506,1,negative,0.0
Onion,2014-11-16,0.1950800567865371,0.0227803979068994,0.7821395397186279,1,negative,0.0
Onion,2014-11-20,0.0216852463781833,0.0733332708477974,0.9049814343452454,1,negative,0.0
Onion,2014-11-25,0.0287513751536607,0.9399310350418092,0.0313176251947879,1,neutral,0.0
Onion,2014-11-27,0.043088924139738,0.9372068643569946,0.0197041425853967,1,neutral,0.0
Onion,2014-12-13,0.7477951049804688,0.2396546900272369,0.0125501472502946,1,positive,0.0
Onion,2014-12-14,0.0376547873020172,0.0214784778654575,0.940866768360138,1,negative,0.0
Onion,2014-12-25,0.0104235969483852,0.0228740219026803,0.9667024612426758,1,negative,0.0
Onion,2014-12-26,0.0096980175003409,0.0183423850685358,0.9719595909118652,1,negative,0.0
Onion,2014-12-30,0.0124988975003361,0.0182506591081619,0.9692503809928894,1,negative,0.0
Onion,2015-01-02,0.0089209107682108,0.0214697569608688,0.9696093201637268,1,negative,0.0
Onion,2015-02-05,0.06585926003754135,0.4195343349128961,0.5146064013242722,2,neutral,0.04718581400811675
Onion,2015-02-15,0.0147314313799142,0.0219596587121486,0.9633089303970336,1,negative,0.0
Onion,2015-02-17,0.043189658783376175,0.9185959547758102,0.03821437014266842,4,neutral,0.012132077773818473
Onion,2015-02-26,0.0638401918113231,0.4648545342497527,0.4713052054867149,2,negative,0.004261080175638199
Onion,2015-03-09,0.829578161239624,0.1511985212564468,0.019223304465413,1,positive,0.0
Onion,2015-03-12,0.0094257593154907,0.0214366558939218,0.9691376090049744,1,negative,0.0
Onion,2015-03-13,0.9513342976570128,0.0227977372705936,0.0258680488914251,1,positive,0.0
Onion,2015-03-14,0.0095178857445716,0.0243667252361774,0.966115415096283,1,negative,0.0
Onion,2015-03-16,0.0133967064321041,0.3543462455272674,0.6322570443153381,1,negative,0.0
Onion,2015-03-24,0.0141257578507065,0.0122629255056381,0.9736113548278807,1,negative,0.0
Onion,2015-03-29,0.0107421707361936,0.0160693991929292,0.9731884598731996,1,negative,0.0
Onion,2015-04-10,0.7686995267868042,0.0975287705659866,0.1337716877460479,1,positive,0.0
Onion,2015-04-14,0.0243023242801427,0.904281198978424,0.0714165270328521,1,neutral,0.0
Onion,2015-04-23,0.0110920527949929,0.0193035174161195,0.9696043729782104,1,negative,0.0
Onion,2015-05-07,0.0341363791376352,0.4935558438301086,0.47230773419141764,2,negative,0.0022198352962732003
Onion,2015-05-09,0.0340094603598117,0.8125221133232117,0.1534684300422668,1,neutral,0.0
Onion,2015-05-16,0.0262982305139303,0.0375110507011413,0.936190664768219,1,negative,0.0
Onion,2015-05-26,0.0099721206352114,0.0201705135405063,0.969857394695282,1,negative,0.0
Onion,2015-06-05,0.1061531603336334,0.1335711479187011,0.760275661945343,1,negative,0.0
Onion,2015-06-11,0.0299053099006414,0.0126674389466643,0.9574272632598876,1,negative,0.0
Onion,2015-06-13,0.0105520831421017,0.0168964453041553,0.97255140542984,1,negative,0.0
Onion,2015-06-14,0.0265124887228012,0.0826767608523368,0.8908107280731201,1,negative,0.0
Onion,2015-06-27,0.5091888308525085,0.4385973811149597,0.0522138029336929,1,positive,0.0
Onion,2015-06-28,0.3342714309692383,0.3192085921764374,0.3465199768543243,1,negative,0.0
Onion,2015-07-02,0.1108819097280502,0.4498746395111084,0.4392434656620025,1,neutral,0.0
Onion,2015-07-06,0.0351344011723995,0.9323448538780212,0.0325206853449344,1,neutral,0.0
Onion,2015-07-09,0.0123635800555348,0.0253799315541982,0.9622565507888794,1,negative,0.0
Onion,2015-07-13,0.7005470395088196,0.2554545998573303,0.0439982935786247,1,positive,0.0
Onion,2015-07-15,0.2372220009565353,0.752061128616333,0.0107168601825833,1,neutral,0.0
Onion,2015-07-19,0.0711056962609291,0.026052750647068,0.902841567993164,1,negative,0.0
Onion,2015-07-23,0.01787723538776233,0.04154178500175473,0.9405810038248698,3,negative,5.148149739668528e-05
Onion,2015-07-24,0.0710567757487297,0.9002447724342346,0.0286983735859394,1,neutral,0.0
Onion,2015-07-28,0.0597948469221591,0.915325939655304,0.0248792432248592,1,neutral,0.0
Onion,2015-07-29,0.0721843093633651,0.8984103202819824,0.0294053629040718,1,neutral,0.0
Onion,2015-08-01,0.32125490903854365,0.4284611344337463,0.25028395093977446,2,negative,0.18791919946670535
Onion,2015-08-02,0.5150314569473267,0.0267717503011226,0.4581967890262604,1,positive,0.0
Onion,2015-08-03,0.10757168149575587,0.3278376366943121,0.564590685069561,4,negative,0.09351837386915728
Onion,2015-08-04,0.08023784495890135,0.28223507106304163,0.6375270634889603,2,neutral,0.04711607657372955
Onion,2015-08-05,0.0692387670278549,0.9113258719444276,0.0194353330880403,1,neutral,0.0
Onion,2015-08-07,0.0104367900639772,0.0394080802798271,0.9501551389694214,1,negative,0.0
Onion,2015-08-08,0.16967593257625893,0.42026944210131956,0.41005463649829227,3,positive,0.1591890083015055
Onion,2015-08-12,0.0718168318271637,0.8584810495376587,0.0697021707892417,1,neutral,0.0
Onion,2015-08-13,0.0205031391233205,0.0701865553855896,0.9093103408813475,1,negative,0.0
Onion,2015-08-14,0.9183319807052612,0.0589214898645877,0.0227465648204088,1,positive,0.0
Onion,2015-08-16,0.0211330205202102,0.8928924202919006,0.0859745517373085,1,neutral,0.0
Onion,2015-08-19,0.6268734540790319,0.3107416722923517,0.06238490575924512,4,positive,0.34374161255720226
Onion,2015-08-21,0.15340216395755604,0.05284367936352883,0.7937541504700979,3,negative,0.17805687025812647
Onion,2015-08-22,0.2374348752200603,0.19322458803653714,0.5693405210971832,5,negative,0.31550175678462133
Onion,2015-08-23,0.23411827782789862,0.4931126708785693,0.27276904322206974,6,neutral,0.27999787038151913
Onion,2015-08-24,0.09132352191954846,0.3694884851574897,0.5391879968810827,4,negative,0.0552942508236987
Onion,2015-08-25,0.12479627101371682,0.29097184352576727,0.584231878320376,6,negative,0.10627966128032774
Onion,2015-08-26,0.09344230033457276,0.4529489126056433,0.4536087714135647,5,negative,0.05919182350761455
Onion,2015-08-27,0.17771819047629825,0.27279231511056423,0.5494895279407501,2,negative,0.13381403870880604
Onion,2015-08-28,0.19488666299730537,0.3254319094121456,0.4796814317815006,4,negative,0.20283117764685313
Onion,2015-08-31,0.0308053432963788,0.4728998662903904,0.4962947685271501,2,neutral,0.0225947857834399
Onion,2015-09-01,0.07962088566273445,0.07232792675495145,0.8480511605739594,4,negative,0.09158149253269422
Onion,2015-09-02,0.0157177448272705,0.1050023883581161,0.8792799115180969,1,negative,0.0
Onion,2015-09-03,0.0245358608663082,0.0249488782137632,0.9505152702331544,1,negative,0.0
Onion,2015-09-05,0.11692076176404945,0.4373160433024168,0.44576318934559817,2,neutral,0.010665275156497948
Onion,2015-09-08,0.07393285445868965,0.47166120260953903,0.4544059634208679,2,negative,0.05054486729204655
Onion,2015-09-14,0.09458857215940945,0.3686814177781343,0.5367300175130367,3,negative,0.08436696909650683
Onion,2015-09-16,0.0657387003302574,0.161637470126152,0.7726238369941711,1,negative,0.0
Onion,2015-09-19,0.0516190268099308,0.8302820920944214,0.1180988773703575,1,neutral,0.0
Onion,2015-09-22,0.011111251078546,0.0539821051061153,0.934906542301178,1,negative,0.0
Onion,2015-09-23,0.009886116720736,0.0210081245750188,0.9691057205200196,1,negative,0.0
Onion,2015-09-24,0.045418981462717,0.5122871398925781,0.4422938227653503,1,neutral,0.0
Onion,2015-10-02,0.031278271228075,0.8485936522483826,0.1201281249523162,1,neutral,0.0
Onion,2015-10-05,0.0674431771039962,0.1514210253953933,0.7811357975006104,1,negative,0.0
Onion,2015-10-06,0.3110050084069371,0.07580159790813919,0.6131934014459451,3,negative,0.41170226792886366
Onion,2015-10-08,0.0320359244942665,0.0333110503852367,0.9346529841423036,1,negative,0.0
Onion,2015-10-09,0.0294914320111274,0.924347996711731,0.0461605414748191,1,neutral,0.0
Onion,2015-10-14,0.8990094661712646,0.092544637620449,0.0084459073841571,1,positive,0.0
Onion,2015-10-17,0.4394378066062927,0.5494859218597412,0.0110763069242239,1,neutral,0.0
Onion,2015-10-20,0.009914587251842,0.0219183433800935,0.9681670665740968,1,negative,0.0
Onion,2015-10-28,0.0762339308857917,0.0935591086745262,0.8302069902420044,1,negative,0.0
Onion,2015-11-06,0.881714940071106,0.0276099909096956,0.0906750187277793,1,positive,0.0
Onion,2015-11-29,0.2029917240142822,0.4457906782627105,0.3512175679206848,1,neutral,0.0
Onion,2015-12-03,0.0149807818233966,0.0779903456568718,0.9070287942886353,1,negative,0.0
Onion,2015-12-10,0.0187398735433816,0.0224243737757205,0.958835780620575,1,negative,0.0
Onion,2015-12-11,0.5809491872787476,0.3152280151844024,0.1038227826356887,1,positive,0.0
Onion,2015-12-15,0.0670534521341323,0.0262835249304771,0.906662940979004,1,negative,0.0
Onion,2015-12-17,0.1112274751067161,0.0347907654941082,0.8539818525314331,1,negative,0.0
Onion,2015-12-22,0.0164611842483282,0.0174851473420858,0.9660536646842957,1,negative,0.0
Onion,2015-12-25,0.2870541512966156,0.6491951942443848,0.0637506023049354,1,neutral,0.0
Onion,2015-12-30,0.0087525825947523,0.0313259474933147,0.9599214792251588,1,negative,0.0
Onion,2016-01-02,0.0075763436034321,0.0176078919321298,0.9748157262802124,1,negative,0.0
Onion,2016-01-12,0.0390030108392238,0.5069788098335266,0.4540181457996368,1,neutral,0.0
Onion,2016-01-31,0.0147752631455659,0.0405488386750221,0.9446758031845092,1,negative,0.0
Onion,2016-02-08,0.0423995032906532,0.9308974146842957,0.0267031006515026,1,neutral,0.0
Onion,2016-02-09,0.007355879060924,0.0235418621450662,0.9691022038459778,1,negative,0.0
Onion,2016-02-11,0.0551598966121673,0.30237298086285586,0.6424671709537506,2,negative,0.022835835814476003
Onion,2016-02-12,0.7118503451347351,0.135249063372612,0.1529006510972976,1,positive,0.0
Onion,2016-02-13,0.0364314578473567,0.7035375833511353,0.26003098487854,1,neutral,0.0
Onion,2016-02-14,0.0568591356277465,0.0373426675796508,0.9057981967926024,1,negative,0.0
Onion,2016-02-18,0.1430828124284744,0.8357646465301514,0.0211525093764066,1,neutral,0.0
Onion,2016-02-23,0.3628900647163391,0.5996554493904114,0.0374544002115726,1,neutral,0.0
Onion,2016-02-26,0.0093521801754832,0.0345520377159118,0.956095814704895,1,negative,0.0
Onion,2016-03-08,0.2012993395328521,0.7621917128562927,0.0365089550614357,1,neutral,0.0
Onion,2016-03-17,0.9297003149986268,0.0610935389995574,0.0092060733586549,1,positive,0.0
Onion,2016-03-24,0.0448002405464649,0.927000880241394,0.0281988754868507,1,neutral,0.0
Onion,2016-03-27,0.0098940720781683,0.0162209775298833,0.9738849997520448,1,negative,0.0
Onion,2016-04-05,0.0184749383479356,0.0502951294183731,0.9312299489974976,1,negative,0.0
Onion,2016-04-15,0.6957991719245911,0.2681152522563934,0.0360855720937252,1,positive,0.0
Onion,2016-04-16,0.1677143573760986,0.1138247102499008,0.7184609174728394,1,negative,0.0
Onion,2016-04-21,0.0111926328390836,0.0222358889877796,0.9665714502334596,1,negative,0.0
Onion,2016-05-03,0.27759651932865376,0.24242093600332731,0.47998251207172865,2,positive,0.267517819069326
Onion,2016-05-06,0.0174205154180526,0.1106053069233894,0.8719741106033325,1,negative,0.0
Onion,2016-05-13,0.0473506785929203,0.0207618623971939,0.9318875074386596,1,negative,0.0
Onion,2016-05-15,0.0231369342654943,0.3365058302879333,0.640357255935669,1,negative,0.0
Onion,2016-05-17,0.1997868418693542,0.4206618070602417,0.3795513259246945,2,negative,0.11902073025703429
Onion,2016-05-19,0.0187449138611555,0.041183914989233,0.9400711059570312,1,negative,0.0
Onion,2016-05-20,0.0072639193385839,0.0233767926692962,0.9693593382835388,1,negative,0.0
Onion,2016-05-23,0.4783167093992233,0.5051931738853455,0.0164900901727378,2,positive,0.206023171544075
Onion,2016-05-24,0.0319590158760547,0.1066316440701484,0.8614094257354736,1,negative,0.0
Onion,2016-05-26,0.0293660871684551,0.0316057540476322,0.9390281438827516,1,negative,0.0
Onion,2016-05-30,0.0409196503460407,0.0639970451593399,0.8950833082199097,1,negative,0.0
Onion,2016-06-01,0.0087448954582214,0.034888070076704,0.956367015838623,1,negative,0.0
Onion,2016-06-02,0.8078345656394958,0.1749619990587234,0.0172035060822963,1,positive,0.0
Onion,2016-06-05,0.2059376686811447,0.1868866831064224,0.6071756482124329,1,negative,0.0
Onion,2016-06-07,0.09733402170240875,0.1893941760063171,0.7132717967033386,2,negative,0.07539044879376885
Onion,2016-06-11,0.0256098452955484,0.9487313032150269,0.0256588980555534,1,neutral,0.0
Onion,2016-06-13,0.0625289604067802,0.9189905524253844,0.0184805691242218,1,neutral,0.0
Onion,2016-06-16,0.20504692196846,0.7751777768135071,0.0197752621024847,1,neutral,0.0
Onion,2016-06-19,0.0469111800193786,0.937038004398346,0.0160508472472429,1,neutral,0.0
Onion,2016-06-21,0.0284200683236122,0.5795289278030396,0.3920509815216064,1,neutral,0.0
Onion,2016-06-23,0.06423835363239044,0.22044911514967674,0.7153125256299973,2,negative,0.034710132516920546
Onion,2016-06-24,0.0706250518560409,0.8800612092018127,0.0493137277662754,1,neutral,0.0
Onion,2016-06-28,0.0146090444177389,0.0689871981739997,0.9164037704467772,1,negative,0.0
Onion,2016-07-05,0.2623143792152405,0.1514958292245865,0.5861898064613342,1,negative,0.0
Onion,2016-07-13,0.0707470476627349,0.4695843458175659,0.4596686363220215,1,neutral,0.0
Onion,2016-07-20,0.051745784468948744,0.660805806517601,0.2874483987689018,2,negative,0.029707106761634346
Onion,2016-07-26,0.0600644573569297,0.9187441468238832,0.0211914256215095,1,neutral,0.0
Onion,2016-07-27,0.036561908200383145,0.9400086402893066,0.0234294524416327,2,neutral,0.0032523740082979515
Onion,2016-07-29,0.0689038261771202,0.8244507312774658,0.1066454574465751,1,neutral,0.0
Onion,2016-08-06,0.055649135261774,0.8904578685760498,0.0538929998874664,1,neutral,0.0
Onion,2016-08-08,0.008930156007409,0.0235834885388612,0.9674863815307616,1,negative,0.0
Onion,2016-08-20,0.0100364089012146,0.0304886437952518,0.9594749808311462,1,negative,0.0
Onion,2016-08-24,0.1488269120454788,0.8043341636657715,0.0468388982117176,1,neutral,0.0
Onion,2016-08-25,0.2044508457183838,0.7765533924102783,0.0189957730472087,1,neutral,0.0
Onion,2016-08-28,0.8938412666320801,0.0842282101511955,0.021930543705821,1,positive,0.0
Onion,2016-08-29,0.0194586906582117,0.074703998863697,0.9058372974395752,1,negative,0.0
Onion,2016-08-30,0.04534491244703525,0.04638783447444435,0.9082672894001007,2,negative,0.01854114141315225
Onion,2016-08-31,0.0256784670054912,0.0288489516824483,0.9454725980758668,1,negative,0.0
Onion,2016-09-02,0.0449281521141529,0.9210277199745178,0.0340441241860389,1,neutral,0.0
Onion,2016-09-04,0.0315393880009651,0.947974443435669,0.0204862020909786,1,neutral,0.0
Onion,2016-09-07,0.02676215115934605,0.7243334650993347,0.24890436977148056,2,neutral,0.010597194544970951
Onion,2016-09-08,0.00909481011331075,0.072436848655343,0.9184683263301849,2,negative,0.0005609747022390504
Onion,2016-09-10,0.0473822094500064,0.1215986609458923,0.8310191631317139,1,negative,0.0
Onion,2016-09-13,0.16552972514182326,0.3411040185019374,0.49336624750867475,2,negative,0.15513101499527696
Onion,2016-09-14,0.01404675608500835,0.0346702747046947,0.9512830078601837,2,negative,0.004472217056900251
Onion,2016-09-15,0.5069767832756042,0.4598276317119598,0.0331956408917903,1,positive,0.0
Onion,2016-09-21,0.0227911826223135,0.0705722793936729,0.9066365957260132,1,negative,0.0
Onion,2016-09-26,0.9440693259239196,0.041082601994276,0.0148480674251914,1,positive,0.0
Onion,2016-09-27,0.0254578609019517,0.0236294232308864,0.9509127736091614,1,negative,0.0
Onion,2016-09-28,0.0406119711697101,0.311040312051773,0.6483477354049683,1,negative,0.0
Onion,2016-09-29,0.2234701067209243,0.7367239594459534,0.039805918931961,1,neutral,0.0
Onion,2016-10-01,0.0308528207242488,0.0847827866673469,0.8843644261360168,1,negative,0.0
Onion,2016-10-05,0.0456455498933792,0.892977774143219,0.061376679688692,1,neutral,0.0
Onion,2016-10-07,0.018754267133772352,0.07168723642826075,0.9095584750175476,2,negative,0.0028281053528189503
Onion,2016-10-08,0.1438362449407577,0.37096222490072245,0.48520153015851974,2,neutral,0.07427443563938141
Onion,2016-10-09,0.0565841123461723,0.9194271564483644,0.0239887312054634,1,neutral,0.0
Onion,2016-10-17,0.0467868223786354,0.9343449473381042,0.0188682042062282,1,neutral,0.0
Onion,2016-10-21,0.25706904195249075,0.07901881914585827,0.6639121472835541,4,negative,0.1776495420028727
Onion,2016-10-22,0.0839640572667121,0.0263219270855188,0.8897141218185425,1,negative,0.0
Onion,2016-10-23,0.0166901368647813,0.0767015591263771,0.9066084027290344,1,negative,0.0
Onion,2016-10-24,0.27623640745878214,0.5253953002393246,0.19836829695850605,4,neutral,0.3268893402539127
Onion,2016-10-25,0.0254012625664472,0.4330776035785675,0.5415211915969849,1,negative,0.0
Onion,2016-10-27,0.02316903322935095,0.539757214486599,0.4370737709105015,2,negative,0.0029061902314424515
Onion,2016-10-28,0.0670288056135177,0.9151144623756408,0.0178567636758089,1,neutral,0.0
Onion,2016-10-29,0.0716515108942985,0.9139271378517152,0.0144213354215025,1,neutral,0.0
Onion,2016-11-05,0.08536417596042155,0.5162827968597412,0.39835303742438555,2,negative,0.05618967302143575
Onion,2016-11-08,0.2916369549930095,0.4485950792829196,0.2597679651031891,3,negative,0.2958777430777469
Onion,2016-11-11,0.0212817583233118,0.4966782033443451,0.4820400178432464,1,neutral,0.0
Onion,2016-11-17,0.0163962133228778,0.1261070370674133,0.8574966788291931,1,negative,0.0
Onion,2016-11-23,0.2287993729114532,0.6048774719238281,0.166323184967041,1,neutral,0.0
Onion,2016-11-24,0.0291960015892982,0.2478906661272049,0.722913384437561,1,negative,0.0
Onion,2016-12-02,0.0113338408991694,0.0415960140526294,0.9470701217651368,1,negative,0.0
Onion,2016-12-08,0.8182660341262817,0.1353455483913421,0.0463884398341178,1,positive,0.0
Onion,2016-12-22,0.0426886938512325,0.0706054791808128,0.8867058753967285,1,negative,0.0
Onion,2016-12-27,0.0266727041453123,0.0190396290272474,0.954287588596344,1,negative,0.0
Onion,2016-12-29,0.0423845611512661,0.2313019931316375,0.7263134717941284,1,negative,0.0
Onion,2017-01-02,0.9098747968673706,0.0688625276088714,0.021262664347887,1,positive,0.0
Onion,2017-02-08,0.0090967901051044,0.0226744841784238,0.9682287573814392,1,negative,0.0
Onion,2017-02-16,0.1901979595422744,0.7017871141433716,0.1080149486660957,1,neutral,0.0
Onion,2017-02-27,0.2214404195547104,0.0250875111669302,0.753472089767456,1,negative,0.0
Onion,2017-03-11,0.7748492360115051,0.196935698390007,0.0282149892300367,1,positive,0.0
Onion,2017-03-12,0.267514020204544,0.7231513261795044,0.0093346741050481,1,neutral,0.0
Onion,2017-03-20,0.7861860394477844,0.1855715960264206,0.0282423608005046,1,positive,0.0
Onion,2017-04-01,0.0310924984514713,0.946836531162262,0.0220709666609764,1,neutral,0.0
Onion,2017-04-19,0.0655626133084297,0.403941810131073,0.5304955840110779,1,negative,0.0
Onion,2017-05-09,0.0329841412603855,0.929911494255066,0.0371043607592582,1,neutral,0.0
Onion,2017-05-10,0.0622167810797691,0.9157080054283142,0.0220751501619815,1,neutral,0.0
Onion,2017-05-17,0.1002028062939643,0.4750829339027405,0.4247142672538757,1,neutral,0.0
Onion,2017-05-23,0.2036081235855817,0.46438231319189066,0.3320095762610435,2,negative,0.14924952574074268
Onion,2017-06-13,0.0343165062367916,0.948549211025238,0.0171343125402927,1,neutral,0.0
Onion,2017-06-17,0.0402553752064704,0.9058839082717896,0.0538607388734817,1,neutral,0.0
Onion,2017-06-18,0.0200197100639343,0.164243072271347,0.815737247467041,1,negative,0.0
Onion,2017-06-21,0.0959503250196576,0.4222884941846132,0.4817611686885357,2,neutral,0.0764671666547656
Onion,2017-06-23,0.3253772556781769,0.6623262166976929,0.012296549975872,1,neutral,0.0
Onion,2017-06-27,0.2364722490310669,0.7316130995750427,0.0319146513938903,1,neutral,0.0
Onion,2017-07-09,0.0268209334462881,0.1519076526165008,0.8212713599205017,1,negative,0.0
Onion,2017-07-11,0.0855268239974975,0.6927897334098816,0.2216834276914596,1,neutral,0.0
Onion,2017-07-28,0.0435869581997394,0.0407435111701488,0.915669560432434,1,negative,0.0
Onion,2017-07-29,0.08145787939429279,0.30055590470631915,0.6179861770942806,3,negative,0.0864912363373241
Onion,2017-07-31,0.0129714692011475,0.0409335047006607,0.9460951089859008,1,negative,0.0
Onion,2017-08-01,0.18557430803775785,0.42159225419163704,0.3928334852680564,2,negative,0.02452374994754794
Onion,2017-08-04,0.13961953421433762,0.22075291474660233,0.639627531170845,3,negative,0.16672772406106837
Onion,2017-08-05,0.0094390725716948,0.0268812645226717,0.9636796712875366,1,negative,0.0
Onion,2017-08-07,0.5664440393447876,0.2961989343166351,0.1373570561408996,1,positive,0.0
Onion,2017-08-08,0.0655589364469051,0.6260427832603455,0.3083982774987816,2,negative,0.030562419444322596
Onion,2017-08-17,0.2983040511608124,0.5890467166900635,0.1126492768526077,1,neutral,0.0
Onion,2017-08-19,0.0328959748148918,0.7603565454483032,0.2067474573850631,1,neutral,0.0
Onion,2017-08-21,0.0754636377096176,0.7349902391433716,0.1895460933446884,1,neutral,0.0
Onion,2017-09-09,0.025777319446206,0.033585462719202,0.9406372904777528,1,negative,0.0
Onion,2017-09-15,0.0108280470594763,0.0256387386471033,0.9635332226753236,1,negative,0.0
Onion,2017-09-16,0.0239226254634559,0.09500675275921819,0.881070613861084,2,negative,0.0092712310142815
Onion,2017-09-17,0.051454950744907,0.81602809826533,0.13251692553361252,3,neutral,0.03278012992732478
Onion,2017-10-10,0.19077801331877706,0.10448822751641271,0.7047337889671326,2,negative,0.17257246747612956
Onion,2017-11-08,0.4053326547145843,0.5119235515594482,0.0827438160777092,1,neutral,0.0
Onion,2017-11-12,0.8593134880065918,0.1053257584571838,0.0353606939315795,1,positive,0.0
Onion,2017-11-13,0.11891970038414,0.8676043748855591,0.0134759619832038,1,neutral,0.0
Onion,2017-11-17,0.0246344525367021,0.0452315285801887,0.9301339983940125,1,negative,0.0
Onion,2017-11-18,0.0167971532791852,0.0324460193514823,0.9507567882537842,1,negative,0.0
Onion,2017-11-24,0.33115826826542616,0.0371370296925306,0.6317046731710434,2,positive,0.32049007434397936
Onion,2017-11-30,0.08780333151419954,0.5465061838428179,0.3656904455274343,3,neutral,0.06759006784049956
Onion,2017-12-01,0.08970393007621168,0.18998885713517663,0.7203072439879179,4,negative,0.11504429740128883
Onion,2017-12-03,0.0133456718176603,0.0185429938137531,0.9681113362312316,1,negative,0.0
Onion,2017-12-05,0.9476999640464784,0.03759690746665,0.0147030455991625,1,positive,0.0
Onion,2017-12-07,0.9351391792297364,0.0453436858952045,0.0195171236991882,1,positive,0.0
Onion,2017-12-15,0.0343632586300373,0.0181461852043867,0.9474905729293824,1,negative,0.0
Onion,2017-12-17,0.0911893099546432,0.8969339728355408,0.0118767786771059,1,neutral,0.0
Onion,2017-12-18,0.8279252052307129,0.0981396660208702,0.0739351511001586,1,positive,0.0
Onion,2017-12-21,0.095543548464775,0.8843931555747986,0.0200632736086845,1,neutral,0.0
Onion,2018-01-11,0.1729120314121246,0.8132919073104858,0.0137961013242602,1,neutral,0.0
Onion,2018-01-17,0.1491656601428985,0.6717795729637146,0.1790547519922256,1,neutral,0.0
Onion,2018-02-06,0.0211524609476327,0.032696109265089,0.9461514353752136,1,negative,0.0
Onion,2018-02-07,0.0872246623039245,0.8869330286979675,0.0258423537015914,1,neutral,0.0
Onion,2018-02-12,0.0635839477181434,0.908555269241333,0.0278608333319425,1,neutral,0.0
Onion,2018-02-27,0.0434128567576408,0.1017420440912246,0.8548451066017151,1,negative,0.0
Onion,2018-03-06,0.0327260456979274,0.0371759012341499,0.930097997188568,1,negative,0.0
Onion,2018-03-08,0.0099176177754998,0.0217375867068767,0.968344748020172,1,negative,0.0
Onion,2018-03-16,0.0344276800751686,0.9333308935165404,0.0322414562106132,1,neutral,0.0
Onion,2018-03-17,0.0602009482681751,0.1061589196324348,0.8336401581764221,1,negative,0.0
Onion,2018-03-27,0.5664944052696228,0.4174772799015045,0.0160283017903566,1,positive,0.0
Onion,2018-03-28,0.0306285768747329,0.886900782585144,0.0824706256389617,1,neutral,0.0
Onion,2018-04-20,0.0894215106964111,0.0820152387022972,0.8285632729530334,1,negative,0.0
Onion,2018-04-26,0.022285483777523,0.1212194487452507,0.8564950227737427,1,negative,0.0
Onion,2018-05-14,0.0115370703861117,0.1144795641303062,0.8739833831787109,1,negative,0.0
Onion,2018-05-19,0.0187587887048721,0.0506394952535629,0.9306017756462096,1,negative,0.0
Onion,2018-05-22,0.0253787990659475,0.0136993508785963,0.960921823978424,1,negative,0.0
Onion,2018-05-23,0.0222371909767389,0.9013710618019104,0.076391726732254,1,neutral,0.0
Onion,2018-06-03,0.20237235724925995,0.5115052834153175,0.28612236771732563,2,negative,0.06944508850574495
Onion,2018-06-05,0.0081429006531834,0.0339052155613899,0.957951843738556,1,negative,0.0
Onion,2018-06-06,0.0699798017740249,0.9158998727798462,0.0141203524544835,1,neutral,0.0
Onion,2018-06-08,0.0703276693820953,0.917056441307068,0.0126159135252237,1,neutral,0.0
Onion,2018-06-09,0.0477501712739467,0.2437734901905059,0.7084763646125793,1,negative,0.0
Onion,2018-07-05,0.0292599666863679,0.1286129802465438,0.8421270847320557,1,negative,0.0
Onion,2018-07-06,0.0231557413935661,0.0522121451795101,0.9246320724487304,1,negative,0.0
Onion,2018-07-14,0.0200261920690536,0.2456145584583282,0.7343592047691345,1,negative,0.0
Onion,2018-07-20,0.0546861216425895,0.480547696352005,0.4647662043571472,1,neutral,0.0
Onion,2018-09-16,0.1663644313812255,0.8110635280609131,0.0225720480084419,1,neutral,0.0
Onion,2018-09-25,0.02824668586254115,0.1499917544424533,0.8217615187168121,2,negative,0.0023477897047996486
Onion,2018-09-27,0.0562183000147342,0.9255449175834656,0.0182367600500583,1,neutral,0.0
Onion,2018-10-03,0.0478921011090278,0.3201832175254822,0.6319246888160706,1,negative,0.0
Onion,2018-10-09,0.4337317943572998,0.3618940711021423,0.204374149441719,1,positive,0.0
Onion,2018-10-19,0.2048252671957016,0.4065215587615967,0.3886531889438629,1,neutral,0.0
Onion,2018-10-20,0.3059203860660394,0.5872810880343119,0.1067985246578852,3,neutral,0.19516246594998615
Onion,2018-10-21,0.0750389695167541,0.8065595626831055,0.118401437997818,1,neutral,0.0
Onion,2018-10-24,0.10117485870917638,0.07039668907721837,0.8284284671147665,3,negative,0.09589500868887904
Onion,2018-10-25,0.0186655968427658,0.0163834486156702,0.9649509191513062,1,negative,0.0
Onion,2018-10-31,0.1210291162133216,0.8622880578041077,0.0166828781366348,1,neutral,0.0
Onion,2018-11-04,0.0299267023801803,0.9094288349151612,0.0606443993747234,1,neutral,0.0
Onion,2018-11-18,0.0153442518785595,0.0305037312209606,0.9541520476341248,1,negative,0.0
Onion,2018-11-23,0.0200794972479343,0.0563147701323032,0.9236057996749878,1,negative,0.0
Onion,2018-12-04,0.3160296827554703,0.2397963479161262,0.444173976778984,2,negative,0.12846378982067105
Onion,2018-12-06,0.0143621284514665,0.0288554299622774,0.9567825198173524,1,negative,0.0
Onion,2018-12-10,0.0193012710660696,0.1024214327335357,0.8782773613929749,1,negative,0.0
Onion,2018-12-14,0.035458683967590304,0.5604312047362328,0.40411002747714514,2,negative,0.000503577291965502
Onion,2018-12-16,0.1434213519096374,0.0953558087348938,0.761222779750824,1,negative,0.0
Onion,2018-12-20,0.1365053206682205,0.85201495885849,0.0114796869456768,1,neutral,0.0
Onion,2018-12-21,0.0777440890669822,0.9058387875556946,0.0164171606302261,1,neutral,0.0
Onion,2018-12-26,0.0487122610211372,0.4765076339244842,0.4747801423072815,1,neutral,0.0
Onion,2019-01-01,0.0305944755673408,0.0990913286805152,0.8703141212463379,1,negative,0.0
Onion,2019-01-12,0.0577210001647472,0.9250460267066956,0.0172329451888799,1,neutral,0.0
Onion,2019-01-17,0.08485678210854525,0.9037461876869202,0.011397054884582699,2,neutral,4.842877385224931e-08
Onion,2019-01-24,0.0707116201519966,0.6639367938041687,0.2653516232967376,1,neutral,0.0
Onion,2019-02-01,0.022388732060789996,0.049405012279748896,0.928206205368042,3,negative,3.469446951953614e-18
Onion,2019-03-02,0.4092513918876648,0.1481525301933288,0.4425960481166839,1,negative,0.0
Onion,2019-04-26,0.4826060533523559,0.2579860687255859,0.2594078481197357,1,positive,0.0
Onion,2019-05-02,0.0452875755727291,0.0851010829210281,0.869611382484436,1,negative,0.0
Onion,2019-05-06,0.0426930747926235,0.936342179775238,0.0209648087620735,1,neutral,0.0
Onion,2019-05-16,0.039467480033636,0.9393216371536256,0.0212109107524156,1,neutral,0.0
Onion,2019-06-08,0.0824594125151634,0.1141556426882743,0.8033850193023682,1,negative,0.0
Onion,2019-06-11,0.0973057448863983,0.4065046906471252,0.496189534664154,1,negative,0.0
Onion,2019-06-17,0.0822167098522186,0.2087618708610534,0.7090213894844055,1,negative,0.0
Onion,2019-07-30,0.0545240938663482,0.770444929599762,0.1750309914350509,1,neutral,0.0
Onion,2019-08-13,0.9512087106704712,0.0284248478710651,0.0203663427382707,1,positive,0.0
Onion,2019-08-15,0.9175737500190736,0.0603716261684894,0.0220545772463083,1,positive,0.0
Onion,2019-08-21,0.0197760872542858,0.0322366952896118,0.9479871988296508,1,negative,0.0
Onion,2019-08-27,0.0144240204244852,0.1676030606031417,0.8179728984832764,1,negative,0.0
Onion,2019-08-28,0.1035167351365089,0.4544622600078583,0.442020982503891,1,neutral,0.0
Onion,2019-08-31,0.0325111635029315,0.0828572735190391,0.8846316337585449,2,negative,0.0
Onion,2019-09-10,0.7617745399475098,0.1834638267755508,0.0547615960240364,1,positive,0.0
Onion,2019-09-16,0.0282982941716909,0.3938183784484863,0.5778833031654358,1,negative,0.0
Onion,2019-09-20,0.0521915536373853,0.1462433189153671,0.8015651404857635,2,negative,0.0098572801798582
Onion,2019-09-21,0.06584375118836758,0.5662058405578136,0.36795042268931866,4,neutral,0.04832590262331429
Onion,2019-09-22,0.044730108231306,0.0559084564447402,0.8993613719940186,1,negative,0.0
Onion,2019-09-23,0.0823023691773414,0.2350519547859827,0.6826456387837728,3,negative,0.01955742289941531
Onion,2019-09-24,0.04260295070707795,0.202917106449604,0.7544799447059631,2,negative,0.022401919588446645
Onion,2019-09-25,0.6797329187393188,0.2602189034223556,0.06004817876964805,2,positive,0.023240208625793457
Onion,2019-09-28,0.1540952026844024,0.0795748457312583,0.7663298845291138,1,negative,0.0
Onion,2019-09-30,0.2843919564038515,0.2727812627951304,0.4428267478942871,3,positive,0.18905948550371596
Onion,2019-10-01,0.0315152890980243,0.0375534109771251,0.9309313297271729,1,negative,0.0
Onion,2019-10-02,0.16836778819561,0.0401596166193485,0.7914726138114929,1,negative,0.0
Onion,2019-10-03,0.18821426201611755,0.24295485268036518,0.5688309123118719,3,negative,0.19656719669308353
Onion,2019-10-05,0.092591144144535,0.554459273815155,0.3529496192932129,1,neutral,0.0
Onion,2019-10-07,0.0378541629761457,0.6798410713672638,0.282304766587913,2,negative,0.0009474363178014998
Onion,2019-10-08,0.13148932531476015,0.05048763379454605,0.8180229961872101,2,negative,0.10282960161566736
Onion,2019-10-09,0.2197825461626052,0.5461222529411316,0.2340952008962631,1,neutral,0.0
Onion,2019-10-10,0.0289619117975235,0.9180790185928344,0.0529590919613838,1,neutral,0.0
Onion,2019-10-18,0.0195979755371809,0.1003875732421875,0.8800144195556641,1,negative,0.0
Onion,2019-10-19,0.0390027314424514,0.3348033130168915,0.6261939406394958,1,negative,0.0
Onion,2019-10-20,0.0207181181758642,0.0470744632184505,0.9322074055671692,1,negative,0.0
Onion,2019-10-23,0.0191436242312192,0.0424209162592887,0.9384353756904602,1,negative,0.0
Onion,2019-10-25,0.0167812928557395,0.0388475358486175,0.9443711638450624,1,negative,0.0
Onion,2019-11-01,0.8979111313819885,0.0586553625762462,0.0434335209429264,1,positive,0.0
Onion,2019-11-02,0.9244614839553832,0.0580599941313266,0.0174785517156124,1,positive,0.0
Onion,2019-11-04,0.2572134211659431,0.0564724635332822,0.68631412088871,2,negative,0.16301276534795758
Onion,2019-11-05,0.05714009590446946,0.33651501238346093,0.6063448846340179,5,negative,0.019700477579847164
Onion,2019-11-06,0.0321837399775783,0.3230810997386773,0.6447351376215616,3,negative,0.02411139932754863
Onion,2019-11-07,0.42955995071679354,0.11556038539856668,0.454879661090672,4,negative,0.41003372583360187
Onion,2019-11-08,0.09242665208876127,0.22024534083902833,0.687328040599823,4,negative,0.11438308101492041
Onion,2019-11-09,0.0615610256791114,0.3796103596687317,0.5588286519050598,1,negative,0.0
Onion,2019-11-10,0.4517289400100708,0.3845512866973877,0.1637198477983474,1,positive,0.0
Onion,2019-11-11,0.542861819267273,0.2351533323526382,0.2219848185777664,1,positive,0.0
Onion,2019-11-12,0.0207222532480955,0.8156803250312805,0.1635974049568176,1,neutral,0.0
Onion,2019-11-13,0.0325901433825492,0.0307106953114271,0.9366990923881532,1,negative,0.0
Onion,2019-11-14,0.0167970340698957,0.0252163410186767,0.9579866528511048,1,negative,0.0
Onion,2019-11-15,0.0091931503266096,0.0206616800278425,0.9701452255249025,1,negative,0.0
Onion,2019-11-18,0.3925062119960785,0.5055766105651855,0.1019171699881553,1,neutral,0.0
Onion,2019-11-19,0.0159313064068555,0.0813212767243385,0.9027474522590636,1,negative,0.0
Onion,2019-11-21,0.4393527507781982,0.0828206911683082,0.4778265357017517,1,negative,0.0
Onion,2019-11-22,0.049178686613837806,0.6429141859213511,0.30790711504717666,3,neutral,0.027151553249008416
Onion,2019-11-23,0.0534828789532184,0.8054576516151428,0.141059398651123,1,neutral,0.0
Onion,2019-11-24,0.09158568084239956,0.07700786180794235,0.831406444311142,2,negative,0.010007292032241849
Onion,2019-11-25,0.1470194905996322,0.1295338869094848,0.7234466075897217,1,negative,0.0
Onion,2019-11-26,0.30935824476182455,0.50945945084095,0.18118233978748316,2,positive,0.24760585464537146
Onion,2019-11-27,0.0910722771659493,0.29333076626062393,0.6155969550212225,3,negative,0.08982450236591111
Onion,2019-11-28,0.3024386277422309,0.36512198969721793,0.33243939951062196,5,neutral,0.29225727004966184
Onion,2019-11-29,0.1827823847532272,0.4209360107779503,0.39628162141889334,5,neutral,0.19366488929595704
Onion,2019-11-30,0.25494174752384424,0.13872948214411732,0.6063287913799286,5,negative,0.28276878448641307
Onion,2019-12-01,0.12827240396291015,0.11926813982427115,0.7524594664573669,2,negative,0.10898020397871735
Onion,2019-12-02,0.08416263076166307,0.5685945836206278,0.34724280238151545,3,neutral,0.05948846725405866
Onion,2019-12-03,0.033534917514771174,0.7755566015839577,0.1909084576182067,4,neutral,0.007866340630989932
Onion,2019-12-04,0.038154623471200404,0.3548714816570282,0.6069738566875458,2,neutral,0.020931416191160703
Onion,2019-12-05,0.1000818125903606,0.7274371186892191,0.17248106437424812,3,neutral,0.05495284653845162
Onion,2019-12-06,0.05463392566889519,0.5384192181130251,0.40694687391320866,6,neutral,0.04237863773636281
Onion,2019-12-07,0.13022869452834127,0.2304335556303461,0.6393377523248395,6,negative,0.20483553390667505
Onion,2019-12-08,0.021156843751668875,0.2604395016096532,0.7184036229737103,4,negative,0.007223065342037347
Onion,2019-12-09,0.21708652969788414,0.5304400605911558,0.2524734157222238,11,neutral,0.2886640454549866
Onion,2019-12-10,0.11602788571534407,0.5040928029588291,0.3798793244973889,14,neutral,0.2003823925234358
Onion,2019-12-11,0.09293883728484309,0.08229232043959198,0.8247688474754492,12,negative,0.20654032574951575
Onion,2019-12-12,0.1844663739514847,0.25012317796548206,0.5654104265073935,6,negative,0.230994091310239
Onion,2019-12-13,0.1096805706620216,0.225145161151886,0.6651742458343506,1,negative,0.0
Onion,2019-12-14,0.1489872578531503,0.13584585301578042,0.715166911482811,4,negative,0.15745764122087894
Onion,2019-12-15,0.22358178347349164,0.0868500508368015,0.6895681619644165,2,negative,0.12410110980272296
Onion,2019-12-16,0.2957048118114471,0.1282852739095688,0.5760099291801453,1,negative,0.0
Onion,2019-12-17,0.4294076361693442,0.048098082887008724,0.5224942718632519,4,positive,0.372816990476824
Onion,2019-12-18,0.5314922928810119,0.42592016607522964,0.04258754476904865,2,positive,0.40021306276321406
Onion,2019-12-19,0.16119491060574845,0.5081735663115978,0.33063156561305124,3,neutral,0.11083660798277165
Onion,2019-12-20,0.010130001232028,0.0205998662859201,0.9692700505256652,1,negative,0.0
Onion,2019-12-22,0.0165106989443302,0.030126167461276,0.9533631205558776,1,negative,0.0
Onion,2019-12-24,0.8289471864700317,0.152814120054245,0.0182386953383684,1,positive,0.0
Onion,2019-12-27,0.3747187256813049,0.0614414513111114,0.5638397932052612,1,negative,0.0
Onion,2019-12-28,0.0338663086295127,0.1738973706960678,0.7922362685203552,1,negative,0.0
Onion,2019-12-30,0.1820233017206192,0.8084981441497803,0.0094785410910844,1,neutral,0.0
Onion,2019-12-31,0.12149235544105368,0.2103205285966396,0.6681871215502421,3,negative,0.07398108383058297
Onion,2020-01-01,0.014571507461368951,0.0363201461732387,0.949108362197876,2,negative,0.0024956958368420505
Onion,2020-01-02,0.29010501503944397,0.5204051285982132,0.18948985636234278,2,positive,0.20130473375320437
Onion,2020-01-04,0.1688695549964904,0.0184848308563232,0.812645673751831,1,negative,0.0
Onion,2020-01-05,0.08745761836568511,0.5271774940192699,0.3853648571918408,3,neutral,0.05788730497051057
Onion,2020-01-06,0.0273781772702932,0.2108697742223739,0.7617520093917847,1,negative,0.0
Onion,2020-01-11,0.0093229049816727,0.0214664507657289,0.9692106246948242,1,negative,0.0
Onion,2020-01-15,0.0464176200330257,0.1046049445867538,0.8489773869514465,1,negative,0.0
Onion,2020-01-16,0.0260307230055332,0.4249001443386078,0.5490691661834717,1,negative,0.0
Onion,2020-01-17,0.0329549647867679,0.0533767789602279,0.9136683344841005,1,negative,0.0
Onion,2020-01-22,0.0109796253964304,0.0306431390345096,0.958377242088318,1,negative,0.0
Onion,2020-01-25,0.2425864338874817,0.0500739179551601,0.7073396444320679,1,negative,0.0
Onion,2020-01-28,0.026357989758253,0.0119143091142177,0.9617276787757874,1,negative,0.0
Onion,2020-02-01,0.19663650915026665,0.1270216391421854,0.6763418465852736,2,negative,0.16322799399495125
Onion,2020-02-02,0.0627531260251998,0.7573822140693665,0.1798646748065948,1,neutral,0.0
Onion,2020-02-06,0.5375412106513977,0.1402081698179245,0.3222506046295166,1,positive,0.0
Onion,2020-02-08,0.2238988578319549,0.2102450281381607,0.5658560991287231,1,negative,0.0
Onion,2020-02-11,0.031450729817152,0.1643552929162979,0.8041940331459045,1,negative,0.0
Onion,2020-02-12,0.4059343952685594,0.1050372496247291,0.48902835417538876,2,positive,0.39641916565597063
Onion,2020-02-17,0.2822674512863159,0.5063108205795288,0.2114217430353164,1,neutral,0.0
Onion,2020-02-29,0.6372590661048889,0.3052846789360046,0.0574563108384609,1,positive,0.0
Onion,2020-03-03,0.012290883809328,0.14056196808815,0.8471471071243286,1,negative,0.0
Onion,2020-03-04,0.0353506729006767,0.0385541543364524,0.926095187664032,1,negative,0.0
Onion,2020-03-06,0.0223837234079837,0.0547414496541023,0.922874927520752,1,negative,0.0
Onion,2020-03-09,0.0860319435596466,0.8962520360946655,0.0177160389721393,1,neutral,0.0
Onion,2020-03-11,0.1598698049783706,0.8175458908081055,0.0225842632353305,1,neutral,0.0
Onion,2020-03-13,0.0777516588568687,0.763178288936615,0.1590700298547744,1,neutral,0.0
Onion,2020-03-16,0.0095678465440869,0.0163281969726085,0.9741039276123048,1,negative,0.0
Onion,2020-03-17,0.0320949964225292,0.0801104679703712,0.887794554233551,1,negative,0.0
Onion,2020-03-19,0.0080784289166331,0.0251513496041297,0.9667701721191406,1,negative,0.0
Onion,2020-03-31,0.0231026811525225,0.38495405018329615,0.591943234205246,2,negative,0.004988652653992199
Onion,2020-04-01,0.01520398398861285,0.1022456875070929,0.8825503587722778,2,negative,0.006049104500561951
Onion,2020-04-02,0.0271044615656137,0.0932699888944625,0.8796254396438599,1,negative,0.0
Onion,2020-04-07,0.03470832388848065,0.06266060844063755,0.9026311039924622,2,negative,0.01346317399293185
Onion,2020-04-09,0.0188908763229846,0.1227430403232574,0.8583661317825317,1,negative,0.0
Onion,2020-04-16,0.0105330422520637,0.0227291733026504,0.9667378067970276,1,negative,0.0
Onion,2020-04-17,0.0101238097995519,0.0315065756440162,0.9583695530891418,1,negative,0.0
Onion,2020-04-21,0.00977882463485,0.0621830075979232,0.9280381202697754,1,negative,0.0
Onion,2020-04-27,0.0455107241868972,0.9219292998313904,0.0325599908828735,1,neutral,0.0
Onion,2020-04-28,0.0220887567847967,0.0863929837942123,0.891518235206604,1,negative,0.0
Onion,2020-05-02,0.031958095729351,0.3266215920448303,0.6414202451705933,1,negative,0.0
Onion,2020-05-11,0.022471172735095,0.0382369272410869,0.9392919540405272,1,negative,0.0
Onion,2020-05-14,0.0171453338116407,0.0710329711437225,0.9118216633796692,1,negative,0.0
Onion,2020-05-15,0.0131548540666699,0.0791978538036346,0.9076473116874696,1,negative,0.0
Onion,2020-05-16,0.0555347613990306,0.9191953539848328,0.0252698808908462,1,neutral,0.0
Onion,2020-05-19,0.0157275348901748,0.0235694348812103,0.9607030153274536,1,negative,0.0
Onion,2020-05-21,0.0327404551208019,0.0452302023768425,0.9220293164253236,1,negative,0.0
Onion,2020-05-28,0.0142529867589473,0.0180227849632501,0.9677243232727052,1,negative,0.0
Onion,2020-06-09,0.0189044587314128,0.0447390899062156,0.936356484889984,1,negative,0.0
Onion,2020-06-10,0.0492271333932876,0.0729124471545219,0.877860426902771,1,negative,0.0
Onion,2020-06-12,0.0538293235003948,0.8925303220748901,0.0536402910947799,1,neutral,0.0
Onion,2020-07-08,0.4739505648612976,0.482659250497818,0.0433902032673358,1,neutral,0.0
Onion,2020-07-29,0.0238943006843328,0.2788153886795044,0.6972902417182922,1,negative,0.0
Onion,2020-08-11,0.1913261860609054,0.1493883430957794,0.6592854261398315,1,negative,0.0
Onion,2020-08-14,0.3844959735870361,0.0392702519893646,0.5762337446212769,1,negative,0.0
Onion,2020-08-18,0.0420428253710269,0.9355795383453368,0.0223776400089263,1,neutral,0.0
Onion,2020-08-19,0.2150836437940597,0.1813892722129821,0.6035270690917969,1,negative,0.0
Onion,2020-08-20,0.0192851014435291,0.027928065508604,0.9527867436408995,1,negative,0.0
Onion,2020-08-24,0.0184835437685251,0.0346123613417148,0.946904182434082,1,negative,0.0
Onion,2020-08-25,0.0120026618242263,0.018282763659954,0.9697145819664,1,negative,0.0
Onion,2020-09-01,0.1193141788244247,0.159477025270462,0.7212088108062744,1,negative,0.0
Onion,2020-09-05,0.4493066668510437,0.0736705139279365,0.4770229160785675,1,negative,0.0
Onion,2020-09-10,0.03480857983231543,0.05443235952407115,0.9107591062784195,4,negative,0.005922495823532676
Onion,2020-09-16,0.0724045112729072,0.8610039353370667,0.0665915757417678,1,neutral,0.0
Onion,2020-09-18,0.20144657511264086,0.28978444263339037,0.5087689720094204,2,negative,0.18004231434315446
Onion,2020-09-19,0.0170793533325195,0.213557556271553,0.7693629860877991,1,negative,0.0
Onion,2020-09-20,0.3999609425663948,0.5086735039949417,0.09136555343866345,2,positive,0.2082307264208794
Onion,2020-09-22,0.1001083999872207,0.8268783688545227,0.0730132833123207,1,neutral,0.0
Onion,2020-09-23,0.9321759939193726,0.0382507741451263,0.029573168605566,1,positive,0.0
Onion,2020-09-26,0.1405161277701457,0.4113732725381851,0.4481105829278628,3,neutral,0.1601984734718149
Onion,2020-09-28,0.4099555611610412,0.1342419683933258,0.4558024704456329,1,negative,0.0
Onion,2020-09-29,0.1391089111566543,0.769626796245575,0.0912643149495124,1,neutral,0.0
Onion,2020-10-13,0.8583930134773254,0.1139201447367668,0.0276868157088756,1,positive,0.0
Onion,2020-10-15,0.3075529159978032,0.5200264230370522,0.17242066934704778,2,positive,0.28291113954037433
Onion,2020-10-16,0.0463348776102066,0.1515014022588729,0.8021637201309204,1,negative,0.0
Onion,2020-10-20,0.5659152418375015,0.08327786251902575,0.3508068695664406,2,negative,0.31305234134197235
Onion,2020-10-21,0.03282190610965086,0.32231660249332583,0.64486151561141,3,negative,0.021016481074956087
Onion,2020-10-22,0.024216237291693636,0.07346956953406328,0.9023141980171203,5,negative,0.008024791747883123
Onion,2020-10-23,0.19482243508100505,0.1987027265131473,0.6064748436212539,5,negative,0.16417218614679827
Onion,2020-10-24,0.530517503619194,0.09483588300645346,0.37464662641286844,2,positive,0.280977264046669
Onion,2020-10-25,0.5953718423843384,0.3806772828102112,0.0239508021622896,1,positive,0.0
Onion,2020-10-26,0.2867425084114074,0.0700140818953514,0.6432434320449829,1,negative,0.0
Onion,2020-10-28,0.0297877816483378,0.3965165540575981,0.5736956298351288,2,neutral,0.019671686924994
Onion,2020-10-29,0.06524029498298957,0.47665324124197167,0.45810647619267303,3,neutral,0.012746000326388186
Onion,2020-10-30,0.0346772745251655,0.9076850712299347,0.057637650519609396,2,neutral,0.004640039056539501
Onion,2020-10-31,0.28711958229541773,0.6818536520004272,0.0310268038883805,2,neutral,0.19428907334804535
Onion,2020-11-02,0.0420617014169693,0.2221758216619491,0.7357624769210815,1,negative,0.0
Onion,2020-11-04,0.05240859432766829,0.6068097210178772,0.34078169365723926,3,neutral,0.030818464554509224
Onion,2020-11-05,0.0387418577447533,0.4798368960618972,0.4814212769269942,2,negative,0.0220636194571853
Onion,2020-11-06,0.04338399507105345,0.8451301157474518,0.11148593761026855,2,neutral,0.0012742746621370524
Onion,2020-11-10,0.0140318172052502,0.0409930124878883,0.944975197315216,1,negative,0.0
Onion,2020-11-12,0.0105625158175826,0.0335833318531513,0.9558541774749756,1,negative,0.0
Onion,2020-11-13,0.1356024146080017,0.8472886085510254,0.0171089321374893,1,neutral,0.0
Onion,2020-11-22,0.0925663486123085,0.8696597814559937,0.0377738028764724,1,neutral,0.0
Onion,2020-11-26,0.0274787489324808,0.1360569149255752,0.8364643454551697,1,negative,0.0
Onion,2020-11-28,0.0307960417121648,0.279377818107605,0.6898261308670044,1,negative,0.0
Onion,2020-12-01,0.123207539319992,0.0323780253529548,0.8444144129753113,1,negative,0.0
Onion,2020-12-05,0.0940692275762558,0.0887951627373695,0.8171356320381165,1,negative,0.0
Onion,2020-12-06,0.0499989725649356,0.922825276851654,0.0271757449954748,1,neutral,0.0
Onion,2020-12-08,0.1173335462808609,0.2389879524707794,0.6436784267425537,1,negative,0.0
Onion,2020-12-10,0.1736986537774404,0.1363113913685083,0.689989964167277,3,negative,0.2007988011456485
Onion,2020-12-15,0.0363253280520439,0.0514353103935718,0.9122393131256104,1,negative,0.0
Onion,2020-12-17,0.8067967891693115,0.1298467516899109,0.0633564814925193,1,positive,0.0
Onion,2020-12-18,0.0594998635351657,0.7725837826728821,0.1679163724184036,1,neutral,0.0
Onion,2020-12-24,0.7311415076255798,0.1931302845478058,0.0757282078266143,1,positive,0.0
Onion,2020-12-31,0.0581861697137355,0.8860792517662048,0.0557345822453498,1,neutral,0.0
Onion,2021-01-15,0.1191085940226912,0.3790694586932659,0.5018219649791718,2,neutral,0.0921349758282304
Onion,2021-01-20,0.823296308517456,0.1685454249382019,0.0081582460552454,1,positive,0.0
Onion,2021-01-21,0.007685073185712,0.0232946220785379,0.9690203070640564,1,negative,0.0
Onion,2021-02-01,0.0155228786170482,0.071809634566307,0.9126675128936768,1,negative,0.0
Onion,2021-02-03,0.1137355789542198,0.1538140028715133,0.7324504256248474,1,negative,0.0
Onion,2021-02-11,0.0437216833233833,0.0329988524317741,0.923279345035553,1,negative,0.0
Onion,2021-02-14,0.9389431476593018,0.0294456481933593,0.0316112078726291,1,positive,0.0
Onion,2021-02-15,0.0091502787545323,0.0215636994689703,0.96928608417511,1,negative,0.0
Onion,2021-02-21,0.4954605996608734,0.061533523723482995,0.44300589710474014,2,positive,0.36100342869758606
Onion,2021-02-24,0.0357269458472728,0.0209804754704237,0.9432926177978516,1,negative,0.0
Onion,2021-02-25,0.362567943520844,0.19932805746793744,0.4381039920262992,2,negative,0.34465064387768507
Onion,2021-03-06,0.18002695450559253,0.02395907975733275,0.7960140407085419,2,negative,0.17066475143656135
Onion,2021-03-17,0.0081143798306584,0.0192584823817014,0.9726271629333496,1,negative,0.0
Onion,2021-03-20,0.0367398858070373,0.9422850608825684,0.0209750737994909,1,neutral,0.0
Onion,2021-04-02,0.02397371083498,0.9424273371696472,0.0335989221930503,1,neutral,0.0
Onion,2021-04-07,0.0125747434794902,0.0399480499327182,0.9474772214889526,1,negative,0.0
Onion,2021-04-21,0.0104641774669289,0.0234295278787612,0.9661063551902772,1,negative,0.0
Onion,2021-05-04,0.0198358073830604,0.928631603717804,0.0515325702726841,1,neutral,0.0
Onion,2021-05-19,0.0318608433008194,0.0142952539026737,0.953843891620636,1,negative,0.0
Onion,2021-05-21,0.0375450095161795,0.11631457135081286,0.846140444278717,2,negative,0.0180646004155278
Onion,2021-06-07,0.0916967093944549,0.0235579740256071,0.8847452998161316,1,negative,0.0
Onion,2021-07-02,0.0121932374313473,0.015644634142518,0.972162127494812,1,negative,0.0
Onion,2021-08-03,0.0098568880930542,0.0276649631559848,0.9624781012535096,1,negative,0.0
Onion,2021-09-16,0.0818458944559097,0.8894479870796204,0.0287060905247926,1,neutral,0.0
Onion,2021-09-25,0.0104201296344399,0.0291186943650245,0.9604611396789552,1,negative,0.0
Onion,2021-09-30,0.0704870074987411,0.8647844195365906,0.0647285133600235,1,neutral,0.0
Onion,2021-10-03,0.6172342300415039,0.3661460876464844,0.0166196729987859,1,positive,0.0
Onion,2021-10-07,0.10424322076141829,0.10544766734043752,0.7903091112772623,3,negative,0.12795172987825698
Onion,2021-10-13,0.9277856945991516,0.0330047272145748,0.0392096303403377,1,positive,0.0
Onion,2021-10-15,0.1095043942332267,0.0410135462880134,0.8494821190834045,1,negative,0.0
Onion,2021-10-17,0.2268733829259872,0.7486140131950378,0.0245126020163297,1,neutral,0.0
Onion,2021-10-18,0.0789775177836418,0.2325354069471359,0.6884870529174805,1,negative,0.0
Onion,2021-10-19,0.026439016684889752,0.38392281718552107,0.5896381214261055,2,negative,0.014635702595114751
Onion,2021-10-22,0.018561977893114,0.8834269642829895,0.0980110764503479,1,neutral,0.0
Onion,2021-10-23,0.0207075886428356,0.069931611418724,0.9093608260154724,1,negative,0.0
Onion,2021-10-25,0.04563032090663905,0.6828740239143372,0.27149565145373344,2,negative,0.016890816390514353
Onion,2021-11-01,0.0371162220835685,0.3971617817878723,0.5657219886779785,1,negative,0.0
Onion,2021-11-10,0.0328492298722267,0.9353090524673462,0.031841792166233,1,neutral,0.0
Onion,2021-11-17,0.0079778414219617,0.0211850721389055,0.9708370566368104,1,negative,0.0
Onion,2021-12-02,0.0182160977274179,0.1403022110462188,0.8414816856384277,1,negative,0.0
Onion,2021-12-20,0.0172220636159181,0.0866438746452331,0.896134078502655,1,negative,0.0
Onion,2021-12-31,0.0186116881668567,0.0325166024267673,0.9488716721534728,1,negative,0.0
Onion,2022-01-06,0.0171829927712678,0.0603041164577007,0.9225128889083862,1,negative,0.0
Onion,2022-02-10,0.1147458776831626,0.022898668423295,0.8623554110527039,1,negative,0.0
Onion,2022-02-18,0.2158382534980774,0.1971736699342727,0.586988091468811,1,negative,0.0
Onion,2022-02-22,0.071574367582798,0.0461737103760242,0.8822519183158875,1,negative,0.0
Onion,2022-03-02,0.0080955363810062,0.020938366651535,0.970966100692749,1,negative,0.0
Onion,2022-03-06,0.1254767328500747,0.0172030739486217,0.8573201894760132,1,negative,0.0
Onion,2022-03-07,0.9499077796936036,0.0295467469841241,0.0205455850809812,1,positive,0.0
Onion,2022-03-15,0.0469595231115818,0.8078709244728088,0.145169511437416,1,neutral,0.0
Onion,2022-03-24,0.0093964533880352,0.0235712341964244,0.9670323133468628,1,negative,0.0
Onion,2022-04-06,0.0077781113795936,0.0267445296049118,0.9654773473739624,1,negative,0.0
Onion,2022-04-07,0.1623821407556533,0.0339600071310997,0.8036578297615051,1,negative,0.0
Onion,2022-04-13,0.0115829519927501,0.0345546118915081,0.9538623690605164,1,negative,0.0
Onion,2022-04-28,0.0410624183714389,0.920141875743866,0.0387957282364368,1,neutral,0.0
Onion,2022-05-01,0.3995302319526672,0.5926198959350586,0.0078499186784029,1,neutral,0.0
Onion,2022-05-04,0.0096925683319568,0.0250832643359899,0.9652240872383118,1,negative,0.0
Onion,2022-05-10,0.3128702342510223,0.6768451929092407,0.0102846110239624,1,neutral,0.0
Onion,2022-05-12,0.1275438368320465,0.8068742752075195,0.0655818358063697,1,neutral,0.0
Onion,2022-05-27,0.0188994668424129,0.0453118085861206,0.9357886910438538,1,negative,0.0
Onion,2022-06-06,0.0293150916695594,0.1142650246620178,0.8564199209213257,1,negative,0.0
Onion,2022-06-09,0.0239887069910764,0.0369306057691574,0.9390807151794434,1,negative,0.0
Onion,2022-06-12,0.0175061877816915,0.1281183063983917,0.8543754816055298,1,negative,0.0
Onion,2022-06-22,0.6144652962684631,0.2824298441410064,0.1031048968434333,1,positive,0.0
Onion,2022-07-04,0.0148271126672625,0.0153006790205836,0.9698722958564758,1,negative,0.0
Onion,2022-07-10,0.0308491010218858,0.6767555475234985,0.2923954129219055,1,neutral,0.0
Onion,2022-09-06,0.5449275374412537,0.41685551404953,0.0382169373333454,1,positive,0.0
Onion,2022-09-07,0.3729506731033325,0.560446560382843,0.066602811217308,1,neutral,0.0
Onion,2022-09-11,0.2705908715724945,0.7183071970939636,0.0111019145697355,1,neutral,0.0
Onion,2022-09-18,0.4398581087589264,0.5422838926315308,0.0178579706698656,1,neutral,0.0
Onion,2022-09-30,0.0347980931401252,0.9143968224525452,0.0508050434291362,2,neutral,0.0
Onion,2022-11-06,0.08773417025804514,0.0356060937047004,0.8766596913337708,2,negative,0.024217121303081547
Onion,2022-11-08,0.4523097276687622,0.0800142437219619,0.4676761031150818,1,negative,0.0
Onion,2022-11-14,0.0098501900210976,0.0305575802922248,0.9595921635627748,1,negative,0.0
Onion,2022-11-15,0.9421026110649108,0.0339261330664157,0.0239712353795766,1,positive,0.0
Onion,2022-11-29,0.0806988924741745,0.8965174555778503,0.0227836873382329,1,neutral,0.0
Onion,2023-01-03,0.9523486495018004,0.0270789377391338,0.0205724202096462,1,positive,0.0
Onion,2023-02-01,0.0096562886610627,0.03029216080904,0.9600515365600586,1,negative,0.0
Onion,2023-02-13,0.2563037872314453,0.0714921727776527,0.6722040772438049,1,negative,0.0
Onion,2023-02-25,0.4628585278987884,0.4987225532531738,0.0384189337491989,1,neutral,0.0
Onion,2023-02-26,0.0432832241058349,0.1030614972114563,0.853655219078064,1,negative,0.0
Onion,2023-02-28,0.0438243336975574,0.5329217910766602,0.4232539162039757,2,neutral,0.005442038178443902
Onion,2023-03-01,0.0200682412832975,0.1199610605835914,0.8599706888198853,1,negative,0.0
Onion,2023-03-02,0.0218294225633144,0.0406359210610389,0.9375346302986144,1,negative,0.0
Onion,2023-03-04,0.0597611628472805,0.9131729006767272,0.0270659141242504,1,neutral,0.0
Onion,2023-03-08,0.4004074931144714,0.585220217704773,0.0143722994253039,1,neutral,0.0
Onion,2023-03-09,0.2736304402351379,0.0809514299035072,0.6454180479049683,1,negative,0.0
Onion,2023-03-11,0.48238265234977,0.035049997270107255,0.48256739694625145,2,negative,0.46904659550637
Onion,2023-03-14,0.016021065413951832,0.06995836397012069,0.9140205581982931,3,negative,0.004041648160689309
Onion,2023-03-17,0.0842972695827484,0.233629897236824,0.6820728778839111,1,negative,0.0
Onion,2023-03-20,0.1369355022907257,0.8503795266151428,0.0126849077641963,1,neutral,0.0
Onion,2023-04-21,0.1562885344028473,0.1918906569480896,0.6518208384513855,1,negative,0.0
Onion,2023-05-06,0.0378939099609851,0.0262232329696416,0.9358828663825988,1,negative,0.0
Onion,2023-05-29,0.0186716057360172,0.1221347972750663,0.8591936230659485,1,negative,0.0
Onion,2023-06-30,0.0221053026616573,0.2535207569599151,0.724373996257782,1,negative,0.0
Soyabean,2013-11-26,0.0874734371900558,0.8797240853309631,0.0328024551272392,1,neutral,0.0
Soyabean,2015-03-08,0.0290237721055746,0.4008387625217438,0.5701374411582947,1,negative,0.0
Soyabean,2015-05-28,0.0187958162277936,0.0916928574442863,0.8895113468170166,1,negative,0.0
Soyabean,2015-08-12,0.010716600343585,0.0410907417535781,0.9481927156448364,1,negative,0.0
Soyabean,2015-10-22,0.0250341836363077,0.4225903749465942,0.5523753762245178,1,negative,0.0
Soyabean,2015-11-23,0.0157777983695268,0.0311857536435127,0.9530364871025084,1,negative,0.0
Soyabean,2016-03-26,0.0325621403753757,0.9397122263908386,0.0277256872504949,1,neutral,0.0
Soyabean,2016-04-16,0.5954543352127075,0.0640214085578918,0.3405241966247558,1,positive,0.0
Soyabean,2016-06-04,0.9337712526321412,0.0281174127012491,0.0381113290786743,1,positive,0.0
Soyabean,2016-08-22,0.009990582242608,0.0288208220154047,0.961188554763794,1,negative,0.0
Soyabean,2016-09-16,0.5966061353683472,0.3929328620433807,0.0104609560221433,1,positive,0.0
Soyabean,2016-10-08,0.9322790503501892,0.0559226050972938,0.0117983240634202,1,positive,0.0
Soyabean,2016-10-21,0.0302763096988201,0.0244770385324955,0.9452465772628784,1,negative,0.0
Soyabean,2017-04-15,0.0092234732583165,0.0188682656735181,0.9719083309173584,1,negative,0.0
Soyabean,2017-04-22,0.0341309942305088,0.9374099373817444,0.0284590739756822,1,neutral,0.0
Soyabean,2017-10-14,0.9097830057144164,0.0423689410090446,0.0478480085730552,1,positive,0.0
Soyabean,2017-11-08,0.02334675937891,0.8386556506156921,0.1379975229501724,1,neutral,0.0
Soyabean,2017-11-13,0.0832131132483482,0.1773016452789306,0.7394852042198181,1,negative,0.0
Soyabean,2018-03-31,0.0267982017248868,0.0125066172331571,0.960695207118988,1,negative,0.0
Soyabean,2018-09-01,0.0158821307122707,0.1617120504379272,0.8224057555198669,1,negative,0.0
Soyabean,2018-09-18,0.0636819899082183,0.9123051166534424,0.0240129511803388,1,neutral,0.0
Soyabean,2018-09-21,0.8776017427444458,0.1127656251192092,0.0096326144412159,1,positive,0.0
Soyabean,2018-10-07,0.8093116879463196,0.1659966707229614,0.0246916338801383,1,positive,0.0
Soyabean,2018-10-21,0.0719565749168396,0.1148022711277008,0.813241183757782,1,negative,0.0
Soyabean,2019-08-20,0.5038872957229614,0.483863890171051,0.0122487479820847,1,positive,0.0
Soyabean,2019-08-21,0.0215130653232336,0.0159062352031469,0.9625807404518129,1,negative,0.0
Soyabean,2019-09-02,0.9305171370506288,0.0486661456525325,0.0208167992532253,1,positive,0.0
Soyabean,2020-01-14,0.0232106354087591,0.0251880530267953,0.951601266860962,1,negative,0.0
Soyabean,2020-06-08,0.109470322728157,0.8423058390617371,0.0482238121330738,1,neutral,0.0
Soyabean,2020-06-13,0.2014879435300827,0.3216748237609863,0.4768372178077698,1,negative,0.0
Soyabean,2020-06-26,0.0127471154555678,0.0210205875337123,0.9662322402000428,1,negative,0.0
Soyabean,2020-06-30,0.0442906096577644,0.3052949607372284,0.6504145264625549,1,negative,0.0
Soyabean,2020-07-03,0.8840867877006531,0.0396859161555767,0.0762272253632545,1,positive,0.0
Soyabean,2020-07-09,0.0570654012262821,0.8730242252349854,0.0699103400111198,1,neutral,0.0
Soyabean,2020-07-29,0.0122719658538699,0.0831329599022865,0.9045950770378112,1,negative,0.0
Soyabean,2020-09-01,0.0110281528905034,0.030077813193202,0.9588940143585204,1,negative,0.0
Soyabean,2020-09-24,0.0120191322639584,0.0235031452029943,0.9644777774810792,1,negative,0.0
Soyabean,2020-10-29,0.1844687610864639,0.7480079531669617,0.0675232410430908,1,neutral,0.0
Soyabean,2021-03-17,0.1627820879220962,0.8279598951339722,0.0092580318450927,1,neutral,0.0
Soyabean,2021-04-26,0.2496521025896072,0.7285892367362976,0.0217586699873209,1,neutral,0.0
Soyabean,2021-05-05,0.0261540170758962,0.941650390625,0.03219560906291,1,neutral,0.0
Soyabean,2021-05-22,0.289540946483612,0.0419286265969276,0.6685304641723633,1,negative,0.0
Soyabean,2021-06-02,0.4660865366458893,0.0988050326704979,0.4351084232330322,1,positive,0.0
Soyabean,2021-07-15,0.9359380602836608,0.0306645017117261,0.0333974808454513,1,positive,0.0
Soyabean,2021-08-02,0.437412291765213,0.0969203114509582,0.4656673967838287,1,negative,0.0
Soyabean,2021-08-14,0.0445504561066627,0.1430585384368896,0.8123910427093506,1,negative,0.0
Soyabean,2021-09-23,0.1163620948791503,0.245623767375946,0.6380141973495483,1,negative,0.0
Soyabean,2021-10-24,0.1025244668126106,0.8844200968742371,0.013055371120572,1,neutral,0.0
Soyabean,2022-01-11,0.4808257520198822,0.0983436778187751,0.4208306074142456,1,positive,0.0
Soyabean,2022-01-20,0.108559176325798,0.8695080280303955,0.0219328012317419,1,neutral,0.0
Soyabean,2022-01-30,0.0404533967375755,0.9389018416404724,0.020644811913371,1,neutral,0.0
Soyabean,2022-02-04,0.8886937499046326,0.0877580717206001,0.0235481113195419,1,positive,0.0
Soyabean,2022-02-14,0.0085414992645382,0.0170614924281835,0.9743970036506652,1,negative,0.0
Soyabean,2022-03-13,0.9486634731292723,0.0246865954250097,0.0266499333083629,1,positive,0.0
Soyabean,2022-03-26,0.896012008190155,0.0950898677110672,0.0088981008157134,1,positive,0.0
Soyabean,2022-04-14,0.8511260151863098,0.0606722682714462,0.0882017016410827,1,positive,0.0
Soyabean,2022-05-06,0.9441441297531128,0.0410670787096023,0.0147888343781232,1,positive,0.0
Soyabean,2022-05-10,0.74400794506073,0.236659824848175,0.0193322151899337,1,positive,0.0
Soyabean,2022-05-12,0.0087551632896065,0.0185419991612434,0.9727027416229248,1,negative,0.0
Soyabean,2022-05-19,0.213402584195137,0.7764829993247986,0.010114443488419,1,neutral,0.0
Soyabean,2022-06-16,0.0163235682994127,0.0343110151588916,0.9493654370307922,1,negative,0.0
Soyabean,2022-07-25,0.0221599470824003,0.1360110789537429,0.8418290019035339,1,negative,0.0
Soyabean,2022-10-09,0.02115679671987885,0.061046306043863255,0.9177969694137573,2,negative,0.01006257394328715
Soyabean,2023-01-16,0.9499982595443726,0.0271847639232873,0.0228170417249202,1,positive,0.0
Soyabean,2023-03-20,0.9520439505577089,0.0260347444564104,0.0219212472438812,1,positive,0.0
Soyabean,2023-04-16,0.942016899585724,0.0357360281050205,0.0222471132874488,1,positive,0.0
Soyabean,2023-05-07,0.0109022045508027,0.0237086750566959,0.9653891324996948,1,negative,0.0
Soyabean,2023-06-19,0.1678129285573959,0.82375168800354,0.0084354048594832,1,neutral,0.0
Wheat,2013-07-02,0.0347992964088916,0.1095951795578002,0.8556055426597595,1,negative,0.0
Wheat,2013-07-04,0.0554225146770477,0.925866723060608,0.0187107678502798,1,neutral,0.0
Wheat,2013-07-09,0.0431340932846069,0.9232404828071594,0.0336254388093948,1,neutral,0.0
Wheat,2013-08-16,0.04230577126145355,0.9326588213443756,0.025035432539880248,2,neutral,0.00469038262963295
Wheat,2013-08-17,0.1057236045598983,0.880612850189209,0.0136635769158601,1,neutral,0.0
Wheat,2013-08-23,0.0764007642865181,0.9103941917419434,0.013205025345087,1,neutral,0.0
Wheat,2013-09-04,0.4457175433635711,0.5425518751144409,0.0117306355386972,1,neutral,0.0
Wheat,2013-09-07,0.0552649088203907,0.0869141817092895,0.857820987701416,1,negative,0.0
Wheat,2013-09-11,0.9452361464500428,0.0347145460546016,0.020049350336194,1,positive,0.0
Wheat,2013-09-29,0.0314841717481613,0.8481326699256897,0.1203831136226654,1,neutral,0.0
Wheat,2013-10-05,0.0312820747494697,0.4018819630146026,0.5668359398841858,1,negative,0.0
Wheat,2013-10-09,0.0823625400662422,0.8947128057479858,0.0229246616363525,1,neutral,0.0
Wheat,2013-10-16,0.7855032682418823,0.2037874907255172,0.0107092624530196,1,positive,0.0
Wheat,2013-10-18,0.8424060940742493,0.1444996893405914,0.0130941728129982,1,positive,0.0
Wheat,2013-10-21,0.7750497460365295,0.0411944463849067,0.1837558001279831,1,positive,0.0
Wheat,2013-10-26,0.017830329015851,0.0244300477206707,0.957739531993866,1,negative,0.0
Wheat,2013-11-13,0.0264223627746105,0.2584415376186371,0.7151361107826233,1,negative,0.0
Wheat,2013-11-15,0.0263663753867149,0.1656939089298248,0.8079396486282349,1,negative,0.0
Wheat,2013-11-18,0.6359151005744934,0.3546952605247497,0.0093896510079503,1,positive,0.0
Wheat,2013-12-05,0.2022925615310669,0.7067749500274658,0.0909324586391449,1,neutral,0.0
Wheat,2013-12-12,0.0303445011377334,0.1142182201147079,0.8554372787475586,1,negative,0.0
Wheat,2013-12-25,0.0150642562657594,0.0634770393371582,0.9214587211608888,1,negative,0.0
Wheat,2014-01-19,0.0322730876505374,0.937882661819458,0.0298442877829074,1,neutral,0.0
Wheat,2014-02-03,0.16917318850755692,0.1424928158521652,0.6883339881896973,2,negative,0.1393241211771965
Wheat,2014-02-06,0.4036808013916015,0.51859450340271,0.0777247324585914,1,neutral,0.0
Wheat,2014-02-07,0.0305791608989238,0.9270761013031006,0.0423447713255882,1,neutral,0.0
Wheat,2014-02-14,0.0327276904135942,0.5298096649348735,0.4374626958742738,2,neutral,0.0137685481458902
Wheat,2014-02-15,0.0204650741070508,0.2200108468532562,0.7595240473747253,1,negative,0.0
Wheat,2014-04-15,0.0072865453548729,0.0193095486611127,0.9734039306640624,1,negative,0.0
Wheat,2014-04-19,0.0330641008913517,0.9504506587982178,0.016485221683979,1,neutral,0.0
Wheat,2014-04-20,0.48852529842406506,0.09680415876209736,0.41467052325606346,2,negative,0.46033701580017805
Wheat,2014-04-21,0.01252599991858,0.023437462747097,0.9640365242958068,1,negative,0.0
Wheat,2014-04-26,0.1247744336724281,0.8648636341094971,0.0103619853034615,1,neutral,0.0
Wheat,2014-05-02,0.2433606535196304,0.7487658262252808,0.007873541675508,1,neutral,0.0
Wheat,2014-05-04,0.7390626668930054,0.1091536581516265,0.1517836600542068,1,positive,0.0
Wheat,2014-05-06,0.6028306484222412,0.3820649683475494,0.0151043524965643,1,positive,0.0
Wheat,2014-05-11,0.0154395960271358,0.1757878512144088,0.8087725043296814,1,negative,0.0
Wheat,2014-05-26,0.1906771063804626,0.7961175441741943,0.0132052926346659,1,neutral,0.0
Wheat,2014-06-03,0.1111525148153305,0.3824720382690429,0.5063754320144653,1,negative,0.0
Wheat,2014-06-13,0.0736353145912289,0.47283440083265305,0.4535302985459566,2,neutral,0.044332209043204805
Wheat,2014-06-19,0.8226733207702637,0.1625363081693649,0.0147904064506292,1,positive,0.0
Wheat,2014-06-29,0.452390193939209,0.4676755666732788,0.0799342542886734,1,neutral,0.0
Wheat,2014-07-08,0.0087033342570066,0.024219911545515,0.96707683801651,1,negative,0.0
Wheat,2014-07-23,0.1150195822119712,0.8733153343200684,0.0116650611162185,1,neutral,0.0
Wheat,2014-07-26,0.1322223544120788,0.6983715295791626,0.1694061309099197,1,neutral,0.0
Wheat,2014-07-31,0.05740258842706675,0.6439318358898163,0.29866556823253626,2,neutral,0.02837173640727995
Wheat,2014-08-01,0.0665361881256103,0.8914204835891724,0.0420433580875396,1,neutral,0.0
Wheat,2014-08-30,0.0150367384776473,0.0865508019924163,0.8984124064445496,1,negative,0.0
Wheat,2014-09-24,0.0521987378597259,0.4494978785514831,0.4983033537864685,1,negative,0.0
Wheat,2014-09-29,0.1308553814888,0.8574256300926208,0.0117190312594175,1,neutral,0.0
Wheat,2014-10-27,0.4148347973823547,0.5753573775291443,0.0098077887669205,1,neutral,0.0
Wheat,2014-10-30,0.7358954548835754,0.2369793802499771,0.0271252002567052,1,positive,0.0
Wheat,2014-10-31,0.1226225793361663,0.8272557258605957,0.0501217432320117,1,neutral,0.0
Wheat,2014-11-16,0.0834404900670051,0.9032350182533264,0.0133245270699262,1,neutral,0.0
Wheat,2014-11-22,0.0446062572300434,0.8917592167854309,0.0636345297098159,1,neutral,0.0
Wheat,2014-12-07,0.0896889641880989,0.8345237970352173,0.0757873058319091,1,neutral,0.0
Wheat,2015-01-05,0.1080471575260162,0.5355262160301208,0.3564266264438629,1,neutral,0.0
Wheat,2015-01-20,0.0203366484493017,0.1091767624020576,0.8704866170883179,1,negative,0.0
Wheat,2015-03-02,0.0178813822567462,0.0299527607858181,0.9521659016609192,1,negative,0.0
Wheat,2015-03-04,0.7815089225769043,0.2040345221757888,0.0144565440714359,1,positive,0.0
Wheat,2015-03-09,0.5406539440155029,0.3941487967967987,0.0651972666382789,1,positive,0.0
Wheat,2015-03-11,0.0158068872988224,0.0220311637967824,0.9621619582176208,1,negative,0.0
Wheat,2015-03-12,0.0280460454523563,0.6585166454315186,0.313437283039093,1,neutral,0.0
Wheat,2015-03-14,0.0095178857445716,0.0243667252361774,0.966115415096283,1,negative,0.0
Wheat,2015-03-22,0.0156633574515581,0.1658418327569961,0.8184947967529297,1,negative,0.0
Wheat,2015-03-31,0.0097425198182463,0.0314325653016567,0.9588248133659364,1,negative,0.0
Wheat,2015-04-02,0.0456451177597045,0.9186252355575562,0.0357296541333198,1,neutral,0.0
Wheat,2015-04-05,0.03707979992032045,0.9203979671001434,0.042522223666310255,2,neutral,0.0023503936827182492
Wheat,2015-04-07,0.010076224571093851,0.0425076084211468,0.9474162459373474,2,negative,0.00296363909728825
Wheat,2015-04-08,0.4080853844061494,0.2090446203947067,0.3828699612058699,2,positive,0.3820905899628997
Wheat,2015-04-09,0.0434330031275749,0.0526024028658866,0.9039645791053772,1,negative,0.0
Wheat,2015-04-12,0.2416485697031021,0.0694345906376838,0.6889168620109558,1,negative,0.0
Wheat,2015-04-14,0.0264426162466406,0.49115734361112107,0.4824000746011734,2,neutral,0.0136935906484723
Wheat,2015-04-16,0.17162910383194685,0.34216661658138037,0.4862043191678822,2,neutral,0.15935247857123616
Wheat,2015-04-17,0.3982622623443603,0.5768459439277649,0.0248918253928422,1,neutral,0.0
Wheat,2015-04-18,0.053394490852951955,0.4731868952512741,0.47341862320899963,2,negative,0.02607112936675545
Wheat,2015-04-19,0.23157976195216176,0.3343696668744087,0.43405057303607464,2,negative,0.19548671320080754
Wheat,2015-04-21,0.0105505716055631,0.0322835445404052,0.9571659564971924,1,negative,0.0
Wheat,2015-04-22,0.01935311593115325,0.3476945227012038,0.6329523473978043,2,neutral,0.012588003650307648
Wheat,2015-04-23,0.1767817884683609,0.8140079975128174,0.0092101963236927,1,neutral,0.0
Wheat,2015-04-25,0.026437461376190147,0.259569764137268,0.7139927539974451,4,negative,0.024260709775543704
Wheat,2015-04-26,0.039755114043752295,0.37480511764685315,0.5854397962490717,3,negative,0.009693178201024536
Wheat,2015-04-29,0.04038948565721507,0.4180651207764943,0.5415453712145487,3,negative,0.016062815727877468
Wheat,2015-04-30,0.448210060596466,0.536851167678833,0.0149387521669268,1,neutral,0.0
Wheat,2015-05-01,0.0345021076500415,0.9197295904159546,0.0457683056592941,1,neutral,0.0
Wheat,2015-05-02,0.0493554435670375,0.9186106324195862,0.0320339389145374,1,neutral,0.0
Wheat,2015-05-03,0.3756438791751861,0.5902823209762573,0.0340737588703632,1,neutral,0.0
Wheat,2015-05-05,0.0229263231158256,0.1104866489768028,0.8665869832038879,1,negative,0.0
Wheat,2015-05-07,0.0169960334897041,0.1279852986335754,0.855018675327301,1,negative,0.0
Wheat,2015-05-09,0.08487311471253625,0.5555987358093262,0.3595281569287181,2,negative,0.05897637736052275
Wheat,2015-05-10,0.0866898149251937,0.8507477045059204,0.062562495470047,1,neutral,0.0
Wheat,2015-05-11,0.031767709801594365,0.6512812475363413,0.3169510376950105,3,neutral,0.005721209690493494
Wheat,2015-05-14,0.0229727905243635,0.1725142151117324,0.8045129776000977,1,negative,0.0
Wheat,2015-05-20,0.0116192735731601,0.0622967034578323,0.926084041595459,1,negative,0.0
Wheat,2015-06-02,0.0955446437001228,0.8660731911659241,0.0383822284638881,1,neutral,0.0
Wheat,2015-06-06,0.1102390959858894,0.8762632012367249,0.0134977325797081,1,neutral,0.0
Wheat,2015-06-22,0.0284715481102466,0.924399733543396,0.0471286512911319,1,neutral,0.0
Wheat,2015-06-29,0.125666469335556,0.1949432939291,0.6793902516365051,1,negative,0.0
Wheat,2015-07-25,0.4151264131069183,0.572117030620575,0.0127565721049904,1,neutral,0.0
Wheat,2015-07-31,0.0287577137351036,0.2771236598491668,0.6941186189651489,1,negative,0.0
Wheat,2015-08-30,0.0731565952301025,0.8701879382133484,0.0566554963588714,1,neutral,0.0
Wheat,2015-09-06,0.017977274954319,0.067475326359272,0.9145473837852478,1,negative,0.0
Wheat,2015-09-07,0.0671568736433982,0.9099538326263428,0.0228892918676137,1,neutral,0.0
Wheat,2015-09-26,0.1097614094614982,0.80449378490448,0.0857448056340217,1,neutral,0.0
Wheat,2015-11-09,0.8960853219032288,0.0727554336190223,0.0311591941863298,1,positive,0.0
Wheat,2015-11-11,0.0103663904592394,0.0355654917657375,0.9540681838989258,1,negative,0.0
Wheat,2015-11-14,0.0126207377761602,0.0979797914624214,0.889399528503418,1,negative,0.0
Wheat,2015-12-05,0.0995484851300716,0.5112332329154015,0.3892182717099785,2,neutral,0.0678203739225864
Wheat,2015-12-07,0.0301680490374565,0.6429055333137512,0.3269264698028564,1,neutral,0.0
Wheat,2015-12-08,0.14547465741634366,0.8252731561660767,0.029252193247278468,3,neutral,0.08516731296652619
Wheat,2015-12-27,0.0312302000820636,0.1872597634792328,0.781510055065155,1,negative,0.0
Wheat,2015-12-29,0.4766910076141357,0.4981188774108886,0.0251901075243949,1,neutral,0.0
Wheat,2016-01-02,0.0674712359905242,0.4295940399169922,0.5029347538948059,1,negative,0.0
Wheat,2016-01-04,0.0180640630424022,0.1030219793319702,0.878913938999176,1,negative,0.0
Wheat,2016-01-07,0.0877833291888237,0.6229718923568726,0.2892447412014007,1,neutral,0.0
Wheat,2016-01-10,0.0218090675771236,0.125466376543045,0.852724552154541,1,negative,0.0
Wheat,2016-01-12,0.0108659826219081,0.0648710578680038,0.9242628812789916,1,negative,0.0
Wheat,2016-01-30,0.0429631061851978,0.906058430671692,0.0509784519672393,1,neutral,0.0
Wheat,2016-02-15,0.04133309423923485,0.8300348818302155,0.1286319904029369,2,neutral,0.0005353875458240509
Wheat,2016-02-20,0.050319980829954106,0.3814128488302231,0.5682671666145325,2,negative,0.0018325671553611998
Wheat,2016-03-04,0.0238631088286638,0.2162873148918151,0.7598495483398438,1,negative,0.0
Wheat,2016-03-07,0.0102408220991492,0.0539926625788211,0.9357665181159972,1,negative,0.0
Wheat,2016-03-10,0.0348138883709907,0.936247169971466,0.0289388913661241,1,neutral,0.0
Wheat,2016-03-13,0.0168601833283901,0.1902895718812942,0.7928502559661865,1,negative,0.0
Wheat,2016-03-14,0.0119070578366518,0.0486520454287529,0.939440906047821,1,negative,0.0
Wheat,2016-03-18,0.0704725831747055,0.9061777591705322,0.0233496949076652,1,neutral,0.0
Wheat,2016-03-20,0.8244602680206299,0.1386658847332,0.0368738211691379,1,positive,0.0
Wheat,2016-03-26,0.0115450033918023,0.0233092717826366,0.9651456475257874,1,negative,0.0
Wheat,2016-03-29,0.4235562672838568,0.2225531488656997,0.35389060620218515,2,positive,0.40086382720619446
Wheat,2016-04-03,0.1466785222291946,0.723660409450531,0.1296610832214355,1,neutral,0.0
Wheat,2016-04-05,0.40285304514691234,0.1686168164014816,0.4285301454365253,2,negative,0.3872851994819939
Wheat,2016-04-14,0.0501031093299388,0.9319448471069336,0.0179520454257726,1,neutral,0.0
Wheat,2016-04-15,0.0338873453438282,0.4905894100666046,0.4755232632160187,1,neutral,0.0
Wheat,2016-04-18,0.0146513115614652,0.1632650345563888,0.8220836520195007,1,negative,0.0
Wheat,2016-04-21,0.7253125905990601,0.2616280317306518,0.0130593376234173,1,positive,0.0
Wheat,2016-04-22,0.0094517171382904,0.0520081184804439,0.9385401606559752,1,negative,0.0
Wheat,2016-04-23,0.0154906660318374,0.1399445831775665,0.8445647954940796,1,negative,0.0
Wheat,2016-04-27,0.3776489794254303,0.6129763126373291,0.0093746734783053,1,neutral,0.0
Wheat,2016-05-04,0.0380856841802597,0.0962112173438072,0.8657030463218689,1,negative,0.0
Wheat,2016-05-08,0.2701258659362793,0.6360897421836853,0.0937844142317771,1,neutral,0.0
Wheat,2016-05-21,0.0336452834308147,0.0831230878829956,0.883231520652771,1,negative,0.0
Wheat,2016-06-04,0.2703506648540497,0.6984847784042358,0.0311646126210689,2,neutral,0.0
Wheat,2016-06-25,0.0333742462098598,0.80142742395401,0.1651983708143234,1,neutral,0.0
Wheat,2016-07-30,0.0260766185820102,0.9266600012779236,0.04726342856884,1,neutral,0.0
Wheat,2016-08-01,0.034891914576292,0.913131833076477,0.0519762858748436,1,neutral,0.0
Wheat,2016-08-02,0.0619323784485459,0.2025089785456657,0.7355586290359497,2,negative,0.038809052668511895
Wheat,2016-08-08,0.0453801676630973,0.1290918290615081,0.8255280256271362,1,negative,0.0
Wheat,2016-08-13,0.9379549026489258,0.0252505764365196,0.0367945358157157,1,positive,0.0
Wheat,2016-09-29,0.0323854349553585,0.3185015022754669,0.6491130590438843,1,negative,0.0
Wheat,2016-10-17,0.0136259282007813,0.0536439679563045,0.9327300786972046,1,negative,0.0
Wheat,2016-11-04,0.08465363085269925,0.8146502077579498,0.10069616045802825,2,neutral,0.0012443885207176486
Wheat,2016-11-05,0.0531023927032947,0.9193987250328064,0.0274988524615764,1,neutral,0.0
Wheat,2016-11-07,0.0712902322411537,0.7417272329330444,0.1869825273752212,1,neutral,0.0
Wheat,2016-11-17,0.1187318637967109,0.0342844575643539,0.8469836115837097,1,negative,0.0
Wheat,2016-11-22,0.1972957998514175,0.7539244294166565,0.0487797521054744,1,neutral,0.0
Wheat,2016-12-18,0.0909044742584228,0.8955991268157959,0.0134963514283299,1,neutral,0.0
Wheat,2016-12-22,0.104420892894268,0.5810300707817078,0.3145490288734436,1,neutral,0.0
Wheat,2016-12-25,0.079404704272747,0.8912397623062134,0.0293555483222007,1,neutral,0.0
Wheat,2017-01-03,0.3573713302612304,0.4807639531791211,0.16186471469700334,2,neutral,0.31337821483612066
Wheat,2017-01-05,0.053223802708089296,0.4791359528899193,0.46764023043215264,2,neutral,0.0422238195315003
Wheat,2017-01-23,0.1321659237146377,0.8576363325119019,0.010197676718235,1,neutral,0.0
Wheat,2017-01-27,0.9462434649467468,0.0275932867079973,0.0261633023619651,1,positive,0.0
Wheat,2017-01-28,0.8259945511817932,0.0388419069349765,0.1351636350154876,1,positive,0.0
Wheat,2017-02-16,0.0488667748868465,0.9073472023010254,0.0437860675156116,1,neutral,0.0
Wheat,2017-02-28,0.099861092865467,0.8833613395690918,0.0167775228619575,1,neutral,0.0
Wheat,2017-03-05,0.0181310959160327,0.1748166233301162,0.8070523142814636,1,negative,0.0
Wheat,2017-03-07,0.0406846441328525,0.2749991118907928,0.6843162178993225,1,negative,0.0
Wheat,2017-03-10,0.0120113212615251,0.0286358501762151,0.9593528509140016,1,negative,0.0
Wheat,2017-03-11,0.0102639375254511,0.0430301129817962,0.9467059373855592,1,negative,0.0
Wheat,2017-03-13,0.0160967502743005,0.0429745055735111,0.9409288167953492,1,negative,0.0
Wheat,2017-03-16,0.0639915540814399,0.9197842478752136,0.0162241831421852,1,neutral,0.0
Wheat,2017-03-23,0.1558622419834137,0.8290507793426514,0.0150869097560644,1,neutral,0.0
Wheat,2017-03-28,0.2679801881313324,0.2285235077142715,0.5034963488578796,1,negative,0.0
Wheat,2017-03-29,0.0380185097455978,0.9309031963348388,0.0310783255845308,1,neutral,0.0
Wheat,2017-03-31,0.0386502780020237,0.945197820663452,0.0161519423127174,1,neutral,0.0
Wheat,2017-04-06,0.051772460341453504,0.45964574627578253,0.48858177755028004,2,neutral,0.0399154499173164
Wheat,2017-04-10,0.0118756899610161,0.0733203068375587,0.914803981781006,1,negative,0.0
Wheat,2017-04-11,0.0248260032385587,0.9433262348175048,0.0318477749824523,1,neutral,0.0
Wheat,2017-04-12,0.021517049986869048,0.4974784273654223,0.48100448399782186,2,negative,0.00846578506752845
Wheat,2017-04-16,0.00931943859905,0.0516982413828372,0.9389823079109192,1,negative,0.0
Wheat,2017-04-19,0.4860130874440074,0.1583962552249431,0.3555907495319843,2,negative,0.4596380265429616
Wheat,2017-04-21,0.1026882529258728,0.8707966804504395,0.0265150852501392,1,neutral,0.0
Wheat,2017-04-24,0.03962660999968645,0.07429780997335905,0.8860755562782288,2,negative,0.025814864318817854
Wheat,2017-04-25,0.0158021766692399,0.1052302122116088,0.8789676427841187,1,negative,0.0
Wheat,2017-05-02,0.0422555357217788,0.6350498199462891,0.3226945996284485,1,neutral,0.0
Wheat,2017-05-04,0.0286119971424341,0.2073902487754821,0.7639977931976318,1,negative,0.0
Wheat,2017-05-10,0.0292458496987819,0.283653050661087,0.6871010661125183,1,negative,0.0
Wheat,2017-05-12,0.127709299325943,0.020235139876604,0.852055549621582,1,negative,0.0
Wheat,2017-05-13,0.0574755258858203,0.2997716069221496,0.6427528262138367,1,negative,0.0
Wheat,2017-05-22,0.5952715533785522,0.17197281029075379,0.2327556340023875,4,positive,0.3597669551384498
Wheat,2017-07-13,0.924437940120697,0.0367193780839443,0.0388426296412944,1,positive,0.0
Wheat,2017-08-05,0.0150299100205302,0.0505143925547599,0.934455633163452,1,negative,0.0
Wheat,2017-08-10,0.0224503092467784,0.500106930732727,0.4774427413940429,1,neutral,0.0
Wheat,2017-08-17,0.017174569889903,0.0503538735210895,0.9324716329574584,1,negative,0.0
Wheat,2017-09-04,0.0636199340224266,0.167060986161232,0.7693190574645996,2,negative,0.0
Wheat,2017-10-31,0.6163872480392456,0.3694521784782409,0.0141606293618679,1,positive,0.0
Wheat,2017-11-10,0.1324815452098846,0.6814767718315125,0.1860416382551193,1,neutral,0.0
Wheat,2017-11-21,0.08994747698307035,0.876669704914093,0.03338282555341715,2,neutral,0.04163452982902524
Wheat,2017-12-07,0.0164341125637292,0.1338121891021728,0.8497537970542908,1,negative,0.0
Wheat,2017-12-10,0.0282060746103525,0.0665119737386703,0.905281901359558,1,negative,0.0
Wheat,2017-12-12,0.0315912775695323,0.0112869311124086,0.9571217894554138,1,negative,0.0
Wheat,2017-12-14,0.0101727042347192,0.0550766214728355,0.9347506165504456,1,negative,0.0
Wheat,2017-12-21,0.0264735650271177,0.1426127701997757,0.8309136033058167,1,negative,0.0
Wheat,2017-12-27,0.0153755955398082,0.0487083569169044,0.9359160661697388,1,negative,0.0
Wheat,2018-01-02,0.7542873024940491,0.2357290536165237,0.0099836187437176,1,positive,0.0
Wheat,2018-01-14,0.013162643648684,0.035210333764553,0.95162695646286,1,negative,0.0
Wheat,2018-01-27,0.0111756036058068,0.0247850064188241,0.964039385318756,1,negative,0.0
Wheat,2018-02-26,0.0330614633858203,0.3205937445163727,0.646344780921936,1,negative,0.0
Wheat,2018-03-07,0.1059713289141655,0.7781158089637756,0.1159128323197364,1,neutral,0.0
Wheat,2018-03-17,0.0207910947501659,0.1644631177186966,0.8147457838058472,1,negative,0.0
Wheat,2018-03-23,0.0122407572343945,0.031108696013689,0.9566504955291748,1,negative,0.0
Wheat,2018-03-29,0.0103083783760666,0.0382897108793258,0.951401948928833,1,negative,0.0
Wheat,2018-03-31,0.0374282896518707,0.8799747228622437,0.082597017288208,1,neutral,0.0
Wheat,2018-04-02,0.3465563952922821,0.6038618087768555,0.0495818257331848,1,neutral,0.0
Wheat,2018-04-04,0.0248208940029144,0.0514024272561073,0.9237766861915588,1,negative,0.0
Wheat,2018-04-05,0.7783039808273315,0.2108194380998611,0.0108765745535492,1,positive,0.0
Wheat,2018-04-06,0.08868146377305186,0.5434328044454256,0.36788571253418917,3,neutral,0.05434042217175719
Wheat,2018-04-11,0.0570835744341214,0.914123515288035,0.028792881096402767,3,neutral,0.02131225724671433
Wheat,2018-04-14,0.0914548859000206,0.8918745517730713,0.0166705325245857,1,neutral,0.0
Wheat,2018-04-19,0.01646762853488325,0.0480695813894271,0.9354628026485444,2,negative,0.002368236426264051
Wheat,2018-04-21,0.425447404384613,0.5370372831821442,0.0375153003260493,2,neutral,0.27991360425949097
Wheat,2018-04-22,0.2406638711690902,0.4327608048915863,0.326575368642807,1,neutral,0.0
Wheat,2018-04-24,0.23077330955614642,0.11881983031829192,0.6504068486392498,3,negative,0.3082114836205493
Wheat,2018-04-25,0.0858645876869559,0.42957485839724535,0.48456051480025053,2,negative,0.07397359702736139
Wheat,2018-04-26,0.0538140423595905,0.9103339314460754,0.0358519740402698,1,neutral,0.0
Wheat,2018-04-28,0.01639393158257,0.0610593892633914,0.922546684741974,1,negative,0.0
Wheat,2018-04-30,0.0159137789160013,0.412331223487854,0.5717549920082092,1,negative,0.0
Wheat,2018-05-01,0.2629744531586766,0.1055437177419662,0.6314818263053894,2,positive,0.2461327789351344
Wheat,2018-05-13,0.0295830555260181,0.0524308793246746,0.9179860353469848,1,negative,0.0
Wheat,2018-05-16,0.3248009085655212,0.6582126617431641,0.0169864259660244,1,neutral,0.0
Wheat,2018-05-17,0.0095893945544958,0.032733965665102,0.9576765894889832,1,negative,0.0
Wheat,2018-05-28,0.0533874742686748,0.5197395086288452,0.4268730282783508,1,neutral,0.0
Wheat,2018-06-27,0.0172224435955286,0.1934785544872284,0.789298951625824,1,negative,0.0
Wheat,2018-07-19,0.0539128668606281,0.928875744342804,0.0172114484012126,1,neutral,0.0
Wheat,2018-07-27,0.0606758743524551,0.8430866599082947,0.0962374806404113,1,neutral,0.0
Wheat,2018-09-10,0.0476911626756191,0.5661588907241821,0.3861499428749084,1,neutral,0.0
Wheat,2018-09-24,0.7778427600860596,0.0416450053453445,0.1805122047662735,1,positive,0.0
Wheat,2018-10-06,0.1458297669887542,0.8451604843139648,0.0090097142383456,1,neutral,0.0
Wheat,2018-10-27,0.1276107551530003,0.3930229749530554,0.47936622612178326,2,neutral,0.1073484001681209
Wheat,2018-11-02,0.0088156349956989,0.0249975994229316,0.9661867022514344,1,negative,0.0
Wheat,2019-01-04,0.2195495814085006,0.7649607062339783,0.0154897589236497,1,neutral,0.0
Wheat,2019-03-03,0.1261336356401443,0.8610451221466064,0.0128212654963135,1,neutral,0.0
Wheat,2019-03-14,0.0720338895916938,0.703253448009491,0.2247126847505569,1,neutral,0.0
Wheat,2019-03-25,0.0485287941992282,0.3468936383724212,0.6045776605606079,1,negative,0.0
Wheat,2019-04-17,0.0109575102105736,0.0284486785531044,0.9605937600135804,1,negative,0.0
Wheat,2019-04-21,0.0125960586592555,0.0957997739315033,0.8916041851043701,1,negative,0.0
Wheat,2019-04-22,0.0159704852849245,0.0288116335868835,0.9552178978919984,1,negative,0.0
Wheat,2019-04-26,0.0137161491438746,0.0766770541667938,0.9096067547798156,1,negative,0.0
Wheat,2019-04-27,0.052156027406454,0.933401882648468,0.0144420526921749,1,neutral,0.0
Wheat,2019-04-28,0.0085538318380713,0.0374893695116043,0.9539568424224854,1,negative,0.0
Wheat,2019-04-29,0.009124276228249,0.0277516618371009,0.9631240367889404,1,negative,0.0
Wheat,2019-05-01,0.0112238768488168,0.0260358601808547,0.9627402424812316,1,negative,0.0
Wheat,2019-05-07,0.1029021739959716,0.8801401853561401,0.0169576425105333,1,neutral,0.0
Wheat,2019-05-22,0.0121874082833528,0.0597180351614952,0.9280945658683776,1,negative,0.0
Wheat,2019-06-14,0.0154110677540302,0.0439588166773319,0.9406301379203796,1,negative,0.0
Wheat,2019-06-20,0.4353358447551727,0.5468522906303406,0.0178118795156478,1,neutral,0.0
Wheat,2019-08-25,0.053677313029766,0.9083479642868042,0.0379746705293655,1,neutral,0.0
Wheat,2019-09-17,0.0720342770218849,0.9005444049835205,0.0274212788790464,1,neutral,0.0
Wheat,2019-10-24,0.180001363158226,0.7202573418617249,0.0997413545846939,1,neutral,0.0
Wheat,2019-11-06,0.0371089912950992,0.8747201561927795,0.088170938193798,1,neutral,0.0
Wheat,2019-11-07,0.0544007904827594,0.930552303791046,0.0150469010695815,1,neutral,0.0
Wheat,2019-12-21,0.0243858769536018,0.8698030710220337,0.1058110147714614,1,neutral,0.0
Wheat,2020-01-16,0.0103864604607224,0.0451528839766979,0.9444605708122252,1,negative,0.0
Wheat,2020-01-24,0.9254046678543092,0.0362970046699047,0.0382983461022377,1,positive,0.0
Wheat,2020-01-30,0.0106468806043267,0.0439393222332,0.9454138875007628,1,negative,0.0
Wheat,2020-02-19,0.1950998455286026,0.7887778282165527,0.0161222759634256,1,neutral,0.0
Wheat,2020-03-07,0.0231121536344289,0.3478714823722839,0.6290163993835449,2,negative,0.0
Wheat,2020-03-09,0.0089663947001099,0.0316067822277545,0.9594268798828124,1,negative,0.0
Wheat,2020-03-21,0.0451912358403205,0.1387747526168823,0.8160339593887329,1,negative,0.0
Wheat,2020-03-27,0.2471174001693725,0.7428889274597168,0.0099936593323946,1,neutral,0.0
Wheat,2020-03-31,0.154423177242279,0.8341369032859802,0.0114398598670959,1,neutral,0.0
Wheat,2020-04-03,0.0274308882653713,0.0733547955751419,0.8992142677307129,1,negative,0.0
Wheat,2020-04-04,0.0532879643142223,0.9013856649398804,0.0453263744711875,1,neutral,0.0
Wheat,2020-04-05,0.0123856663703918,0.1288943439722061,0.8587200045585632,1,negative,0.0
Wheat,2020-04-08,0.0186077691614627,0.0673853456974029,0.9140068888664246,1,negative,0.0
Wheat,2020-04-10,0.055435299873352,0.9285604953765868,0.0160041693598032,1,neutral,0.0
Wheat,2020-04-13,0.6790353655815125,0.3039321601390838,0.0170324146747589,1,positive,0.0
Wheat,2020-04-14,0.45476535707712173,0.5311287119984627,0.014105961658060499,2,neutral,0.38863243907690054
Wheat,2020-04-15,0.0995489954948425,0.8886466026306152,0.0118044419214129,1,neutral,0.0
Wheat,2020-04-16,0.11409276351332659,0.8359478712081909,0.049959325231611645,2,neutral,0.016462836414575598
Wheat,2020-04-20,0.019562269095331347,0.240318052470684,0.7401197254657745,2,negative,0.00961201591417195
Wheat,2020-04-22,0.095134787261486,0.5269941911101341,0.37787103652954096,2,neutral,0.05652173608541491
Wheat,2020-04-23,0.122256763279438,0.8398511409759521,0.0378920808434486,1,neutral,0.0
Wheat,2020-04-25,0.0602530352771282,0.9280884265899658,0.0116585670039057,1,neutral,0.0
Wheat,2020-05-02,0.1896219402551651,0.7969128489494324,0.0134652107954025,1,neutral,0.0
Wheat,2020-05-11,0.0867603123188018,0.9018591046333312,0.011380567215383,1,neutral,0.0
Wheat,2020-05-13,0.0169920120388269,0.0097694331780076,0.9732385873794556,1,negative,0.0
Wheat,2020-05-17,0.06000704877078525,0.4852242805063724,0.45476866047829384,2,neutral,0.04107814468443395
Wheat,2020-05-24,0.8397929072380066,0.1465401798486709,0.0136670172214508,1,positive,0.0
Wheat,2020-05-25,0.0108441775664687,0.0289799775928258,0.9601757526397704,1,negative,0.0
Wheat,2020-05-27,0.017839889973402,0.0905993729829788,0.8915606737136841,1,negative,0.0
Wheat,2020-05-29,0.0396669954061508,0.9410999417304992,0.0192330852150917,1,neutral,0.0
Wheat,2020-06-01,0.192722350358963,0.7953876256942749,0.0118900686502456,1,neutral,0.0
Wheat,2020-06-03,0.0225483663380146,0.1475404947996139,0.8299112319946289,1,negative,0.0
Wheat,2020-06-05,0.03403795976191755,0.782071053981781,0.1838909815996885,2,neutral,0.010815585963428048
Wheat,2020-06-12,0.0763464197516441,0.9074791967868804,0.016174382995814002,2,neutral,0.006948105990886695
Wheat,2020-06-15,0.1126743033528328,0.8736053705215454,0.0137202739715576,1,neutral,0.0
Wheat,2020-06-18,0.9411748051643372,0.0415732264518737,0.0172518882900476,1,positive,0.0
Wheat,2020-06-24,0.0240364503115415,0.4585920572280884,0.5173715353012085,1,negative,0.0
Wheat,2020-06-27,0.0916281193494796,0.4364295601844787,0.4719423949718475,2,negative,0.0
Wheat,2020-06-30,0.9286199808120728,0.0379364006221294,0.0334435999393463,3,positive,0.0
Wheat,2020-07-09,0.0580166913568973,0.7737006545066833,0.1682827025651931,1,neutral,0.0
Wheat,2020-07-10,0.0821505486965179,0.2130434662103653,0.7048059701919556,1,negative,0.0
Wheat,2020-07-28,0.3471158146858215,0.6354372501373291,0.0174469333142042,1,neutral,0.0
Wheat,2020-08-09,0.0230880044400692,0.146373763680458,0.8305382132530212,1,negative,0.0
Wheat,2020-09-01,0.0155501067638397,0.11297208070755,0.8714778423309326,1,negative,0.0
Wheat,2020-09-18,0.92680424451828,0.0595635920763015,0.0136321848258376,1,positive,0.0
Wheat,2020-09-19,0.0179097913205623,0.0728902518749237,0.9091999530792236,1,negative,0.0
Wheat,2020-09-22,0.0577883347868919,0.9125722646713256,0.029639346525073,1,neutral,0.0
Wheat,2020-09-26,0.3608627021312713,0.6260741353034973,0.0130631104111671,1,neutral,0.0
Wheat,2020-09-29,0.2290655076503753,0.7613839507102966,0.0095505584031343,1,neutral,0.0
Wheat,2020-11-02,0.2297890335321426,0.7554785013198853,0.0147325135767459,1,neutral,0.0
Wheat,2020-11-04,0.1166696101427078,0.8615732789039612,0.0217571165412664,1,neutral,0.0
Wheat,2020-12-08,0.0140427788719534,0.0421464182436466,0.9438108801841736,1,negative,0.0
Wheat,2020-12-10,0.0144874239340424,0.0848360806703567,0.9006764888763428,1,negative,0.0
Wheat,2021-01-03,0.0106851309537887,0.0686419829726219,0.92067289352417,1,negative,0.0
Wheat,2021-01-05,0.5017897486686707,0.4836873710155487,0.0145228952169418,1,positive,0.0
Wheat,2021-01-06,0.5017897486686707,0.4836873710155487,0.0145228952169418,1,positive,0.0
Wheat,2021-01-30,0.076789379119873,0.909891664981842,0.0133189298212528,1,neutral,0.0
Wheat,2021-02-02,0.8108347058296204,0.177640363574028,0.0115249771624803,1,positive,0.0
Wheat,2021-02-27,0.0376290958374738,0.19317132979631418,0.7691995799541473,2,negative,0.00035543181002140045
Wheat,2021-02-28,0.0580947361886501,0.2814406454563141,0.6604646444320679,1,negative,0.0
Wheat,2021-03-01,0.0160529185086488,0.0880118831992149,0.8959351778030396,1,negative,0.0
Wheat,2021-03-11,0.012600690126419,0.0446145832538604,0.9427847266197203,1,negative,0.0
Wheat,2021-03-22,0.167345330119133,0.8225448727607727,0.0101097859442234,1,neutral,0.0
Wheat,2021-03-24,0.2688458263874054,0.7190132141113281,0.0121409744024276,1,neutral,0.0
Wheat,2021-03-31,0.049261998385190894,0.9287301003932953,0.022007890045642797,2,neutral,0.0010937638580798999
Wheat,2021-04-01,0.0366344563663005,0.9303633570671082,0.0330021940171718,1,neutral,0.0
Wheat,2021-04-02,0.7131137251853943,0.27427287399768824,0.0126133444719016,2,positive,0.1272568702697754
Wheat,2021-04-03,0.32229009798417485,0.35160495837529493,0.32610495450596017,3,negative,0.40827280236594304
Wheat,2021-04-04,0.039691469632089096,0.47933087684214104,0.480977633036673,2,negative,0.0164549509063363
Wheat,2021-04-05,0.0702563002705574,0.9167211055755616,0.0130225624889135,1,neutral,0.0
Wheat,2021-04-06,0.0375380963087081,0.926932156085968,0.0355297029018402,1,neutral,0.0
Wheat,2021-04-07,0.1354809701442718,0.8553303778171539,0.009188672993332099,2,neutral,0.0530770272016525
Wheat,2021-04-08,0.01693181833252305,0.46275191754102707,0.5203162878751755,2,neutral,0.00429080286994575
Wheat,2021-04-10,0.16563928499817848,0.8067441940307617,0.027616525813937143,5,neutral,0.14551733753382928
Wheat,2021-04-11,0.06393686868250364,0.5224041938781738,0.4136589402332902,2,negative,0.04042847268283365
Wheat,2021-04-12,0.0574737079441547,0.9263211488723756,0.0162051506340503,1,neutral,0.0
Wheat,2021-04-13,0.160226609557867,0.8061867952346802,0.03358662966638795,2,neutral,0.0756741352379322
Wheat,2021-04-14,0.01792998239398,0.1548594683408737,0.827210545539856,1,negative,0.0
Wheat,2021-04-17,0.0569027569144964,0.5029714107513427,0.44012576807290316,2,neutral,0.019933128729462603
Wheat,2021-04-18,0.04260863433592017,0.40597775811329484,0.5514135975390673,4,negative,0.04011066732134265
Wheat,2021-04-19,0.25030379649251694,0.5572341471910477,0.19246206264942883,5,neutral,0.2271055409073422
Wheat,2021-04-20,0.21089723830421758,0.4694265127182007,0.31967623562862474,3,neutral,0.1324202285621572
Wheat,2021-04-22,0.0693899765610694,0.914025604724884,0.0165844392031431,1,neutral,0.0
Wheat,2021-04-23,0.0169941075146198,0.0301844757050275,0.9528213739395142,1,negative,0.0
Wheat,2021-04-25,0.0834554489701986,0.8988542854785919,0.017690333537757348,2,neutral,0.033961528912186595
Wheat,2021-04-27,0.0182825028896331,0.0612769983708858,0.9204405546188354,1,negative,0.0
Wheat,2021-04-29,0.5311909914016724,0.4488791925832629,0.0199297810904681,2,neutral,0.4174340963363648
Wheat,2021-04-30,0.9197902083396912,0.0663803070783615,0.0138295488432049,1,positive,0.0
Wheat,2021-05-05,0.1272399574518203,0.862201452255249,0.0105586042627692,1,neutral,0.0
Wheat,2021-05-07,0.0511587709188461,0.0727948769927024,0.876046359539032,1,negative,0.0
Wheat,2021-05-10,0.4813583232462406,0.505715049803257,0.01292664185166355,2,neutral,0.3684559129178524
Wheat,2021-05-12,0.0581722632050514,0.9133546352386476,0.0284731332212686,1,neutral,0.0
Wheat,2021-05-19,0.0684124585241079,0.8565153479576111,0.0750721953809261,2,neutral,0.025960223749279997
Wheat,2021-06-02,0.0242525339126586,0.0784296691417694,0.8973177075386047,1,negative,0.0
Wheat,2021-06-03,0.0810745805501937,0.9075191617012024,0.0114062037318944,1,neutral,0.0
Wheat,2021-06-04,0.16820128262043,0.1131449863314628,0.7186537384986877,1,negative,0.0
Wheat,2021-06-05,0.0443270541727542,0.935942769050598,0.0197301413863897,1,neutral,0.0
Wheat,2021-06-13,0.5115364417433739,0.47676577791571617,0.0116977435536682,2,neutral,0.37635401636362076
Wheat,2021-06-28,0.1249161511659622,0.8612919449806213,0.0137919578701257,1,neutral,0.0
Wheat,2021-07-06,0.8262901902198792,0.1653663516044616,0.0083434525877237,1,positive,0.0
Wheat,2021-07-07,0.0329948961734771,0.9402840733528136,0.0267210360616445,1,neutral,0.0
Wheat,2021-07-11,0.0595530606806278,0.9254555702209472,0.0149913346394896,1,neutral,0.0
Wheat,2021-07-22,0.5027124285697937,0.0434400886297225,0.4538475275039673,1,positive,0.0
Wheat,2021-07-28,0.1397122293710708,0.6769615411758423,0.1833262592554092,1,neutral,0.0
Wheat,2021-08-09,0.0331814624369144,0.512156069278717,0.4546624422073364,1,neutral,0.0
Wheat,2021-08-10,0.0307102166116237,0.9365035891532898,0.0327862463891506,1,neutral,0.0
Wheat,2021-08-31,0.0662226378917694,0.91890686750412,0.0148704471066594,1,neutral,0.0
Wheat,2021-09-13,0.9196555614471436,0.0692344531416893,0.0111099071800708,1,positive,0.0
Wheat,2021-09-20,0.1084397062659263,0.8740853667259216,0.017474889755249,1,neutral,0.0
Wheat,2021-09-29,0.1918433904647827,0.7992017865180969,0.0089548686519265,1,neutral,0.0
Wheat,2021-10-09,0.176356703042984,0.805219829082489,0.0184234660118818,1,neutral,0.0
Wheat,2021-10-17,0.0901520252227783,0.8713874220848083,0.0384605638682842,1,neutral,0.0
Wheat,2021-10-19,0.1920240372419357,0.7695844769477844,0.0383914187550544,2,neutral,0.0
Wheat,2021-10-22,0.4200801849365234,0.5484756827354431,0.031444102525711,1,neutral,0.0
Wheat,2021-11-12,0.0091540412977337,0.036564327776432,0.9542815089225768,1,negative,0.0
Wheat,2021-11-13,0.703288733959198,0.0458009392023086,0.2509103417396545,1,positive,0.0
Wheat,2022-01-10,0.8306876023610433,0.15567963073650995,0.013632761624952134,3,positive,0.14739652057027877
Wheat,2022-01-23,0.2979277670383453,0.6859029531478882,0.0161693338304758,2,neutral,0.0
Wheat,2022-02-03,0.0286635141819715,0.946346640586853,0.0249898787587881,1,neutral,0.0
Wheat,2022-02-06,0.0250316020101308,0.9439328908920288,0.0310354772955179,1,neutral,0.0
Wheat,2022-02-28,0.1041881889104843,0.8519570827484131,0.0438547618687152,1,neutral,0.0
Wheat,2022-03-04,0.0449574254453182,0.9380375146865844,0.0170049928128719,1,neutral,0.0
Wheat,2022-03-06,0.0203599818050861,0.0415546037256717,0.9380854964256288,1,negative,0.0
Wheat,2022-03-11,0.1226000785827636,0.8605310320854187,0.016868831589818,1,neutral,0.0
Wheat,2022-03-14,0.2267191261053085,0.752193808555603,0.0210870541632175,1,neutral,0.0
Wheat,2022-03-23,0.4453083276748657,0.5361384153366089,0.0185532309114933,1,neutral,0.0
Wheat,2022-03-25,0.3948118593543768,0.5226258598268032,0.0825623348355293,2,positive,0.3564631436020136
Wheat,2022-03-28,0.0497821606695652,0.935168445110321,0.01504941098392,1,neutral,0.0
Wheat,2022-03-29,0.05376372486352913,0.913938065369924,0.0322982346018155,3,neutral,0.016473346327754813
Wheat,2022-03-30,0.1557698994874954,0.828696072101593,0.0155339809134602,1,neutral,0.0
Wheat,2022-04-02,0.04923090711236,0.93775075674057,0.0130183175206184,1,neutral,0.0
Wheat,2022-04-03,0.2326808869838714,0.7485120892524719,0.0188070144504308,1,neutral,0.0
Wheat,2022-04-06,0.0141741773113608,0.0240325182676315,0.9617932438850404,1,negative,0.0
Wheat,2022-04-08,0.0143876741640269,0.024686506949365097,0.960925817489624,2,negative,0.0037236367352307008
Wheat,2022-04-10,0.0100404797121882,0.0594228133559227,0.9305367469787598,1,negative,0.0
Wheat,2022-04-11,0.1789152771234512,0.7931556701660156,0.0279290080070495,1,neutral,0.0
Wheat,2022-04-12,0.0819123834371566,0.8551645874977112,0.0629230365157127,1,neutral,0.0
Wheat,2022-04-13,0.0312982685863971,0.4163636863231659,0.5523380041122437,1,negative,0.0
Wheat,2022-04-15,0.0852298885583877,0.8940015435218811,0.0207684990018606,1,neutral,0.0
Wheat,2022-04-16,0.5498425364494324,0.4358662068843841,0.0142912492156028,1,positive,0.0
Wheat,2022-04-17,0.03392292233183975,0.078684639185667,0.8873924612998962,2,negative,0.02165008662268515
Wheat,2022-04-18,0.31228367487589515,0.559678703546524,0.12803762406110755,3,neutral,0.3530089569041997
Wheat,2022-04-21,0.017354404553771,0.0410485081374645,0.941597044467926,1,negative,0.0
Wheat,2022-04-22,0.0252777058631181,0.8826466202735901,0.0920757055282592,1,neutral,0.0
Wheat,2022-04-26,0.02649962343275545,0.5009051039814949,0.47259526513516903,2,negative,0.01168828271329405
Wheat,2022-04-28,0.0104846153408288,0.0327072329819202,0.9568080902099608,1,negative,0.0
Wheat,2022-04-29,0.05171893397346135,0.4875495545566082,0.460731478407979,2,neutral,0.03952305903658275
Wheat,2022-05-02,0.0247894823551177,0.0545990020036697,0.9206114411354064,1,negative,0.0
Wheat,2022-05-03,0.14576141908764836,0.44799985736608505,0.40623875334858894,2,negative,0.11055095121264455
Wheat,2022-05-04,0.04844075534492725,0.420070949010551,0.5314883664250374,4,neutral,0.019685415007758035
Wheat,2022-05-05,0.0122273676097393,0.0170640908181667,0.9707085490226746,1,negative,0.0
Wheat,2022-05-11,0.0097597977146506,0.0194304715842008,0.9708096385002136,1,negative,0.0
Wheat,2022-05-15,0.5360123477876186,0.0561930897335211,0.4077945885558923,3,positive,0.36978888183424985
Wheat,2022-05-16,0.17966052703559393,0.3357453029602766,0.4845941960811615,2,negative,0.11777338571846484
Wheat,2022-05-17,0.0464215762913227,0.0197696890681982,0.9338088035583496,1,negative,0.0
Wheat,2022-05-18,0.05596723593771455,0.0448737926781177,0.8991589546203613,2,negative,0.016341475769877448
Wheat,2022-05-19,0.0557490997016429,0.8743810653686523,0.0698698759078979,1,neutral,0.0
Wheat,2022-05-20,0.0080077731981873,0.0185457188636064,0.9734466075897216,1,negative,0.0
Wheat,2022-05-21,0.027906134724617,0.9461951851844788,0.0258987192064523,1,neutral,0.0
Wheat,2022-05-24,0.0124596417881548,0.0421980638056993,0.9453423023223877,2,negative,0.0026861508376896
Wheat,2022-05-29,0.4444845914840698,0.5468330979347229,0.0086823292076587,1,neutral,0.0
Wheat,2022-06-03,0.0086168246343731,0.025774136185646,0.9656089544296264,1,negative,0.0
Wheat,2022-06-05,0.0126595888286829,0.0495103634893894,0.937830090522766,1,negative,0.0
Wheat,2022-06-06,0.0876732692122459,0.0677889138460159,0.8445378541946411,1,negative,0.0
Wheat,2022-06-09,0.0177877377718687,0.0418693199753761,0.940342903137207,1,negative,0.0
Wheat,2022-06-16,0.1952575296163559,0.7544001340866089,0.0503422953188419,1,neutral,0.0
Wheat,2022-06-22,0.2038804739713668,0.7317396998405457,0.0643798410892486,1,neutral,0.0
Wheat,2022-06-25,0.3728592693805694,0.5977544784545898,0.0293863005936145,1,neutral,0.0
Wheat,2022-06-27,0.1317286640405655,0.8413324952125549,0.0269388817250728,1,neutral,0.0
Wheat,2022-07-06,0.5658529102802277,0.4221860468387604,0.0119610354304313,2,neutral,0.11194494366645816
Wheat,2022-07-07,0.0248606745153665,0.0439271368086338,0.9312121868133544,1,negative,0.0
Wheat,2022-07-08,0.0336572229862213,0.4706938564777374,0.4956489205360412,1,negative,0.0
Wheat,2022-07-19,0.0232615191489458,0.1733894646167755,0.8033490180969238,1,negative,0.0
Wheat,2022-07-31,0.0234772022813558,0.0758811086416244,0.9006417393684387,1,negative,0.0
Wheat,2022-08-08,0.2172094136476516,0.7418402433395386,0.0409503318369388,1,neutral,0.0
Wheat,2022-08-18,0.0241055730730295,0.0151734743267297,0.960720956325531,1,negative,0.0
Wheat,2022-08-28,0.0551483258605003,0.4246789813041687,0.5201727151870728,1,negative,0.0
Wheat,2022-09-30,0.0964265391230583,0.1173282116651535,0.7862452864646912,1,negative,0.0
Wheat,2022-10-18,0.8236923217773438,0.1592426002025604,0.0170650109648704,1,positive,0.0
Wheat,2022-10-19,0.9396265149116516,0.0414869114756584,0.0188865512609481,1,positive,0.0
Wheat,2022-10-20,0.05465682595968245,0.924739807844162,0.020603359676897498,2,neutral,0.017540447413921353
Wheat,2022-10-27,0.0265096481889486,0.9271200299263,0.0463703460991382,1,neutral,0.0
Wheat,2022-11-13,0.1057274416089057,0.8840928673744202,0.0101797524839639,1,neutral,0.0
Wheat,2022-11-15,0.0632436871528625,0.9172906875610352,0.0194655898958444,1,neutral,0.0
Wheat,2022-11-16,0.069097027182579,0.8691258430480957,0.0617771781980991,1,neutral,0.0
Wheat,2022-11-20,0.0622096695005893,0.925004243850708,0.0127861471846699,1,neutral,0.0
Wheat,2022-11-28,0.9188084602355956,0.0413719415664672,0.0398196130990982,1,positive,0.0
Wheat,2022-12-04,0.0223142132163047,0.1679487228393554,0.8097370862960815,1,negative,0.0
Wheat,2022-12-08,0.9480888843536376,0.0354750268161296,0.016436094418168,1,positive,0.0
Wheat,2022-12-12,0.7421714067459106,0.232893168926239,0.0249354615807533,1,positive,0.0
Wheat,2022-12-22,0.0247505791485309,0.8670268654823303,0.1082226037979126,1,neutral,0.0
Wheat,2022-12-27,0.7312666773796082,0.2514771819114685,0.0172561053186655,1,positive,0.0
Wheat,2023-01-02,0.6198616623878479,0.3597086369991302,0.0204296838492155,1,positive,0.0
Wheat,2023-01-10,0.0116835078224539,0.0314148142933845,0.9569016098976136,1,negative,0.0
Wheat,2023-01-15,0.0111531363800168,0.0355505533516407,0.9532963037490844,1,negative,0.0
Wheat,2023-01-25,0.1747193038463592,0.7592865228652954,0.0659941956400871,1,neutral,0.0
Wheat,2023-01-26,0.8859251141548157,0.0452614873647689,0.0688133686780929,1,positive,0.0
Wheat,2023-01-28,0.013253903016448,0.0148231266066432,0.9719228744506836,1,negative,0.0
Wheat,2023-02-03,0.233089879155159,0.3908839523792267,0.3760261535644531,1,neutral,0.0
Wheat,2023-02-09,0.08232563547790045,0.3965913411229849,0.5210830532014369,2,neutral,0.06657464988529685
Wheat,2023-02-10,0.0504865311086177,0.1635711789131164,0.7859422564506531,1,negative,0.0
Wheat,2023-02-12,0.0688780397176742,0.7948783040046692,0.1362437307834625,1,neutral,0.0
Wheat,2023-02-13,0.0175051502883434,0.083030879497528,0.8994640111923218,1,negative,0.0
Wheat,2023-02-17,0.2046006172895431,0.7757541537284851,0.0196452941745519,1,neutral,0.0
Wheat,2023-02-18,0.1921621263027191,0.1649540811777115,0.6428837180137634,1,negative,0.0
Wheat,2023-02-19,0.0088611356914043,0.042508166283369,0.9486306309700012,1,negative,0.0
Wheat,2023-02-22,0.1246674582362175,0.8500601053237915,0.0252724271267652,1,neutral,0.0
Wheat,2023-02-24,0.4281285343070825,0.22002850100398055,0.35184299200773234,3,positive,0.3277359512429182
Wheat,2023-02-28,0.0525871366262435,0.0276954174041748,0.9197173714637756,1,negative,0.0
Wheat,2023-03-03,0.0692283064126968,0.8580637574195862,0.0727079883217811,1,neutral,0.0
Wheat,2023-03-08,0.592467188835144,0.3965116739273071,0.0110210860148072,1,positive,0.0
Wheat,2023-03-15,0.10027932003140445,0.8729638159275055,0.026756848208606198,2,neutral,0.03131603822112085
Wheat,2023-03-17,0.0137052573263645,0.1204926967620849,0.8658020496368408,1,negative,0.0
Wheat,2023-03-27,0.1095399186015129,0.8711494207382202,0.0193106271326541,1,neutral,0.0
Wheat,2023-03-29,0.0143515774980187,0.3583985865116119,0.6272497773170471,1,negative,0.0
Wheat,2023-04-03,0.0136396009474992,0.0227813385426998,0.9635790586471558,1,negative,0.0
Wheat,2023-04-04,0.5311455130577087,0.1761478334665298,0.2927066385746002,1,positive,0.0
Wheat,2023-04-05,0.0317511335015296,0.9305089712142944,0.0377399399876594,1,neutral,0.0
Wheat,2023-04-07,0.0127098094671964,0.0582818053662776,0.929008424282074,1,negative,0.0
Wheat,2023-04-08,0.0348960570991039,0.8032066226005554,0.1618973165750503,1,neutral,0.0
Wheat,2023-04-10,0.2276534736156463,0.3323094844818115,0.4400369822978973,1,negative,0.0
Wheat,2023-04-12,0.4521368145942688,0.1529427468776703,0.3949203789234161,2,positive,0.0
Wheat,2023-04-13,0.039207138121128,0.8951966166496277,0.0655962750315666,1,neutral,0.0
Wheat,2023-04-23,0.0536831058561801,0.5789551138877869,0.3673617839813232,1,neutral,0.0
Wheat,2023-04-24,0.0093122124671936,0.0263915564864873,0.964296281337738,1,negative,0.0
Wheat,2023-04-26,0.9538252353668212,0.0270586684346199,0.0191160161048173,1,positive,0.0
Wheat,2023-04-28,0.0307937432080507,0.1231984049081802,0.8460078835487366,1,negative,0.0
Wheat,2023-04-30,0.0525301471352577,0.9105674624443054,0.0369023978710174,2,neutral,0.0
Wheat,2023-05-02,0.0098612243309617,0.0319215320050716,0.958217203617096,1,negative,0.0
Wheat,2023-05-03,0.0218068733811378,0.0348583981394767,0.9433347582817078,1,negative,0.0
Wheat,2023-05-06,0.0363488048315048,0.9408692717552184,0.0227819643914699,1,neutral,0.0
Wheat,2023-05-24,0.0823845863342285,0.4485149681568146,0.46910046786069864,2,negative,0.0729343146085739
Wheat,2023-06-13,0.0296912901103496,0.2253352403640747,0.7449734210968018,1,negative,0.0
Wheat,2023-06-24,0.3410335481166839,0.1144895330071449,0.5444769263267517,1,negative,0.0
Wheat,2023-06-28,0.0552325882017612,0.4831364750862121,0.4616309106349945,1,neutral,0.0
